stop_code,stop_name,road_name,planning_area,region,boundary_dist_m,services
01012,Hotel Grand Pacific,Victoria St,ROCHOR,CENTRAL REGION,15.1,2;7;12;12e;32;33;51;61;63;80;175
01013,St. Joseph's Ch,Victoria St,ROCHOR,CENTRAL REGION,15.8,130;133;145;197;851;851e;960;960e
01019,Bras Basah Cplx,Victoria St,DOWNTOWN CORE,CENTRAL REGION,17.0,2;12;12e;33;130;133;960;960e
01029,Opp Natl Lib,Nth Bridge Rd,DOWNTOWN CORE,CENTRAL REGION,159.6,7;7A;32;51;61;63;80;145;175;197;851;851e
01039,Bugis Cube,Nth Bridge Rd,DOWNTOWN CORE,CENTRAL REGION,145.0,7;7A;32;51;61;63;80;145;175;197;851;851e
01059,Bugis Stn Exit B,Victoria St,DOWNTOWN CORE,CENTRAL REGION,31.7,2;12;33;130;133;960;960e
01109,Queen St Ter,Queen St,ROCHOR,CENTRAL REGION,126.3,170
01112,Opp Bugis Stn Exit C,Victoria St,ROCHOR,CENTRAL REGION,17.0,7;12;12e;63;80;175;197;851;851e;960;960e;980
01113,Bugis Stn Exit A,Victoria St,DOWNTOWN CORE,CENTRAL REGION,62.9,2;32;33;51;61;130;133;145
01119,Aft Bugis Stn Exit C,Victoria St,DOWNTOWN CORE,CENTRAL REGION,12.8,2;12;12e;33;130;133;960;960e
01121,Aft Victoria Ln,Victoria St,ROCHOR,CENTRAL REGION,206.0,2;7;12;32;33;51;61;63;80;130;133;145;175;197
01129,Bef Jln Pisang,Victoria St,ROCHOR,CENTRAL REGION,234.4,2;12;33;133
01139,Bugis Stn/Parkview Sq,Nth Bridge Rd,DOWNTOWN CORE,CENTRAL REGION,130.3,7;7A;32;51;61;63;80;145;175;197;851;851e
01211,Opp Blk 461,Victoria St,KALLANG,CENTRAL REGION,63.9,2;7;12;32;33;51;61;63;80;107;107M;133;145;175;197
01219,Blk 461,Victoria St,KALLANG,CENTRAL REGION,64.7,2;12;33;107;107M;133
01229,Bef Sultan Mque,Nth Bridge Rd,ROCHOR,CENTRAL REGION,147.7,7;7A;32;51;61;63;80;145;175;197
01231,Opp Textile Ctr,Jln Sultan,ROCHOR,CENTRAL REGION,16.6,107;107M
01239,Sultan Plaza,Jln Sultan,KALLANG,CENTRAL REGION,15.0,107;107M;961;961M;980
01311,Lavender Stn Exit B,Kallang Rd,KALLANG,CENTRAL REGION,314.5,2;7;12;32;33;51;61;63;80;107;107M;133;145;175;197
01319,Lavender Stn Exit A/ICA,Kallang Rd,KALLANG,CENTRAL REGION,442.1,2;12;33;107;107M;133
01329,Blk 8,Nth Bridge Rd,KALLANG,CENTRAL REGION,234.4,7;7A;32;51;61;63;80;145;175;197;961;961M;980
01339,Bef Crawford Bridge,Crawford St,KALLANG,CENTRAL REGION,431.3,7;7A;32;51;61;63;80;100;145;175;197;961;961M;980
01341,Southbank,Crawford St,KALLANG,CENTRAL REGION,296.8,100;961;961M;980
01349,Opp Blk 4,Crawford St,KALLANG,CENTRAL REGION,167.2,100
01411,Opp St. John HQ,Beach Rd,KALLANG,CENTRAL REGION,13.6,100;961;961M;980
01419,St. John HQ,Beach Rd,DOWNTOWN CORE,CENTRAL REGION,13.4,100
01421,Opp Golden Mile Cplx,Beach Rd,KALLANG,CENTRAL REGION,14.0,100;961;961M;980
01429,Golden Mile Cplx,Beach Rd,DOWNTOWN CORE,CENTRAL REGION,13.2,100
01511,DUO,Beach Rd,DOWNTOWN CORE,CENTRAL REGION,107.8,100;107;107M;961;961M;980
01519,The Gateway,Beach Rd,DOWNTOWN CORE,CENTRAL REGION,97.2,57;100;107;107M;961;961M;980
01521,Opp Plaza Parkroyal,Beach Rd,ROCHOR,CENTRAL REGION,20.1,100;107;107M;961;961M;980
01529,Plaza Parkroyal,Beach Rd,DOWNTOWN CORE,CENTRAL REGION,12.2,100;107;107M;961;961M;980
01541,Bugis Stn Exit D,Rochor Rd,DOWNTOWN CORE,CENTRAL REGION,240.0,12e;48;57
01549,Opp Duo Residences,Ophir Rd,ROCHOR,CENTRAL REGION,13.5,12e;48
01559,Village Hotel Bugis,Ophir Rd,ROCHOR,CENTRAL REGION,16.9,12e;48;57
01611,Aft Raffles Hotel,Beach Rd,DOWNTOWN CORE,CENTRAL REGION,337.5,56;57;100;107;961;961M
01619,Esplanade Stn Exit F,Beach Rd,DOWNTOWN CORE,CENTRAL REGION,382.0,56;57;100;107;107M;961;961M
01621,Opp Shaw Twrs,Beach Rd,DOWNTOWN CORE,CENTRAL REGION,325.3,57;100;107;961;961M;980
01629,Shaw Twrs,Beach Rd,DOWNTOWN CORE,CENTRAL REGION,344.8,57;100;107;107M;961;961M
01631,Aft Beach Rd,Middle Rd,DOWNTOWN CORE,CENTRAL REGION,262.3,56;980
01639,Bef Beach Rd,Middle Rd,DOWNTOWN CORE,CENTRAL REGION,211.0,56;980
02029,Aft Esplanade Stn Exit D,Esplanade Dr,DOWNTOWN CORE,CENTRAL REGION,573.3,100;107;130;131;131A;167;647
02049,Raffles Hotel,Bras Basah Rd,DOWNTOWN CORE,CENTRAL REGION,281.0,14;14e;16;16M;36;36B;77;106;111;130;131;131A;133;167;502;502A;518;518A;648;650;652;656;660;660M;663;665;681;683;857;857B;960;960e
02051,The Float @ Marina Bay,Raffles Ave,DOWNTOWN CORE,CENTRAL REGION,305.2,960
02061,The Esplanade,Raffles Ave,DOWNTOWN CORE,CENTRAL REGION,585.9,36;36A;36B;56;70M;77;97;97e;106;111;133;195;195A;647;857;960;960e;961M
02089,Promenade Stn/Pan Pacific,Raffles Blvd,DOWNTOWN CORE,CENTRAL REGION,425.1,36;36A;36B;56;77;97;97e;107M;195;666;671;672;960;960e;961M
02101,Aft S'pore Flyer,Raffles Ave,DOWNTOWN CORE,CENTRAL REGION,92.4,56;77;97;97e;195;195A;960;960e;961M
02111,Esplanade Bridge,Esplanade Dr,DOWNTOWN CORE,CENTRAL REGION,573.6,10;57;70;100;107;130;131;167;196;647;648;650;652;656;660;660M;663;665
02119,Opp War Memorial Pk,Nicoll Highway,DOWNTOWN CORE,CENTRAL REGION,585.9,10;10e;57;70;196;196A;196e;648;650;652;656;660;660M;663;665
02141,Suntec Twr Two,Temasek Blvd,DOWNTOWN CORE,CENTRAL REGION,447.1,107M;673;675;676;677;678;679
02149,Suntec Twr Three,Temasek Blvd,DOWNTOWN CORE,CENTRAL REGION,463.0,36;36A;36B;673;675;676;677;678;679
02151,Suntec Convention Ctr,Temasek Blvd,DOWNTOWN CORE,CENTRAL REGION,663.2,36;36B;70A;70M;97;97e;106;111;133;502;502A;518;518A;647;666;671;672;857;857B
02159,Opp Suntec Convention Ctr,Temasek Blvd,DOWNTOWN CORE,CENTRAL REGION,665.6,36;36A;36B;97;97e;107M;666;671;672
02161,Aft Promenade Stn Exit C,Temasek Ave,DOWNTOWN CORE,CENTRAL REGION,411.7,36;36B;70A;70M;97;97e;106;111;133;502;502A;518;518A;647;666;671;672;673;675;676;677;678;679;857;857B
02169,Promenade Stn Exit B,Temasek Ave,DOWNTOWN CORE,CENTRAL REGION,422.5,97;97e;107M;666;671;672;673;675;676;677;678;679
02171,Opp The Ritz-Carlton,Temasek Ave,DOWNTOWN CORE,CENTRAL REGION,250.4,36;36A;36B;70A;70M;97;97e;106;111;133;502;502A;518;518A;647;666;671;672;673;675;676;677;678;679;857
02181,Supreme Ct,Parliament Pl,DOWNTOWN CORE,CENTRAL REGION,176.7,195;961;961M
03011,Fullerton Sq,Fullerton Rd,DOWNTOWN CORE,CENTRAL REGION,299.8,10;10e;57;70;100;107;130;131;167;196;196e;647;648;650;652;656;660;660M;663;665
03019,OUE Bayfront,Collyer Quay,DOWNTOWN CORE,CENTRAL REGION,342.6,10;10e;57;70;100;107;130;131;131A;167;196;196A;196e;647;648;650;652;656;660;660M;663;665
03021,Prudential Twr,Cecil St,DOWNTOWN CORE,CENTRAL REGION,119.4,57;131;167
03031,Raffles Pl Stn Exit F,Robinson Rd,DOWNTOWN CORE,CENTRAL REGION,188.4,10;10e;70;100;107;130;196;196e;647;648;650;652;656;660;660M;663;665
03041,Telok Ayer Stn Exit A,Cross St,OUTRAM,CENTRAL REGION,16.4,186;970
03059,One Raffles Quay,Raffles Quay,DOWNTOWN CORE,CENTRAL REGION,264.8,10;10e;57;70;100;107;130;131;131A;167;186;196;196A;196e;647;648;650;652;656;660;660M;663;665;970
03071,80 Robinson Rd,Robinson Rd,DOWNTOWN CORE,CENTRAL REGION,148.7,10;10e;97;97e;106;133;196;196e;646;647;648;649;650;651;652;653;654;655;656;657;660;660M;661;663;665;666;667;668;670;671;672;674;684
03111,Aft Capital Twr,Robinson Rd,DOWNTOWN CORE,CENTRAL REGION,198.0,10;10e;70;97;97e;100;106;107;130;133;196;196e;646;647;648;649;650;651;652;653;654;655;656;657;660;660M;661;663;665;666;667;668;670;671;672;674;684
03129,UIC Bldg,Shenton Way,DOWNTOWN CORE,CENTRAL REGION,274.1,10;10e;57;70;97;97e;100;106;107;130;131;131A;133;167;186;196;196A;196e;400;502;646;647;648;649;650;651;652;653;654;655;656;657;660;660M;661;663;665;666;667;668;670;671;672;673;674;675;676;677;678;679;684;970
03151,Aft Telok Ayer St,Cecil St,DOWNTOWN CORE,CENTRAL REGION,70.4,57;131;167;186;400;673;675;676;677;678;679;970
03217,Aft Straits Blvd,Shenton Way,DOWNTOWN CORE,CENTRAL REGION,375.8,10;10e;57;97;97e;100;131;131A;502;647;649;673;674;675;676;677;678;679;684
03218,Prince Edward Rd Stn Exit 2,Shenton Way,DOWNTOWN CORE,CENTRAL REGION,214.9,70;106;107;121;130;133;167;186;196;196A;196e;400;646;648;650;651;652;653;654;655;656;657;660;660M;661;663;665;666;667;668;670;671;672;970
03222,Hub Synergy Pt,Anson Rd,DOWNTOWN CORE,CENTRAL REGION,150.9,10;10e;70;97;97e;100;106;107;121;130;133;196;196e;646;647;648;649;650;673;675;676;677;678;679
03223,Tanjong Pagar Stn Exit C,Anson Rd,DOWNTOWN CORE,CENTRAL REGION,194.7,57;131;167;186;400;673;675;676;677;678;679;970
03239,Shenton Way Ter,Shenton Way,DOWNTOWN CORE,CENTRAL REGION,296.0,70;106;107;121;130;133;186;400;970
03241,Aft Enggor St,Anson Rd,DOWNTOWN CORE,CENTRAL REGION,142.1,651;652;653;654;655;656;657;660;660M;661;663;665;666;667;668;670;671;672;674;684
03331,Bef Marina Gdns Dr,Marina Blvd,MARINA SOUTH,CENTRAL REGION,12.0,400
03339,Aft Marina Gdns Dr,Central Blvd,STRAITS VIEW,CENTRAL REGION,219.3,400
03341,Bef Gdns by the Bay,Marina Gdns Dr,MARINA SOUTH,CENTRAL REGION,469.3,400
03349,Aft Gdns by the Bay,Marina Gdns Dr,MARINA SOUTH,CENTRAL REGION,509.5,400
03361,Gardens by the Bay Stn Exit 2,Marina Gdns Dr,MARINA SOUTH,CENTRAL REGION,284.3,400
03369,Gardens by the Bay Stn Exit 1,Marina Gdns Dr,MARINA SOUTH,CENTRAL REGION,186.1,400
03371,Gdns by the Bay,Marina Gdns Dr,MARINA SOUTH,CENTRAL REGION,533.9,400
03381,The Sail,Marina Blvd,DOWNTOWN CORE,CENTRAL REGION,432.0,97;97e;106;133;400;646;649;651;653;654;655;657;661;666;667;668;670;671;672;673;674;675;676;677;678;679;684
03391,Marina Bay Financial Ctr,Marina Blvd,DOWNTOWN CORE,CENTRAL REGION,463.2,97;97e;106;133;400;646;649;651;653;654;655;657;661;666;667;668;670;671;672;673;674;675;676;677;678;679;684
03411,Opp Marina Sth Pier Stn,Marina Coastal Dr,STRAITS VIEW,CENTRAL REGION,113.5,400
03419,Marina Sth Pier Stn,Marina Coastal Dr,STRAITS VIEW,CENTRAL REGION,96.4,400
03421,Marina Bay Cruise Ctr,Marina Coastal Dr,STRAITS VIEW,CENTRAL REGION,37.4,400
03501,Marina Bay Sands Theatre,Bayfront Ave,DOWNTOWN CORE,CENTRAL REGION,100.6,97;97e;106;133;666;671;672;673;675;676;677;678;679
03509,Bayfront Stn Exit B/MBS,Bayfront Ave,DOWNTOWN CORE,CENTRAL REGION,123.5,97;97e;106;133;502;502A;518;518A;666;671;672;673;675;676;677;678;679
03511,Aft Bayfront Stn Exit E,Bayfront Ave,DOWNTOWN CORE,CENTRAL REGION,180.2,97;97e;106;133;666;671;672;673;675;676;677;678;679
03519,Bayfront Stn Exit A,Bayfront Ave,DOWNTOWN CORE,CENTRAL REGION,154.6,97;97e;106;133;502;502A;518;518A;666;671;672;673;675;676;677;678;679
03529,Downtown Stn Exit E,Central Blvd,DOWNTOWN CORE,CENTRAL REGION,482.3,97;97e;106;133;502;502A;646;649;651;653;654;655;657;661;666;667;668;670;671;672;673;674;675;676;677;678;679;684
03539,Marina Bay Stn,Central Blvd,DOWNTOWN CORE,CENTRAL REGION,235.0,97;97e;106;133;400;502;502A;646;649;651;653;654;655;657;661;666;667;668;670;671;672;673;674;675;676;677;678;679;684
03549,Shenton Way Stn Exit 3,Park Street,DOWNTOWN CORE,CENTRAL REGION,376.8,400
03579,Opp Downtown Stn,Straits view,DOWNTOWN CORE,CENTRAL REGION,527.9,400
04019,Opp Bencoolen Stn Exit B,Bencoolen St,MUSEUM,CENTRAL REGION,33.6,131;131A;147;147A;166;857;857B
04029,Bef Bencoolen Stn Exit A,Bencoolen St,ROCHOR,CENTRAL REGION,135.9,64;65;139
04111,Capitol Bldg,Stamford Rd,DOWNTOWN CORE,CENTRAL REGION,108.5,7;7A;14;14A;14e;16;16M;36;36A;36B;77;106;111;131;167;175;648;650;652;656;660;660M;663;665;681;683;857
04121,SMU,Stamford Rd,MUSEUM,CENTRAL REGION,204.3,7;7A;14;14A;14e;16;16M;36;36A;36B;77;106;111;124;131;147;166;167;174;174e;175;190;648;650;652;656;660;660M;663;665;681;683;857
04142,Armenian Ch,Hill St,MUSEUM,CENTRAL REGION,18.6,2;12;12e;32;33;51;61;63;80;197
04143,Bef Stamford Rd,Hill St,MUSEUM,CENTRAL REGION,14.9,124;147;166;174;174e;190
04149,Grand Pk City Hall,Hill St,DOWNTOWN CORE,CENTRAL REGION,15.0,2;12;12e;33;147;147A;190
04151,Cath of The Good Shepherd,Victoria St,MUSEUM,CENTRAL REGION,12.8,130;133;145;197;851;851e;960;960e
04159,Aft CHIJMES,Victoria St,DOWNTOWN CORE,CENTRAL REGION,16.0,2;12;12e;33;147;147A;190
04167,City Hall Stn Exit B,Nth Bridge Rd,DOWNTOWN CORE,CENTRAL REGION,190.2,61;124;145;166;174;174e;197
04168,Aft City Hall Stn Exit B,Nth Bridge Rd,DOWNTOWN CORE,CENTRAL REGION,190.4,32;51;63;80;195;195A;851;851e;961;961M
04179,Aft Bras Basah Stn Exit A,Bras Basah Rd,MUSEUM,CENTRAL REGION,51.1,7;14;14e;16;16M;36;36B;77;106;111;131;131A;167;175;502;502A;518;518A;648;650;652;656;660;660M;663;665;681;683;857;857B
04211,Clarke Quay,River Valley Rd,SINGAPORE RIVER,CENTRAL REGION,16.2,32;54;195;195A
04219,Opp Clarke Quay,River Valley Rd,MUSEUM,CENTRAL REGION,16.4,32;54;195
04222,Clarke Quay Stn Exit E,Eu Tong Sen St,SINGAPORE RIVER,CENTRAL REGION,141.7,2;12;12e;33;51;54;61;63;80;124;145;147;166;174;174e;190;197;851;851e;961;961M
04223,Old Hill St Police Stn,Hill St,MUSEUM,CENTRAL REGION,20.9,124;145;147;166;174;174e;190;851;851e
04229,High St Ctr,Hill St,DOWNTOWN CORE,CENTRAL REGION,18.1,2;12;12e;33;147;147A;190
04239,Opp Clarke Quay Stn,New Bridge Rd,SINGAPORE RIVER,CENTRAL REGION,126.9,2;12;12e;33;54;147;147A;190
04249,Opp The Treasury,Nth Bridge Rd,DOWNTOWN CORE,CENTRAL REGION,167.3,51;61;63;80;124;145;166;174;174e;197;851;851e;961;961M
04251,Opp High St Ctr,Nth Boat Quay,DOWNTOWN CORE,CENTRAL REGION,37.7,32;195;195A
04311,Aft River Valley Rd,Clemenceau Ave,MUSEUM,CENTRAL REGION,148.7,64;123;139;143
04321,UE Sq,Clemenceau Ave,SINGAPORE RIVER,CENTRAL REGION,126.6,64;123;143
04329,Opp UE Sq,Clemenceau Ave,SINGAPORE RIVER,CENTRAL REGION,125.6,64;123;143
04331,Bef Fort Canning Stn,River Valley Rd,SINGAPORE RIVER,CENTRAL REGION,20.0,32;54;195;195A
04339,Fort Canning Stn Exit B,River Valley Rd,MUSEUM,CENTRAL REGION,10.6,32;54;195
05012,Bef Pearl's Hill Terr,Eu Tong Sen St,OUTRAM,CENTRAL REGION,200.4,54;124;143;147;166;190;851;851e;970
05013,Chinatown Stn Exit C,Eu Tong Sen St,OUTRAM,CENTRAL REGION,362.1,2;12;12e;33;61;63;80;143;197;961;961M;970
05019,Aft Duxton Plain Pk,New Bridge Rd,OUTRAM,CENTRAL REGION,203.7,2;12;12e;33;54;63;124;143;147;147A;190;851;851e;961;961M;970
05022,Aft Chinatown Stn Exit D,Eu Tong Sen St,OUTRAM,CENTRAL REGION,131.2,54;124;145;147;166;190;851;851e
05023,Opp Hong Lim Pk,Eu Tong Sen St,SINGAPORE RIVER,CENTRAL REGION,44.6,2;12;12e;33;51;61;63;80;174;174e;197;961;961M
05029,Boat Quay,Sth Bridge Rd,SINGAPORE RIVER,CENTRAL REGION,91.4,51;61;63;80;124;145;166;174;174e;197;851;851e;961;961M
05039,New Bridge Ctr,New Bridge Rd,OUTRAM,CENTRAL REGION,305.0,2;12;12e;33;54;63;124;143;147;147A;190;851;851e;961;961M;970
05049,Chinatown Stn Exit E,New Bridge Rd,OUTRAM,CENTRAL REGION,158.2,2;12;12e;33;54;143;147;147A;190
05059,Hong Lim Pk,New Bridge Rd,SINGAPORE RIVER,CENTRAL REGION,49.8,2;12;12e;33;54;147;147A;190
05069,Outram Pk Stn Exit 4,New Bridge Rd,OUTRAM,CENTRAL REGION,89.6,2;12;12e;54;124;143;147;190;961;961M
05129,Opp One Upp Pickering,Upp Pickering St,SINGAPORE RIVER,CENTRAL REGION,9.2,186;970
05131,Opp Chinatown Stn,Upp Cross St,OUTRAM,CENTRAL REGION,234.0,51;63;124;174;174e;186;851;851e;961;961M;970
05189,Opp Sri Mariamman Tp,Sth Bridge Rd,OUTRAM,CENTRAL REGION,101.2,61;166;197
05199,Opp Hong Lim Cplx,Sth Bridge Rd,OUTRAM,CENTRAL REGION,117.5,61;80;145;166;197
05239,Bef The Pinnacle @Duxton,Neil Rd,OUTRAM,CENTRAL REGION,132.8,61;166;197
05241,Opp Blk 333,Kreta Ayer Rd,OUTRAM,CENTRAL REGION,198.0,80;145
05259,Opp Maxwell Stn Exit 3,Neil Rd,OUTRAM,CENTRAL REGION,179.3,61;166;197
05269,Maxwell Stn Exit 2,Sth Bridge Rd,DOWNTOWN CORE,CENTRAL REGION,11.4,80;145
05271,Opp Fairfield Meth Ch,Tg Pagar Rd,OUTRAM,CENTRAL REGION,79.6,80;145
05319,OCBC Ctr,Church St,DOWNTOWN CORE,CENTRAL REGION,9.8,186;970
05411,Tg Pagar Plaza,Tg Pagar Rd,OUTRAM,CENTRAL REGION,8.8,80;145
05419,The Amara,Tg Pagar Rd,DOWNTOWN CORE,CENTRAL REGION,10.6,80;145
05421,Aft Craig Rd,Tg Pagar Rd,OUTRAM,CENTRAL REGION,161.4,80;145
05429,Bef Craig Rd,Tg Pagar Rd,OUTRAM,CENTRAL REGION,133.1,80;145
05431,Aft Tanjong Pagar Rd,Hoe Chiang Rd,DOWNTOWN CORE,CENTRAL REGION,65.3,80;145
05519,Blk 1G,Cantonment Rd,OUTRAM,CENTRAL REGION,21.1,121;167;196
05521,Maritime Hse,Cantonment Rd,BUKIT MERAH,CENTRAL REGION,13.9,121;167;196
05539,Opp Police Cantonment Cplx,Cantonment Rd,OUTRAM,CENTRAL REGION,13.4,121;167;196
05629,Opp Southpoint,Cantonment Rd,DOWNTOWN CORE,CENTRAL REGION,1.6,80;121;167;196
05631,Blk 16,Cantonment Link,BUKIT MERAH,CENTRAL REGION,135.3,80;121;167;196
05641,Bef Cantonment Rd,Keppel Rd,BUKIT MERAH,CENTRAL REGION,70.3,10;30;57;97;97e;100;131;145
05649,Aft Cantonment Rd,Keppel Rd,BUKIT MERAH,CENTRAL REGION,133.1,10;30;57;80;97;97e;100;131;145
05651,Aft Keppel Rd,Tg Pagar Rd,DOWNTOWN CORE,CENTRAL REGION,67.6,80;145
06011,Outram Pk Stn Exit 7,Outram Rd,BUKIT MERAH,CENTRAL REGION,15.6,33;63;121;122;174;174e;851;970
06029,Outram Pk Stn Exit 1,Outram Rd,OUTRAM,CENTRAL REGION,16.5,33;63;121;122;174;174e;851;970
06031,The Landmark Condo,Chin Swee Rd,OUTRAM,CENTRAL REGION,231.0,174;174e
06039,Blk 8,Chin Swee Rd,OUTRAM,CENTRAL REGION,201.7,174;174e
06049,Bef Outram Flyover,Outram Rd,OUTRAM,CENTRAL REGION,11.0,33;63;121;122;851;970
06051,Blk 55,Tiong Bahru Rd,BUKIT MERAH,CENTRAL REGION,104.5,5;16;16M;33;63;75;121;122;123;175;195;195A;851;970
06069,Aft Furama RiverFront,Outram Rd,OUTRAM,CENTRAL REGION,20.0,5;16;16M;75;121;123;175;195;195A;970
06071,Havelock Stn Exit 2,Zion Rd,BUKIT MERAH,CENTRAL REGION,142.0,5;16;16M;75;121;123;175;195;970
06081,Havelock Stn Exit 3,Zion Rd,BUKIT MERAH,CENTRAL REGION,173.2,5;16;16M;75;121;123;175;195;970
06129,Grand Copthorne Hotel,Kim Seng Rd,SINGAPORE RIVER,CENTRAL REGION,10.5,5;16;16M;75;175;195;195A;970
06131,Aft Blk 87,Zion Rd,BUKIT MERAH,CENTRAL REGION,76.8,5;16;16M;75;175;195;970
06141,Havelock Stn Exit 5,Havelock Rd,BUKIT MERAH,CENTRAL REGION,109.3,51;64;186
06149,Havelock Stn Exit 4,Havelock Rd,BUKIT MERAH,CENTRAL REGION,68.9,51;64;123;186
06151,Hotel Miramar,Havelock Rd,SINGAPORE RIVER,CENTRAL REGION,72.3,51;64;123;186
06159,Opp Hotel Miramar,Havelock Rd,SINGAPORE RIVER,CENTRAL REGION,125.0,51;64;123;186
06161,Blk 2,Havelock Rd,OUTRAM,CENTRAL REGION,18.2,51;64;123;186
06169,River Pl Condo,Havelock Rd,SINGAPORE RIVER,CENTRAL REGION,20.7,51;64;123;186
06171,Opp State Ct,Upp Cross St,OUTRAM,CENTRAL REGION,190.9,51;143;174;174e;186
06189,Aft Solomon St,Havelock Rd,SINGAPORE RIVER,CENTRAL REGION,9.7,51;143;174;174e;186
07011,Bef Sophia Rd,Selegie Rd,ROCHOR,CENTRAL REGION,149.6,64;65;131;139;147;166;857
07021,Selegie Ctr,Selegie Rd,ROCHOR,CENTRAL REGION,183.6,56;64;65;131;139;147;166;857
07031,Tekka Ctr,S'goon Rd,ROCHOR,CENTRAL REGION,276.5,23;64;65;67;131;139;147;857
07111,Aft Blk 672B,S'goon Rd,ROCHOR,CENTRAL REGION,178.0,23;64;65;67;131;139;147;857
07211,Aft Farrer Pk Stn Exit G,S'goon Rd,KALLANG,CENTRAL REGION,172.5,21;23;64;65;67;125;130;139;141;147;857
07221,Sri Vadapathira K Tp,S'goon Rd,KALLANG,CENTRAL REGION,412.4,21;23;64;65;125;130;139;147;857
07231,Bef Tai Hoe Hotel,Kitchener Rd,KALLANG,CENTRAL REGION,137.9,21;21A;125;130;141
07241,Bef S'goon Rd,Lavender St,KALLANG,CENTRAL REGION,560.3,145
07249,Aft Kempas Rd,Lavender St,KALLANG,CENTRAL REGION,598.0,67;141;145
07319,Aft Allenby Rd,Jln Besar,KALLANG,CENTRAL REGION,298.1,23;64;65;67;130;139;147;147A;857;857B
07329,Hoa Nam Bldg,Jln Besar,KALLANG,CENTRAL REGION,511.5,21;21A;23;64;65;67;125;130;139;141;147;147A;857;857B
07331,Aft King George's Ave,Kitchener Rd,KALLANG,CENTRAL REGION,134.9,130
07351,Arc 380,Lavender St,KALLANG,CENTRAL REGION,602.1,13;67;133;141;145
07359,Opp Arc 380,Lavender St,KALLANG,CENTRAL REGION,625.9,13;67;133;141;145
07361,Bef Kallang Bahru,Lavender St,KALLANG,CENTRAL REGION,640.7,13;67;133;141;145
07369,Aft Kallang Bahru,Lavender St,KALLANG,CENTRAL REGION,653.5,13;61;67;107;107M;133;141;145;175;961;961M
07371,Aft Kallang Rd,Lavender St,KALLANG,CENTRAL REGION,594.4,13;61;67;107;107M;133;141;145;175;961;961M
07379,Aperia/Bef Kallang Rd,Lavender St,KALLANG,CENTRAL REGION,635.6,13;61;67;107;107M;133;141;145;175;961;961M
07419,Opp Veerasamy Rd,Jln Besar,ROCHOR,CENTRAL REGION,211.0,23;64;65;67;130;139;147;147A;857;857B
07517,ibis S'pore on Bencoolen,Bencoolen St,ROCHOR,CENTRAL REGION,221.5,64;65;139
07518,Opp NAFA Campus 3,Bencoolen St,ROCHOR,CENTRAL REGION,286.3,56;131;131A;147;147A;166;857;857B;980
07529,Jln Besar Stn Exit A,Jln Besar,ROCHOR,CENTRAL REGION,150.4,23;64;65;67;130;139;147;147A;170;857;857B
07531,Rochor Stn,Rochor Canal Rd,ROCHOR,CENTRAL REGION,185.6,23;48;57;67;170;851;851e;960;960e;980
07539,Bef Rochor Stn Exit B,Sungei Rd,ROCHOR,CENTRAL REGION,297.0,48;56;57;131;131A;166;170;851;851e;960;960e;980
07551,Fu Lu Shou Cplx,Rochor Rd,ROCHOR,CENTRAL REGION,9.7,48;57;851;851e;960;960e;980
07561,Bef Waterloo St,Middle Rd,ROCHOR,CENTRAL REGION,184.4,56
07569,Aft Waterloo St,Middle Rd,ROCHOR,CENTRAL REGION,158.2,56;980
07571,Sunshine Plaza,Middle Rd,ROCHOR,CENTRAL REGION,220.0,56
07589,Ch of Our Lady of Lourdes,Ophir Rd,ROCHOR,CENTRAL REGION,49.1,48;57;130;851;851e;960;960e
08011,Opp Haw Par Glass Twr,Clemenceau Ave,MUSEUM,CENTRAL REGION,51.3,64;123;139;143
08019,Aft Haw Par Glass Twr,Clemenceau Ave,MUSEUM,CENTRAL REGION,99.1,64;123;139;143
08031,Dhoby Ghaut Stn Exit B,Penang Rd,MUSEUM,CENTRAL REGION,180.2,7;7A;14;14A;14e;16;16M;36;36A;36B;65;77;106;111;124;167;174;174e;175;190;648;650;652;656;660;660M;663;665;680;681;682;683;972;972M
08041,YMCA,Orchard Rd,MUSEUM,CENTRAL REGION,178.9,7;7A;14;14A;14e;16;16M;36;36A;36B;64;65;77;106;111;124;139;167;174;174e;175;190;648;650;652;656;660;660M;663;665;680;681;682;683;972;972M
08057,Dhoby Ghaut Stn,Orchard Rd,MUSEUM,CENTRAL REGION,117.4,7;7B;14;14e;16;16M;36;36B;77;106;111;124;167;174;174e;175;190;190A;502;502A;518;518A;648;650;652;656;660;660M;663;665;972;972A;972M
08058,Aft Dhoby Ghaut Stn,Orchard Rd,MUSEUM,CENTRAL REGION,126.4,64;65;139;680;681;682;683
08069,Bencoolen Stn Exit B,Bras Basah Rd,MUSEUM,CENTRAL REGION,48.7,7;14;14e;16;16M;36;36B;77;106;111;124;167;174;174e;175;190;502;502A;518;518A;648;650;652;656;660;660M;663;665;681;683
08079,Sch of The Arts,Prinsep St,MUSEUM,CENTRAL REGION,9.4,64;65;131;139;147;166;857
08111,Winsland Hse,Penang Rd,ORCHARD,CENTRAL REGION,70.8,7;7A;14;14A;14e;16;16M;36;36A;36B;65;77;106;111;123;124;143;167;174;174e;175;190;680;681;682;683;972;972M
08121,Somerset Stn,Somerset Rd,ORCHARD,CENTRAL REGION,151.1,7;7A;14;14A;14e;16;16M;36;36A;36B;65;77;106;111;123;124;143;167;174;174e;175;190;680;681;682;683;972;972M
08137,Orchard Plaza,Orchard Rd,ORCHARD,CENTRAL REGION,129.6,123;143;680;681;682;683
08138,Concorde Hotel S'pore,Orchard Rd,ORCHARD,CENTRAL REGION,84.1,7;7B;14;14e;16;16M;36;36B;65;77;106;111;124;167;174;174e;175;190;190A;502;502A;518;518A;972;972A;972M
09011,Opp Ngee Ann City,Orchard Turn,ORCHARD,CENTRAL REGION,104.5,14e;124;143;167;190;680;681;682;683;972;972M
09022,Orchard Stn Exit 13,Orchard Blvd,RIVER VALLEY,CENTRAL REGION,13.0,7;7A;14;16;16M;36;36A;36B;65;77;106;111;123;174;174e;175
09023,Opp Orchard Stn/ION,Orchard Turn,ORCHARD,CENTRAL REGION,56.8,14e;124;143;167;190;680;681;682;683;972;972M
09037,Bef Cairnhill Rd,Orchard Rd,ORCHARD,CENTRAL REGION,78.5,36;36B;77;124;143;167;174;174e;190;190A;518;518A;680;681;682;683;972;972A;972M
09038,Opp Somerset Stn,Orchard Rd,ORCHARD,CENTRAL REGION,42.7,7;7B;14;14e;16;16M;65;106;111;123;175;502;502A
09047,Orchard Stn/Tang Plaza,Orchard Rd,ORCHARD,CENTRAL REGION,132.9,36;36B;77;124;143;167;174;174e;190;190A;518;518A;972;972A;972M
09048,Orchard Stn/Lucky Plaza,Orchard Rd,ORCHARD,CENTRAL REGION,85.3,7;7B;14;14e;16;16M;65;106;111;123;175;502;502A;680;681;682;683
09059,Somerset Youth Pk,Grange Rd,ORCHARD,CENTRAL REGION,51.9,7;7A;14;14A;16;16M;36;36A;36B;65;77;106;111;123;174;174e;175
09111,Opp Four Seasons Hotel,Orchard Blvd,RIVER VALLEY,CENTRAL REGION,9.4,7;36;36A;36B;77;105;106;111;123;132;174;174e
09121,Bef Tomlinson Rd,Orchard Blvd,RIVER VALLEY,CENTRAL REGION,12.3,7;77;105;106;111;123;132;174;174e
09131,Opp Orchard Blvd Stn,Grange Rd,TANGLIN,CENTRAL REGION,11.8,7;75;77;105;106;111;123;132;174;174e
09139,Orchard Blvd Stn Exit 1,Grange Rd,ORCHARD,CENTRAL REGION,9.0,75
09141,British Council,Napier Rd,TANGLIN,CENTRAL REGION,107.5,7;75;77;105;106;123;174
09149,Opp British Council,Napier Rd,TANGLIN,CENTRAL REGION,197.6,7;7B;77;105;106;123;174
09159,Aft Tomlinson Rd,Tanglin Rd,TANGLIN,CENTRAL REGION,4.3,7;7B;36;36B;77;105;106;111;123;132;174;174e
09169,Delfi Orchard,Orchard Rd,ORCHARD,CENTRAL REGION,82.4,7;7B;36;36B;77;105;106;111;123;132;174;174e;502;502A
09179,Royal Thai Embassy,Orchard Rd,ORCHARD,CENTRAL REGION,164.2,7;7B;36;36B;77;105;106;111;123;132;174;174e;502;502A
09191,Aft Cuscaden Rd,Tomlinson Rd,ORCHARD,CENTRAL REGION,92.6,36;36A;36B
09212,Royal Plaza On Scotts,Scotts Rd,ORCHARD,CENTRAL REGION,89.4,5;54;124;143;167;972M
09213,15 Scotts,Scotts Rd,ORCHARD,CENTRAL REGION,24.4,105;132;190;972
09219,Far East Plaza,Scotts Rd,ORCHARD,CENTRAL REGION,74.6,5;54;105;124;132;143;167;190;190A;518;518A;972;972A;972M
10009,Bt Merah Int,Bt Merah Ctrl,BUKIT MERAH,CENTRAL REGION,1069.0,5;16;16M;57;75;123;131;132;139;153;167;176;198;272;273;851
10011,Bef Neil Rd,New Bridge Rd,BUKIT MERAH,CENTRAL REGION,304.5,2;12;12e;54;122;124;143;147;174;174e;190;961;961M
10017,Aft Hosp Dr,Eu Tong Sen St,BUKIT MERAH,CENTRAL REGION,262.0,2;12;12e;54;61;122;124;143;147;166;167;174;174e;190;196;197;961;961M
10018,Outram Pk Stn Exit 6/SGH,Eu Tong Sen St,BUKIT MERAH,CENTRAL REGION,131.9,61;124;143;147;166;197;961;961M
10021,Blk 3,Neil Rd,BUKIT MERAH,CENTRAL REGION,232.3,61;166;167;196;197
10041,Bef Kampong Bahru Ter,Kg Bahru Rd,BUKIT MERAH,CENTRAL REGION,619.1,2;12;54;61;122;124;143;147;166;167;174;190;196;197;961;961M
10049,Opp Kampong Bahru Ter,Kg Bahru Rd,BUKIT MERAH,CENTRAL REGION,644.5,2;12;54;61;122;124;143;147;166;167;174;190;196;197;961;961M
10051,Blk 149,Jln Bt Merah,BUKIT MERAH,CENTRAL REGION,771.4,120;147;167;196;197;961;961M
10059,Opp Blk 149,Jln Bt Merah,BUKIT MERAH,CENTRAL REGION,732.0,120;147;167;196;197;961;961M
10061,Blk 140,Jln Bt Merah,BUKIT MERAH,CENTRAL REGION,884.9,120;147;167;196;197;961;961M
10069,Opp Blk 140,Jln Bt Merah,BUKIT MERAH,CENTRAL REGION,839.5,120;147;167;196;197;961;961M
10071,Blk 111,Jln Bt Merah,BUKIT MERAH,CENTRAL REGION,1074.7,75;120;121;147;167;175;196;197;961;961M
10079,Blk 201,Jln Bt Merah,BUKIT MERAH,CENTRAL REGION,1005.5,75;120;121;147;167;175;196;197;961;961M
10081,Opp Blk 120,Jln Bt Merah,BUKIT MERAH,CENTRAL REGION,1096.6,5;14;75;131;147;167;175;196;197;855;961;961M
10089,Blk 119,Jln Bt Merah,BUKIT MERAH,CENTRAL REGION,1047.7,5;14;75;131;147;167;175;196;197;855;961;961M
10091,Bt Merah Town Ctr,Jln Bt Merah,BUKIT MERAH,CENTRAL REGION,887.8,14;16M;147;196;197;855;961;961M
10099,Opp Bt Merah Town Ctr,Jln Bt Merah,BUKIT MERAH,CENTRAL REGION,853.2,14;16M;147;196;197;855;961;961M
10101,Opp Bt Merah Sec Sch,Jln Bt Merah,BUKIT MERAH,CENTRAL REGION,739.0,14;123;139;147;153;196;197;198;855;961;961M
10109,Bt Merah Sec Sch,Jln Bt Merah,BUKIT MERAH,CENTRAL REGION,708.6,14;147;196;197;855;961;961M
10111,Opp Blk 28,Jln Bt Merah,BUKIT MERAH,CENTRAL REGION,512.9,14;123;147;153;196;197;198;855;961;961M
10119,Opp Pacific Tech Ctr,Jln Bt Merah,BUKIT MERAH,CENTRAL REGION,667.8,14;123;139;147;153;196;197;198;855;961;961M
10121,Blk 126 CP,Kim Tian Rd,BUKIT MERAH,CENTRAL REGION,726.1,75;121
10129,Blk 121,Kim Tian Rd,BUKIT MERAH,CENTRAL REGION,772.0,75;121
10131,Opp Blk 2,Jln Bt Merah,BUKIT MERAH,CENTRAL REGION,284.2,14;123;147;153;196;197;198;855;961;961M
10139,Blk 1,Jln Bt Merah,BUKIT MERAH,CENTRAL REGION,376.2,14;123;147;153;196;197;198;855;961;961M
10141,Blk 18,Tiong Bahru Rd,BUKIT MERAH,CENTRAL REGION,264.5,5;16;16M;33;63;75;122;123;123M;195;195A;851
10149,Blk 1,Tiong Bahru Rd,BUKIT MERAH,CENTRAL REGION,197.6,5;16;16M;33;33A;63;75;122;123;123M;195;851
10151,Ctrl Green Condo,Tiong Bahru Rd,BUKIT MERAH,CENTRAL REGION,693.4,5;16;16M;33;63;121;122;123;123M;195;195A;851
10161,Opp Tiong Bahru Stn/Plaza,Tiong Bahru Rd,BUKIT MERAH,CENTRAL REGION,715.2,5;16;16M;33;63;121;122;123;123M;195;195A;851
10169,Tiong Bahru Stn/Plaza,Tiong Bahru Rd,BUKIT MERAH,CENTRAL REGION,733.0,5;16;16M;33;33A;63;121;122;123;123M;195;195A;851
10171,Opp Tiong Bahru Pk,Tiong Bahru Rd,BUKIT MERAH,CENTRAL REGION,518.3,16;16M;32;33;63;64;120;851
10179,Tiong Bahru Pk,Tiong Bahru Rd,BUKIT MERAH,CENTRAL REGION,526.2,16;16M;32;33;33A;63;64;120;851
10181,Bef Ar-Rabitah Mque,Tiong Bahru Rd,BUKIT MERAH,CENTRAL REGION,514.9,32;33;63;64;120;132;145
10189,Blk 104A CP,Tiong Bahru Rd,BUKIT MERAH,CENTRAL REGION,465.2,32;33;33A;63;64;120;132;145;145A
10191,Blk 78,Tiong Bahru Rd,BUKIT MERAH,CENTRAL REGION,521.9,32;33;63;64;120;132;145
10199,Delta Swim Cplx,Tiong Bahru Rd,BUKIT MERAH,CENTRAL REGION,541.5,32;33;33A;63;64;120;132;145;145A
10201,Opp Redhill Stn,Tiong Bahru Rd,BUKIT MERAH,CENTRAL REGION,286.5,32;33;64;120;132;145
10209,Redhill Stn,Tiong Bahru Rd,BUKIT MERAH,CENTRAL REGION,267.4,32;33;33A;64;120;132;145;145A
10211,BMW Eurokars Auto,Leng Kee Rd,BUKIT MERAH,CENTRAL REGION,154.8,139
10219,Skoda S'pore/Volkswagen Grp,Leng Kee Rd,BUKIT MERAH,CENTRAL REGION,139.5,139
10221,Ganges Ctr,Ganges Ave,BUKIT MERAH,CENTRAL REGION,194.3,51;64;121;186
10229,Opp Harvest Mansions,Ganges Ave,BUKIT MERAH,CENTRAL REGION,179.5,51;64;121;186
10231,Blk 51 CP,Ganges Ave,BUKIT MERAH,CENTRAL REGION,244.8,51;64;121;186
10239,Blk 79,Ganges Ave,BUKIT MERAH,CENTRAL REGION,225.9,51;64;121;186
10241,Gan Eng Seng Sec Sch,Alexandra Rd,BUKIT MERAH,CENTRAL REGION,169.2,51;122;139;186;970
10249,Opp Gan Eng Seng Sec Sch,Alexandra Rd,BUKIT MERAH,CENTRAL REGION,121.8,51;122;139;186;970
10261,Delta Sports Hall,Alexandra Rd,BUKIT MERAH,CENTRAL REGION,307.8,51;122;139;186;970
10269,Opp Delta Sports Hall,Alexandra Rd,BUKIT MERAH,CENTRAL REGION,267.9,51;122;139;186;970
10271,Opp Tanglin View,Alexandra Rd,BUKIT MERAH,CENTRAL REGION,248.6,51;122;139;186;970
10279,Tanglin View,Alexandra Rd,BUKIT MERAH,CENTRAL REGION,239.0,51;122;139;186;970
10281,SIS Bldg,Alexandra Rd,BUKIT MERAH,CENTRAL REGION,16.1,33;51;64;111;120;139;145;186;970
10287,Opp Cycle & Carriage,Alexandra Rd,QUEENSTOWN,CENTRAL REGION,6.8,33;33A;64;120;145
10289,Opp SIS Bldg,Alexandra Rd,QUEENSTOWN,CENTRAL REGION,19.5,51;111;139;186;970
10291,Opp Dawson Pl,Alexandra Rd,BUKIT MERAH,CENTRAL REGION,14.8,33;51;64;111;120;139;145;186;970
10299,Aft Dawson Pl,Alexandra Rd,QUEENSTOWN,CENTRAL REGION,19.2,33;33A;51;64;111;120;139;145;186;970
10321,Opp Grace Ably of God Ch,Tanglin Rd,QUEENSTOWN,CENTRAL REGION,15.2,32;111;122;132
10329,Crescent Girls' Sch,Tanglin Rd,BUKIT MERAH,CENTRAL REGION,10.7,32;111;122;132
10331,Bef Bt Merah Ctrl,Henderson Rd,BUKIT MERAH,CENTRAL REGION,1178.6,57;145;175;176;272;273
10339,Aft Bt Merah Ctrl,Henderson Rd,BUKIT MERAH,CENTRAL REGION,1207.8,57;145;145A;175;176;272;273
10341,Opp Blk 116,Henderson Rd,BUKIT MERAH,CENTRAL REGION,894.6,16;16M;132;145;851
10349,Blk 116,Henderson Rd,BUKIT MERAH,CENTRAL REGION,860.5,16;16M;132;145;145A;851
10351,Blk 95B,Henderson Rd,BUKIT MERAH,CENTRAL REGION,632.2,16;16M;132;145;851
10359,Opp Blk 95C,Henderson Rd,BUKIT MERAH,CENTRAL REGION,559.2,16;16M;132;145;145A;851
10361,Cendex Ctr,Lower Delta Rd,BUKIT MERAH,CENTRAL REGION,1289.2,65;121;123;123M;131;195;195A;855
10369,Opp Cendex Ctr,Lower Delta Rd,BUKIT MERAH,CENTRAL REGION,1287.6,65;121;123;123M;131;195;195A;855
10371,Blk 129,Lower Delta Rd,BUKIT MERAH,CENTRAL REGION,921.8,5;14;65;120;123;123M;195;195A
10379,Blk 25B,Lower Delta Rd,BUKIT MERAH,CENTRAL REGION,913.9,5;14;65;120;123;123M;195;195A
10381,Opp Blk 48,Lower Delta Rd,BUKIT MERAH,CENTRAL REGION,345.2,14;32;64;65;121;122
10389,Blk 48,Lower Delta Rd,BUKIT MERAH,CENTRAL REGION,383.2,14;32;64;65;121;122
10391,Opp Melati Blk 2,Kg Bahru Rd,BUKIT MERAH,CENTRAL REGION,932.3,61;124;143;166
10399,Melati Blk 2,Kg Bahru Rd,BUKIT MERAH,CENTRAL REGION,965.7,61;124;143;166
10401,Shriro Hse,Hoy Fatt Rd,BUKIT MERAH,CENTRAL REGION,435.1,63
10409,Blk 50,Hoy Fatt Rd,BUKIT MERAH,CENTRAL REGION,478.5,63
10411,Opp Blk 53,Hoy Fatt Rd,BUKIT MERAH,CENTRAL REGION,309.7,63
10419,Blk 52,Hoy Fatt Rd,BUKIT MERAH,CENTRAL REGION,391.8,63
10421,Blk 63B,Lengkok Bahru,BUKIT MERAH,CENTRAL REGION,288.1,63;139
10429,Blk 54,Lengkok Bahru,BUKIT MERAH,CENTRAL REGION,271.7,63;139
10431,Enabling Village,Lengkok Bahru,BUKIT MERAH,CENTRAL REGION,501.3,139
10439,Opp Enabling Village,Lengkok Bahru,BUKIT MERAH,CENTRAL REGION,466.1,139
10441,Opp Blk 44,Lengkok Bahru,BUKIT MERAH,CENTRAL REGION,612.1,139
10449,Blk 44,Lengkok Bahru,BUKIT MERAH,CENTRAL REGION,595.5,139
10451,Opp Blk 71,Redhill Rd,BUKIT MERAH,CENTRAL REGION,482.4,63
10459,Blk 72,Redhill Rd,BUKIT MERAH,CENTRAL REGION,457.3,63
10461,Opp Blk 95,Kay Siang Rd,TANGLIN,CENTRAL REGION,8.5,32;122
10469,Bef Margaret Dr,Kay Siang Rd,QUEENSTOWN,CENTRAL REGION,4.5,32;122
10471,Bef Tanglin Rd,Kay Siang Rd,TANGLIN,CENTRAL REGION,8.1,32;122
10479,Aft Tanglin Rd,Kay Siang Rd,QUEENSTOWN,CENTRAL REGION,6.8,32;122
10481,Opp Blk 73,Redhill Cl,BUKIT MERAH,CENTRAL REGION,502.1,63
10489,Blk 73,Redhill Cl,BUKIT MERAH,CENTRAL REGION,465.1,63
10499,Kampong Bahru Ter,Spooner Rd,BUKIT MERAH,CENTRAL REGION,745.6,2;12;12e;54;120;122;174;174e;190
10501,Blk 104,Jln Bt Merah,BUKIT MERAH,CENTRAL REGION,1164.3,75;121;147;167;175;196;197;961;961M
10519,Blk 4,Delta Rd,BUKIT MERAH,CENTRAL REGION,76.5,14;32;65;139;970
10599,Opp Blk 36,Jln Rumah Tinggi,BUKIT MERAH,CENTRAL REGION,294.7,63
10651,Blk 161,Bt Merah Ctrl,BUKIT MERAH,CENTRAL REGION,915.4,16M;123;139;153;198
10659,Blk 1003,Bt Merah Ctrl,BUKIT MERAH,CENTRAL REGION,882.2,16M;123;139;153;198
11001,Opp Ghim Moh Ter,Ghim Moh Rd,QUEENSTOWN,CENTRAL REGION,173.5,92;100;111
11009,Ghim Moh Ter,Ghim Moh Rd,QUEENSTOWN,CENTRAL REGION,156.2,92;100;111
11019,Alexandra Ctrl,Jln Bt Merah,BUKIT MERAH,CENTRAL REGION,145.4,14;123;147;153;196;197;198;855;961;961M
11021,Aft Queenstown NPC HQ,Queensway,QUEENSTOWN,CENTRAL REGION,301.4,51;61;93;100;123;147;153;196;198;855;961;961M
11029,Blk 166/Aft Mei Chin Rd,Queensway,QUEENSTOWN,CENTRAL REGION,384.7,51;61;64;93;100;123;147;153;196;198;855;961;961M
11031,Opp Queen's Cl,Queensway,QUEENSTOWN,CENTRAL REGION,578.7,51;61;93;100;123;147;153;196;198;855;961;961M
11039,Blk 19,Queensway,QUEENSTOWN,CENTRAL REGION,724.6,51;61;93;100;123;147;153;196;198;855;961;961M
11041,Aft C'wealth Dr,Queensway,QUEENSTOWN,CENTRAL REGION,753.6,51;93;100;123;147;153;196;198;855;961;961M
11049,Opp Blessed Sacrament Ch,Queensway,QUEENSTOWN,CENTRAL REGION,810.9,51;61;93;100;123;147;153;196;198;855;961;961M
11051,Opp Queenstown Polyclinic,Queensway,QUEENSTOWN,CENTRAL REGION,537.5,51;93;100;123;147;153;196;198;855;961;961M
11059,Queenstown Polyclinic,Queensway,QUEENSTOWN,CENTRAL REGION,464.2,51;61;93;100;123;147;153;196;198;855;961;961M
11061,Opp Queensway Sec Sch,Queensway,QUEENSTOWN,CENTRAL REGION,286.4,93;105;122;123;153;186;195;195A;855;961;961M
11069,Queensway Sec Sch,Queensway,QUEENSTOWN,CENTRAL REGION,247.1,93;105;123;153;186;855;961;961M
11071,Blk 97,Queensway,QUEENSTOWN,CENTRAL REGION,125.7,93;105;123;153;186;855;961;961M
11079,Opp Blk 95,Queensway,QUEENSTOWN,CENTRAL REGION,183.0,93;105;123;153;186;855;961;961M
11081,Viz Holland,Queensway,BUKIT TIMAH,CENTRAL REGION,17.4,93;105;123;153;186;855;961;961M
11089,Opp Holland Hill Lodge,Queensway,TANGLIN,CENTRAL REGION,26.4,93;105;123;153;186;855;961;961M
11091,Leedon Green,Farrer Rd,BUKIT TIMAH,CENTRAL REGION,28.3,48;93;153;165;174;186;855;961;961M
11099,Opp Leedon Green,Farrer Rd,TANGLIN,CENTRAL REGION,19.1,48;93;153;165;174;186;855;961;961M
11101,Empress Rd Mkt/FC,Farrer Rd,BUKIT TIMAH,CENTRAL REGION,17.6,48;93;153;165;174;186;855;961;961M
11109,Spanish Village,Farrer Rd,TANGLIN,CENTRAL REGION,17.4,48;93;153;165;174;186;855;961;961M
11111,Farrer Rd Stn Exit B,Farrer Rd,BUKIT TIMAH,CENTRAL REGION,24.8,48;93;153;165;174;186;855;961;961M
11119,Farrer Rd Stn Exit A,Farrer Rd,TANGLIN,CENTRAL REGION,12.3,48;93;153;165;174;186;855;961;961M
11131,Queens Condo,C'wealth Ave,QUEENSTOWN,CENTRAL REGION,183.1,51;111;145;186;195;195A;970
11139,Blk 53A CP,C'wealth Ave,QUEENSTOWN,CENTRAL REGION,175.1,51;111;145;186;970
11141,Queenstown Stn Exit A/D,C'wealth Ave,QUEENSTOWN,CENTRAL REGION,416.4,51;111;145;186;195;195A;970
11149,Queenstown Stn Exit B/C,C'wealth Ave,QUEENSTOWN,CENTRAL REGION,438.3,51;111;145;186;195;195A;970
11151,Blk 42,C'wealth Ave,QUEENSTOWN,CENTRAL REGION,330.7,51;111;145;186;195;195A;970
11159,Aft Ch of Our Saviour,C'wealth Ave,QUEENSTOWN,CENTRAL REGION,305.4,51;111;145;186;195;195A;970
11161,C'wealth Stn Exit A/D,C'wealth Ave,QUEENSTOWN,CENTRAL REGION,532.4,32;61;100;105;111;145;147;196;198;970
11169,C'wealth Stn Exit B/C,C'wealth Ave,QUEENSTOWN,CENTRAL REGION,468.8,32;61;100;105;111;122;145;147;195;195A;196;198;970
11171,Opp Blk 7B,C'wealth Ave,QUEENSTOWN,CENTRAL REGION,369.1,32;61;100;105;111;145;147;196;198;970
11179,Blk 8,C'wealth Ave,QUEENSTOWN,CENTRAL REGION,342.2,32;61;100;105;111;145;147;196;198;970
11181,Opp Blk 43,C'wealth Ave,QUEENSTOWN,CENTRAL REGION,365.7,74;91;95;100;105;106;111;147;185;191;196;198;200;200A
11189,Blk 43,C'wealth Ave,QUEENSTOWN,CENTRAL REGION,358.6,32;74;91;95;100;105;106;111;145;147;185;191;196;198;200
11191,The Star Vista,C'wealth Ave West,QUEENSTOWN,CENTRAL REGION,403.6,14;105;106;147;185
11199,Blk 15,C'wealth Ave West,QUEENSTOWN,CENTRAL REGION,372.1,14;105;106;147;185
11201,CSC Dempsey Clubhse,Holland Rd,TANGLIN,CENTRAL REGION,831.3,7;75;77;105;106;123;174
11209,Opp Peirce Rd,Holland Rd,TANGLIN,CENTRAL REGION,811.3,7;7B;75;77;105;106;123;174
11211,Aft Peirce Rd,Holland Rd,TANGLIN,CENTRAL REGION,701.7,7;75;77;105;106;123;174
11219,Great Eastern Mansions,Holland Rd,TANGLIN,CENTRAL REGION,416.1,7;7B;75;77;105;106;123;174
11221,Lien Twrs,Holland Rd,TANGLIN,CENTRAL REGION,235.0,7;75;77;105;106;123;174
11229,Sommerville Pk,Holland Rd,TANGLIN,CENTRAL REGION,186.6,7;7B;75;77;105;106;123;174
11231,Aft Hyll on Holland,Holland Rd,BUKIT TIMAH,CENTRAL REGION,231.4,7;48;75;77;106;165
11239,Fairlodge,Holland Rd,BUKIT TIMAH,CENTRAL REGION,223.7,7;7B;48;75;77;106;165
11259,Opp Blk 21,Holland Dr,QUEENSTOWN,CENTRAL REGION,137.0,95
11261,Holland Village,Holland Rd,QUEENSTOWN,CENTRAL REGION,28.6,7;61;75;77;95;165;970
11269,Opp Holland Village,Holland Rd,BUKIT TIMAH,CENTRAL REGION,7.5,7;7B;61;75;77;165;970
11271,Aft East Sussex Lane,Holland Rd,BUKIT TIMAH,CENTRAL REGION,164.5,7;61;75;77;165;970
11279,Aft Coronation Rd West,Holland Rd,BUKIT TIMAH,CENTRAL REGION,196.4,7;7B;61;75;77;165;970
11281,Aft Tan Boon Chong Ave,Holland Rd,BUKIT TIMAH,CENTRAL REGION,192.4,7;61;75;165
11289,Opp Tan Boon Chong Ave,Holland Rd,BUKIT TIMAH,CENTRAL REGION,231.1,7;7B;61;75;77;165;970
11291,Cold Storage Jelita,Holland Rd,BUKIT TIMAH,CENTRAL REGION,251.6,7;61;75;156;165
11299,Opp Cold Storage Jelita,Holland Rd,BUKIT TIMAH,CENTRAL REGION,300.8,7;7B;61;75;156;165
11301,Hse No. 578,Sixth Ave,BUKIT TIMAH,CENTRAL REGION,283.9,77;156;970
11309,Hse No. 589,Sixth Ave,BUKIT TIMAH,CENTRAL REGION,369.8,77;156;970
11311,Hse No. 532,Sixth Ave,BUKIT TIMAH,CENTRAL REGION,534.5,77;156;970
11319,Opp Hse No. 516,Sixth Ave,BUKIT TIMAH,CENTRAL REGION,597.6,77;156;970
11321,Opp Regent Villa,Sixth Ave,BUKIT TIMAH,CENTRAL REGION,714.6,77;156;970
11329,Regent Villa,Sixth Ave,BUKIT TIMAH,CENTRAL REGION,873.2,77;156;970
11331,Opp Dynasty Gdn II,Sixth Ave,BUKIT TIMAH,CENTRAL REGION,980.6,77;156;970
11339,Dynasty Lodge,Sixth Ave,BUKIT TIMAH,CENTRAL REGION,1089.5,77;156;970
11341,Garlick Ville,Sixth Ave,BUKIT TIMAH,CENTRAL REGION,1279.7,77;156;970
11349,Opp Garlick Ville,Sixth Ave,BUKIT TIMAH,CENTRAL REGION,1303.0,77;156;970
11351,Blk 13,Ghim Moh Rd,QUEENSTOWN,CENTRAL REGION,216.4,92;100;111
11359,Opp Blk 13,Ghim Moh Rd,QUEENSTOWN,CENTRAL REGION,198.6,92;100;111
11361,Buona Vista Stn Exit C,Nth Buona Vista Rd,QUEENSTOWN,CENTRAL REGION,430.8,14;74;91;92;95;95B;191;196;198;200
11369,Buona Vista Stn Exit D,Nth Buona Vista Rd,QUEENSTOWN,CENTRAL REGION,446.2,14;74;91;92;92A;95;191;196;198;200;200A
11379,Buona Vista Ter,Nth Buona Vista Rd,QUEENSTOWN,CENTRAL REGION,183.6,32;48;74;91;145;185;191;200;200A
11381,Blk 10A,Holland Dr,QUEENSTOWN,CENTRAL REGION,301.0,48;74;91;95;185;191;200;200A
11389,Buona Vista CC,Holland Dr,QUEENSTOWN,CENTRAL REGION,239.9,32;48;74;91;145;185;191;200
11401,Holland V Stn/Blk 12,Holland Ave,QUEENSTOWN,CENTRAL REGION,107.5,48;61;95;106;970
11409,Blk 9,Holland Ave,QUEENSTOWN,CENTRAL REGION,282.4,61;106;970
11419,Holland V Stn Exit A,Holland Ave,BUKIT TIMAH,CENTRAL REGION,19.0,48;61;106;970
11429,Opp Blk 115B,C'wealth Dr,QUEENSTOWN,CENTRAL REGION,264.5,122;195;195A
11439,Blk 92,C'wealth Dr,QUEENSTOWN,CENTRAL REGION,228.4,122;195;195A
11441,Blk 58,C'wealth Dr,QUEENSTOWN,CENTRAL REGION,859.1,61
11449,Blk 37B,C'wealth Dr,QUEENSTOWN,CENTRAL REGION,824.9,61
11451,Blk 72,C'wealth Dr,QUEENSTOWN,CENTRAL REGION,746.1,61
11459,Blk 50,C'wealth Dr,QUEENSTOWN,CENTRAL REGION,684.4,61
11469,Queensway Sec Sch,Margaret Dr,QUEENSTOWN,CENTRAL REGION,264.9,32;122
11471,Opp The Fisherman Ch,Margaret Dr,QUEENSTOWN,CENTRAL REGION,212.9,32;122
11481,Queenstown Lib,Margaret Dr,QUEENSTOWN,CENTRAL REGION,216.2,32;122
11489,Blk 30,Margaret Dr,QUEENSTOWN,CENTRAL REGION,188.7,32;122
11491,Opp Queenstown Pr Sch,Margaret Dr,QUEENSTOWN,CENTRAL REGION,177.5,32;122
11499,Queenstown Pr Sch,Margaret Dr,QUEENSTOWN,CENTRAL REGION,186.7,32;122
11511,Alexandra Hosp,Alexandra Rd,QUEENSTOWN,CENTRAL REGION,8.5,14;33;33A;51;61;93;100;120;195;195A;197
11519,Opp Queensway Shop Ctr,Alexandra Rd,BUKIT MERAH,CENTRAL REGION,20.0,14;33;51;61;93;100;120;195;195A;197
11521,Anchorpoint,Alexandra Rd,QUEENSTOWN,CENTRAL REGION,10.2,33;33A;64;120;195;195A
11529,Bef IKEA Ind Bldg,Alexandra Rd,BUKIT MERAH,CENTRAL REGION,12.5,33;120;195;195A
11531,Opp Lea Hin Hardware Fty,Alexandra Rd,QUEENSTOWN,CENTRAL REGION,13.5,33;33A;64;120;195;195A
11539,Lea Hin Hardware Fty,Alexandra Rd,BUKIT MERAH,CENTRAL REGION,8.7,33;120;195;195A
11541,Opp Queens,Stirling Rd,QUEENSTOWN,CENTRAL REGION,253.2,64
11551,Tiong Ghee Tp,Stirling Rd,QUEENSTOWN,CENTRAL REGION,317.9,64
11561,Blk 166,Stirling Rd,QUEENSTOWN,CENTRAL REGION,441.2,64
11579,Blk 158,Mei Ling St,QUEENSTOWN,CENTRAL REGION,501.6,64
11589,Blk 157,Mei Ling St,QUEENSTOWN,CENTRAL REGION,449.8,64
11599,Blk 153,Mei Ling St,QUEENSTOWN,CENTRAL REGION,610.1,64
11609,Blk 163,Mei Chin Rd,QUEENSTOWN,CENTRAL REGION,530.1,64
12021,Bef Moonbeam Wk,Holland Rd,BUKIT TIMAH,CENTRAL REGION,523.2,7;61;75;156;165
12029,Opp Moonbeam Wk,Holland Rd,BUKIT TIMAH,CENTRAL REGION,572.3,7;7B;61;75;156;165
12031,Pandan Valley Condo,Ulu Pandan Rd,BUKIT TIMAH,CENTRAL REGION,734.4,7;61;75;92;156;165
12039,Opp Pandan Valley Condo,Ulu Pandan Rd,BUKIT TIMAH,CENTRAL REGION,761.9,7;7B;61;75;156;165
12041,Aft Pandan Valley,Ulu Pandan Rd,BUKIT TIMAH,CENTRAL REGION,506.6,7;61;75;156;165
12049,Opp Pandan Valley,Ulu Pandan Rd,BUKIT TIMAH,CENTRAL REGION,526.7,7;7B;61;75;156;165
12051,Pine Gr Condo,Ulu Pandan Rd,BUKIT TIMAH,CENTRAL REGION,407.7,7;61;75;156;165
12059,Opp Pine Gr Condo,Ulu Pandan Rd,BUKIT TIMAH,CENTRAL REGION,441.1,7;7B;61;75;156;165
12061,Blk 109,Clementi Rd,CLEMENTI,WEST REGION,17.8,52;61;74;75;151;154;154B;184
12069,Opp Blk 109A,Clementi Rd,BUKIT TIMAH,CENTRAL REGION,13.6,52;61;74;75;151;154;184
12071,Blk 116,Clementi Rd,CLEMENTI,WEST REGION,27.0,52;61;74;75;151;154;154B;184
12079,Opp Blk 116,Clementi Rd,BUKIT TIMAH,CENTRAL REGION,25.2,52;61;74;75;151;154;184
12081,Clementi N'hood Pk,Clementi Rd,CLEMENTI,WEST REGION,21.6,52;61;74;75;151;154;154B;184
12089,Opp Maju Camp,Clementi Rd,BUKIT TIMAH,CENTRAL REGION,15.0,52;61;74;75;151;154;184
12091,SIM Campus,Clementi Rd,BUKIT TIMAH,CENTRAL REGION,348.9,52;61;74;75;151;154;154B;184
12099,Opp SIM Campus,Clementi Rd,BUKIT TIMAH,CENTRAL REGION,196.4,52;61;74;75;151;154;184
12101,Ngee Ann Poly,Clementi Rd,BUKIT TIMAH,CENTRAL REGION,691.8,52;61;74;75;151;154;154B;184
12109,Opp Ngee Ann Poly,Clementi Rd,BUKIT TIMAH,CENTRAL REGION,554.6,52;61;74;75;151;154;184
12111,Bef Clementi Rd,Ulu Pandan Rd,BUKIT TIMAH,CENTRAL REGION,104.5,7;61;75;156;165
12119,Police KINS Trg Camp,Ulu Pandan Rd,BUKIT TIMAH,CENTRAL REGION,189.4,7;7B;61;75;156;165
12121,Blk 7,Ghim Moh Rd,QUEENSTOWN,CENTRAL REGION,205.6,92;100;111
12129,Blk 3,Ghim Moh Rd,QUEENSTOWN,CENTRAL REGION,218.4,92
12131,Aft Grove Ave,Mt Sinai Rd,BUKIT TIMAH,CENTRAL REGION,35.8,92
12139,Aft Mt Sinai Lane,Mt Sinai Rd,QUEENSTOWN,CENTRAL REGION,1.3,92
12141,Opp Henry Pk,Mt Sinai Rd,BUKIT TIMAH,CENTRAL REGION,279.2,92
12149,Henry Pk,Mt Sinai Rd,BUKIT TIMAH,CENTRAL REGION,251.6,92
12151,Bef Moonbeam Terr,Moonbeam Walk,BUKIT TIMAH,CENTRAL REGION,563.2,92
12169,Pandan Valley,Pandan Valley,BUKIT TIMAH,CENTRAL REGION,432.8,92
12179,Montview,Mt Sinai Rise,BUKIT TIMAH,CENTRAL REGION,201.0,92
12189,Bef Mt Sinai Dr,Mt Sinai Rise,BUKIT TIMAH,CENTRAL REGION,384.8,92
12199,Opp Village Twr,Mt Sinai Rise,BUKIT TIMAH,CENTRAL REGION,157.8,92
12201,Bet Clementi Loop,Clementi Ave 6,CLEMENTI,WEST REGION,584.7,185;189
12209,Opp Clementi Loop,Clementi Ave 6,CLEMENTI,WEST REGION,593.4,185;189
12211,Bef Mt Sinai Wk,Mt Sinai Dr,BUKIT TIMAH,CENTRAL REGION,484.2,92
13011,Napier Stn Exit 2,Napier Rd,TANGLIN,CENTRAL REGION,405.6,7;75;77;105;106;123;174;174e
13019,Napier Stn Exit 1,Napier Rd,TANGLIN,CENTRAL REGION,338.5,7;7B;75;77;105;106;123;174;174e
13021,Aft Min of Foreign Affairs,Holland Rd,TANGLIN,CENTRAL REGION,939.5,7;75;77;105;106;123;174
13029,Bef Tyersall Ave,Holland Rd,TANGLIN,CENTRAL REGION,925.2,7;7B;75;77;105;106;123;174
13031,Opp Chatsworth Rd,Tanglin Rd,TANGLIN,CENTRAL REGION,268.3,111;132
13039,Bef Chatsworth Rd,Tanglin Rd,TANGLIN,CENTRAL REGION,352.1,111;132
13041,Aft Camp Rd,Tanglin Rd,TANGLIN,CENTRAL REGION,407.3,111;132
13049,Bef Rochalie Dr,Tanglin Rd,TANGLIN,CENTRAL REGION,325.0,111;132
13051,Opp Valley Pt,River Valley Rd,TANGLIN,CENTRAL REGION,98.2,14;32;65;139;970
13059,Valley Pt,River Valley Rd,TANGLIN,CENTRAL REGION,88.0,14;32;65;139;970
13062,Stellar RV,River Valley Rd,TANGLIN,CENTRAL REGION,221.8,32;139;970
13063,RV Suites,River Valley Rd,TANGLIN,CENTRAL REGION,82.7,14;65
13069,RV Residences,River Valley Rd,TANGLIN,CENTRAL REGION,188.7,14;32;65;139;970
13071,Great World Stn Exit 5,River Valley Rd,RIVER VALLEY,CENTRAL REGION,17.9,32;54;139;195
13079,Great World Stn Exit 4,River Valley Rd,SINGAPORE RIVER,CENTRAL REGION,17.3,32;54;139;195;195A
13081,St. Thomas Wk,River Valley Rd,RIVER VALLEY,CENTRAL REGION,332.7,32;54;139;195
13089,Opp St. Thomas Wk,River Valley Rd,RIVER VALLEY,CENTRAL REGION,340.1,32;54;139;195;195A
13091,Aft Kim Yam Rd,River Valley Rd,RIVER VALLEY,CENTRAL REGION,269.9,32;54;139;195
13099,Bef Kim Yam Rd,River Valley Rd,RIVER VALLEY,CENTRAL REGION,284.3,32;54;139;195;195A
13101,Opp Mohd Sultan Rd,River Valley Rd,MUSEUM,CENTRAL REGION,14.6,32;54;139;195
13109,UE Sq/Bef Mohd Sultan Rd,River Valley Rd,SINGAPORE RIVER,CENTRAL REGION,13.8,32;54;139;195;195A
13119,Great World Stn Exit 3,Kim Seng Rd,SINGAPORE RIVER,CENTRAL REGION,60.5,5;16;16M;75;175;195;195A;970
13121,Opp Great World City,Zion Rd,TANGLIN,CENTRAL REGION,15.7,5;16;16M;75;175;195;970
13141,Aft Zion Full Gospel Ch,Hoot Kiam Rd,TANGLIN,CENTRAL REGION,9.4,5;14;16;16M;54;65;75;175
13159,Bef Zion Full Gospel Ch,Irwell Bank Rd,RIVER VALLEY,CENTRAL REGION,54.3,5;14;16;16M;54;65;75;175
13169,Grange 80 Condo,Grange Rd,RIVER VALLEY,CENTRAL REGION,11.1,75
13171,Gramercy Pk,Grange Rd,TANGLIN,CENTRAL REGION,14.1,75
13179,Cliveden At Grange,Grange Rd,RIVER VALLEY,CENTRAL REGION,9.8,75
13181,Aft One Tree Hill,Grange Rd,TANGLIN,CENTRAL REGION,13.0,75
13189,Bef One Tree Hill,Grange Rd,RIVER VALLEY,CENTRAL REGION,7.3,75
13191,Opp Orchard Stn Exit 12,Paterson Rd,RIVER VALLEY,CENTRAL REGION,193.3,5;14;16;16M;54;65;175
13199,Aft Orchard Stn Exit 12,Paterson Rd,RIVER VALLEY,CENTRAL REGION,221.1,5;14;16;16M;54;65;175
13201,British High Commission,Tanglin Rd,TANGLIN,CENTRAL REGION,85.6,111;132
13209,Opp British High Comsn,Tanglin Rd,TANGLIN,CENTRAL REGION,129.8,111;132
14009,HarbourFront Int,Seah Im Rd,BUKIT MERAH,CENTRAL REGION,407.8,65;80;93;123M;124;188;188e;855;963;963e
14011,Bef Mt Faber Lodge,Kg Bahru Rd,BUKIT MERAH,CENTRAL REGION,414.8,61;65;123;123M;143;166;855
14019,Opp Mt Faber Lodge,Kg Bahru Rd,BUKIT MERAH,CENTRAL REGION,456.0,61;65;123;123M;143;166;855
14021,The Pearl @ Mt Faber,Lower Delta Rd,BUKIT MERAH,CENTRAL REGION,782.1,65;123;123M;124;855
14029,Blk 105,Lower Delta Rd,BUKIT MERAH,CENTRAL REGION,925.5,65;123;123M;124;855
14031,St. Theresa's Convent,Lower Delta Rd,BUKIT MERAH,CENTRAL REGION,1352.2,65;121;123;123M;131;195;195A;855
14039,Opp St. Theresa's Convent,Lower Delta Rd,BUKIT MERAH,CENTRAL REGION,1368.6,65;121;123;123M;131;195;195A;855
14041,Blk 54,Henderson Rd,BUKIT MERAH,CENTRAL REGION,763.2,120;131;145;176;273
14049,Opp Blk 55,Henderson Rd,BUKIT MERAH,CENTRAL REGION,763.1,120;131;145;176
14051,Aft Telok Blangah Hts,Henderson Rd,BUKIT MERAH,CENTRAL REGION,1093.6,124;131;145;176;273
14059,Bef Telok Blangah Hts,Henderson Rd,BUKIT MERAH,CENTRAL REGION,1127.6,124;131;145;176;273
14061,Opp Cantonment Stn Exit 4,Keppel Rd,BUKIT MERAH,CENTRAL REGION,363.4,10;30;57;80;97;97e;100;131;145
14069,Cantonment Stn Exit 4,Keppel Rd,BUKIT MERAH,CENTRAL REGION,552.5,10;30;57;80;97;97e;100;131;145
14071,Keppel Workshop,Keppel Rd,BUKIT MERAH,CENTRAL REGION,525.4,10;30;57;80;97;100;131;145
14081,Keppel Stn Exit 3,Keppel Rd,BUKIT MERAH,CENTRAL REGION,409.6,10;30;57;80;97;100;131;145
14089,Keppel Stn Exit 2,Keppel Rd,BUKIT MERAH,CENTRAL REGION,421.9,10;30;57;80;97;100;131;145
14101,Opp Keppel DP Blk 517,Keppel Rd,BUKIT MERAH,CENTRAL REGION,305.1,10;30;57;80;97;100;131;145
14109,Keppel DP Blk 517,Keppel Rd,BUKIT MERAH,CENTRAL REGION,330.0,10;30;57;80;97;100;131;145
14119,Opp VivoCity,Telok Blangah Rd,BUKIT MERAH,CENTRAL REGION,316.4,10;30;30e;57;61;65;80;97;97e;100;123M;131;143;145;166;855
14121,Opp HarbourFront Int,Telok Blangah Rd,BUKIT MERAH,CENTRAL REGION,288.7,10;30;30e;57;61;97;97e;100;131;143;145;166
14129,HarbourFront Stn Exit A,Telok Blangah Rd,BUKIT MERAH,CENTRAL REGION,315.9,10;30;30e;57;61;65;80;97;97e;100;123M;131;143;145;166;855
14131,Caribbean at Keppel Bay,Telok Blangah Rd,BUKIT MERAH,CENTRAL REGION,374.0,10;30;57;61;93;97;100;124;131;143;145;166;188;963
14139,Bef Seah Im Rd,Telok Blangah Rd,BUKIT MERAH,CENTRAL REGION,380.4,10;30;57;61;93;97;100;124;131;143;145;166;188;963
14141,HarbourFront Stn/Vivocity,Telok Blangah Rd,BUKIT MERAH,CENTRAL REGION,271.8,10;30;30e;57;61;65;80;97;97e;100;123M;131;143;145;166;855
14151,Opp Hotel Faber Pk,Telok Blangah Rd,BUKIT MERAH,CENTRAL REGION,364.5,10;30;57;61;93;97;100;124;131;143;145;166;188;963
14159,Hotel Faber Pk,Telok Blangah Rd,BUKIT MERAH,CENTRAL REGION,401.0,10;30;57;61;93;97;100;124;131;143;145;166;188;963
14161,Telok Blangah Stn,Telok Blangah Rd,BUKIT MERAH,CENTRAL REGION,500.7,10;30;57;61;93;97;97e;100;120;143;166;176;188;963
14169,Opp Telok Blangah Stn,Telok Blangah Rd,BUKIT MERAH,CENTRAL REGION,568.6,10;30;57;61;93;97;97e;100;120;143;166;176;188;963
14171,Opp Yeo's Bldg,Telok Blangah Rd,BUKIT MERAH,CENTRAL REGION,502.1,10;30;57;61;93;97;100;120;143;166;176;188;963
14179,Yeo's Bldg,Telok Blangah Rd,BUKIT MERAH,CENTRAL REGION,464.1,10;30;57;61;93;97;100;120;143;166;176;188;963
14189,Aft Alexandra Rd,Telok Blangah Rd,BUKIT MERAH,CENTRAL REGION,197.5,10;30;57;61;93;97;100;120;143;166;176;188;963
14191,Blk 105 CP,Depot Rd,BUKIT MERAH,CENTRAL REGION,1031.0,57;175;195;195A
14199,Blk 118,Depot Rd,BUKIT MERAH,CENTRAL REGION,1102.4,57;175;195;195A
14201,Blk 110,Depot Rd,BUKIT MERAH,CENTRAL REGION,729.9,57;175;195;195A
14209,Aft Hewlett Packard,Depot Rd,BUKIT MERAH,CENTRAL REGION,779.5,57;175;195;195A
14211,ISS Intl Sch,Depot Rd,BUKIT MERAH,CENTRAL REGION,331.2,57;175;195;195A
14219,Opp Blk 114,Depot Rd,BUKIT MERAH,CENTRAL REGION,521.8,57;175;195;195A
14221,Opp Ch of St. Teresa,Kg Bahru Rd,BUKIT MERAH,CENTRAL REGION,771.9,61;124;143;166
14229,Ch of St. Teresa,Kg Bahru Rd,BUKIT MERAH,CENTRAL REGION,801.6,61;124;143;166
14231,Keppel DP Blk 519,Kg Bahru Rd,BUKIT MERAH,CENTRAL REGION,647.4,61;124;143;166
14239,Opp Keppel DP Blk 519,Kg Bahru Rd,BUKIT MERAH,CENTRAL REGION,695.5,61;124;143;166
14241,Opp Blk 1,Henderson Rd,BUKIT MERAH,CENTRAL REGION,1388.2,57;145;175;176;195;195A;272;273
14249,Blk 1,Henderson Rd,BUKIT MERAH,CENTRAL REGION,1360.8,145;145A;176;195;195A;272;273
14259,Blk 11,Telok Blangah Cres,BUKIT MERAH,CENTRAL REGION,1440.8,121;272
14269,Blk 10,Telok Blangah Cres,BUKIT MERAH,CENTRAL REGION,1486.9,121;272
14271,Al-Amin Mque,Telok Blangah Way,BUKIT MERAH,CENTRAL REGION,1257.4,124;131;195;195A
14279,Blk 25,Telok Blangah Way,BUKIT MERAH,CENTRAL REGION,1283.0,121;124;131;195;195A;272
14281,SAFRA Mt Faber,Telok Blangah Way,BUKIT MERAH,CENTRAL REGION,1326.2,124;131;195;195A
14291,Blk 27,Telok Blangah Way,BUKIT MERAH,CENTRAL REGION,1289.0,121;124;131;195;195A;272
14299,Opp Blk 27,Telok Blangah Way,BUKIT MERAH,CENTRAL REGION,1310.5,124;131;195;195A
14309,Blk 41,Telok Blangah Rise,BUKIT MERAH,CENTRAL REGION,875.1,121;272
14319,Blk 28,Telok Blangah Rise,BUKIT MERAH,CENTRAL REGION,1145.0,121;272
14329,Blk 67,Telok Blangah St 32,BUKIT MERAH,CENTRAL REGION,814.2,120;273
14331,Opp Blk 70B,Telok Blangah Hts,BUKIT MERAH,CENTRAL REGION,906.4,120;124
14339,Blk 70A,Telok Blangah Hts,BUKIT MERAH,CENTRAL REGION,932.3,120;124;273
14341,Opp Blk 59,Telok Blangah Hts,BUKIT MERAH,CENTRAL REGION,1066.1,120;124
14349,Blk 59,Telok Blangah Hts,BUKIT MERAH,CENTRAL REGION,1049.3,120;124;273
14351,Aft Blk 48,Telok Blangah Dr,BUKIT MERAH,CENTRAL REGION,713.4,124
14359,Blk 50,Telok Blangah Dr,BUKIT MERAH,CENTRAL REGION,729.1,124;273
14369,The Interlace,Depot Rd,BUKIT MERAH,CENTRAL REGION,173.2,57;175;195;195A
14379,Blk 40,Lower Delta Rd,BUKIT MERAH,CENTRAL REGION,943.9,65;121;123;123M;124;272;855
14381,Blk 109,Bt Purmei Ave,BUKIT MERAH,CENTRAL REGION,1010.7,123;123M;131
14389,Aft Radin Mas Pr Sch,Bt Purmei Ave,BUKIT MERAH,CENTRAL REGION,1055.2,123;123M;131
14391,Opp Blk 85,Telok Blangah Hts,BUKIT MERAH,CENTRAL REGION,615.5,120;124
14399,Blk 85,Telok Blangah Hts,BUKIT MERAH,CENTRAL REGION,620.7,124;273
14471,Blk 114,Depot Rd,BUKIT MERAH,CENTRAL REGION,493.1,57;175;195;195A
14489,Blk 36 Mkt/FC,Telok Blangah Rise,BUKIT MERAH,CENTRAL REGION,1034.1,121;272
14491,Opp Telok Blangah Mkt/FC,Telok Blangah Dr,BUKIT MERAH,CENTRAL REGION,638.9,120;124
14499,Telok Blangah Mkt/FC,Telok Blangah Dr,BUKIT MERAH,CENTRAL REGION,625.0,124
14501,Opp Blk 91A,Telok Blangah St 31,BUKIT MERAH,CENTRAL REGION,417.2,120;124
14509,Blk 92B,Telok Blangah St 31,BUKIT MERAH,CENTRAL REGION,498.2,124
14519,Resorts World Sentosa,Sentosa Gateway,SOUTHERN ISLANDS,CENTRAL REGION,121.6,123
14521,Village Hotel,Artillery Ave,SOUTHERN ISLANDS,CENTRAL REGION,428.8,123
14529,Opp Village Hotel,Artillery Ave,SOUTHERN ISLANDS,CENTRAL REGION,389.2,123
14539,Beach Stn Ter,Beach View,SOUTHERN ISLANDS,CENTRAL REGION,164.6,123
15041,Alexandra Retail Ctr,Alexandra Rd,QUEENSTOWN,CENTRAL REGION,11.5,51;57;61;93;97;97e;100;120;166;175;963;963e
15049,Opp Alexandra Retail Ctr,Alexandra Rd,BUKIT MERAH,CENTRAL REGION,18.1,51;57;61;93;97;97e;100;120;166;175;963;963e
15051,Alexandra Pt,Alexandra Rd,QUEENSTOWN,CENTRAL REGION,14.9,51;57;61;93;97;97e;100;120;166;175;963;963e
15059,Opp Alexandra Pt,Alexandra Rd,BUKIT MERAH,CENTRAL REGION,23.0,51;57;61;93;97;97e;100;120;166;175;963;963e
15071,Opp Lor Sarhad,Sth Buona Vista Rd,QUEENSTOWN,CENTRAL REGION,844.3,200
15079,Aft Lor Sarhad,Sth Buona Vista Rd,QUEENSTOWN,CENTRAL REGION,772.0,200;200A
15091,Opp Natl Leadership Inst,Sth Buona Vista Rd,QUEENSTOWN,CENTRAL REGION,1031.4,200
15099,Natl Leadership Inst,Sth Buona Vista Rd,QUEENSTOWN,CENTRAL REGION,1050.4,200;200A
15101,Opp LP 31,Sth Buona Vista Rd,QUEENSTOWN,CENTRAL REGION,1217.8,200
15109,LP 30,Sth Buona Vista Rd,QUEENSTOWN,CENTRAL REGION,1204.2,200;200A
15111,Sci Pk 2/The Galen,Sth Buona Vista Rd,QUEENSTOWN,CENTRAL REGION,1229.1,200
15119,Opp Sci Pk 2/The Galen,Sth Buona Vista Rd,QUEENSTOWN,CENTRAL REGION,1265.1,200;200A
15121,Sci Pk 2/The Gemini,Sth Buona Vista Rd,QUEENSTOWN,CENTRAL REGION,1373.4,200
15129,Opp Sci Pk 2/The Gemini,Sth Buona Vista Rd,QUEENSTOWN,CENTRAL REGION,1411.2,200;200A
15131,Kent Ridge Stn,Sth Buona Vista Rd,QUEENSTOWN,CENTRAL REGION,1679.3,92;92B;200
15139,Kent Ridge Stn Exit B,Sth Buona Vista Rd,QUEENSTOWN,CENTRAL REGION,1679.3,92;92A;92B;200;200A
15141,Labrador Pk Stn,Pasir Panjang Rd,QUEENSTOWN,CENTRAL REGION,99.3,10;30;30e;51;143;175;176;188
15149,Opp Labrador Pk Stn,Pasir Panjang Rd,QUEENSTOWN,CENTRAL REGION,164.3,10;30;30e;51;143;175;176;188;188e
15151,Opp Mapletree Biz City,Pasir Panjang Rd,QUEENSTOWN,CENTRAL REGION,424.7,10;30;30e;51;143;175;176;188
15159,Mapletree Business City,Pasir Panjang Rd,QUEENSTOWN,CENTRAL REGION,403.0,10;30;30e;51;143;175;176;188;188e
15161,Opp HarbourSide Bldg 2,Pasir Panjang Rd,QUEENSTOWN,CENTRAL REGION,592.6,10;30;30e;51;143;175;176;188
15169,HarbourSide Bldg 2,Pasir Panjang Rd,QUEENSTOWN,CENTRAL REGION,581.4,10;30;30e;51;143;175;176;188;188e
15181,1A Sci Pk Dr (Geneo),Science Pk Dr,QUEENSTOWN,CENTRAL REGION,1674.4,92;92A;92B
15189,Ascent,Science Pk Dr,QUEENSTOWN,CENTRAL REGION,1652.1,92;92B
15191,Pasir Panjang Stn/FC,Pasir Panjang Rd,QUEENSTOWN,CENTRAL REGION,748.0,10;30;51;143;175;176;188
15199,Opp Currency Hse,Pasir Panjang Rd,QUEENSTOWN,CENTRAL REGION,766.0,10;30;51;143;175;176;188;188e
15201,Aft Pasir Panjang Stn,Pasir Panjang Rd,QUEENSTOWN,CENTRAL REGION,563.2,10;30;30e;51;143;175;176;188
15209,Bef Pasir Panjang Stn,Pasir Panjang Rd,QUEENSTOWN,CENTRAL REGION,622.2,10;30;30e;51;143;175;176;188
15211,Opp Pasir View Pk,Pasir Panjang Rd,QUEENSTOWN,CENTRAL REGION,476.7,175;176
15219,Pasir View Pk,Pasir Panjang Rd,QUEENSTOWN,CENTRAL REGION,534.6,10;30;51;143;175;176;188
15221,Aft Sth Buona Vista Rd,Pasir Panjang Rd,QUEENSTOWN,CENTRAL REGION,573.2,10;30;51;143;188;200;200A
15229,Bef Sth Buona Vista Rd,Pasir Panjang Rd,QUEENSTOWN,CENTRAL REGION,575.1,10;30;51;143;188;200
16009,Kent Ridge Ter,Clementi Rd,QUEENSTOWN,CENTRAL REGION,60.0,10;33;33A;95;95B;151;200;200A;201
16011,Opp Haw Par Villa Stn,Pasir Panjang Rd,QUEENSTOWN,CENTRAL REGION,678.5,10;30;30e;51;143;188;200;200A
16019,Haw Par Villa Stn,Pasir Panjang Rd,QUEENSTOWN,CENTRAL REGION,696.4,10;30;30e;51;143;188;200
16021,Opp Gloria Mansion,Pasir Panjang Rd,QUEENSTOWN,CENTRAL REGION,886.0,10;30;51;143;188;200;200A
16029,Gloria Mansion,Pasir Panjang Rd,QUEENSTOWN,CENTRAL REGION,905.7,10;30;51;143;188;200
16031,Opp S'pore Science Pk II,Pasir Panjang Rd,QUEENSTOWN,CENTRAL REGION,840.2,10;30;30e;51;143;188;200;200A
16039,S'pore Science Pk II,Pasir Panjang Rd,QUEENSTOWN,CENTRAL REGION,862.6,10;30;30e;51;143;188;200
16041,Opp Luxe Ville,Pasir Panjang Rd,QUEENSTOWN,CENTRAL REGION,789.8,10;30;51;143;183;188;200;200A
16049,Whitehaven,Pasir Panjang Rd,QUEENSTOWN,CENTRAL REGION,829.7,10;30;51;143;183;188;200
16051,The Crystal Tabernacle Ch,Pasir Panjang Rd,QUEENSTOWN,CENTRAL REGION,707.9,10;30;51;143;183;188;200;200A
16059,Jamiyah Halfway Hse,Pasir Panjang Rd,QUEENSTOWN,CENTRAL REGION,781.4,10;30;51;143;183;188;200
16061,Opp Heng Mui Keng Terr,Pasir Panjang Rd,QUEENSTOWN,CENTRAL REGION,624.5,10;30;30e;51;143;183;188;200;200A
16069,Heng Mui Keng Terr,Pasir Panjang Rd,QUEENSTOWN,CENTRAL REGION,624.5,10;30;30e;51;143;183;188;200
16071,Opp Pasir Panjang PO,Pasir Panjang Rd,QUEENSTOWN,CENTRAL REGION,356.0,10;30;51;143;183;188;200;200A
16079,Bef Pasir Panjang PO,Pasir Panjang Rd,QUEENSTOWN,CENTRAL REGION,359.3,10;30;51;143;183;188;200
16081,Aft Palm Green Condo,Pasir Panjang Rd,QUEENSTOWN,CENTRAL REGION,90.6,10;30;51;143;183;188;200;200A
16089,Aft Clementi Rd,Pasir Panjang Rd,QUEENSTOWN,CENTRAL REGION,124.0,10;30;51;143;183;188;200
16091,NUS Sports Ctr,AYE,QUEENSTOWN,CENTRAL REGION,987.9,97;197;198;963;963e
16099,Opp NUS Sports Ctr,AYE,QUEENSTOWN,CENTRAL REGION,832.1,97;197;198;963;963e
16101,Inst of Micro-electronics,Science Pk Rd,QUEENSTOWN,CENTRAL REGION,1031.3,183
16109,The Alpha,Science Pk Rd,QUEENSTOWN,CENTRAL REGION,1006.4,183
16111,Aries,Science Pk Rd,QUEENSTOWN,CENTRAL REGION,1137.5,183
16119,Teletech Pk,Science Pk Rd,QUEENSTOWN,CENTRAL REGION,1121.4,183
16121,Galen,Science Pk Rd,QUEENSTOWN,CENTRAL REGION,1125.5,183
16131,Opp Kent Ridge Ter,Clementi Rd,CLEMENTI,WEST REGION,16.9,33;33A;183;188
16139,Bef Kent Ridge Ter,Clementi Rd,QUEENSTOWN,CENTRAL REGION,14.7,183;188;188e
16141,Tentera Diraja Mque,Clementi Rd,CLEMENTI,WEST REGION,14.1,33;33A;183;188
16149,SDE3,Clementi Rd,QUEENSTOWN,CENTRAL REGION,24.4,33;96;96A;183;188;188e
16151,The Japanese Pr Sch,Clementi Rd,CLEMENTI,WEST REGION,6.2,33;33A;183;188
16159,Coll of Design & Engrg,Clementi Rd,QUEENSTOWN,CENTRAL REGION,25.1,33;96;96A;183;188;188e
16161,NUS Museums,Kent Ridge Cres,QUEENSTOWN,CENTRAL REGION,349.5,151
16169,NUS Raffles Hall,Kent Ridge Cres,QUEENSTOWN,CENTRAL REGION,250.7,96;96A;96B;151
16171,Yusof Ishak Hse,Kent Ridge Cres,QUEENSTOWN,CENTRAL REGION,511.7,95;151
16179,Opp Yusof Ishak Hse,Kent Ridge Cres,QUEENSTOWN,CENTRAL REGION,488.9,95;95B;96;96A;96B;151
16181,Ctrl Lib,Kent Ridge Cres,QUEENSTOWN,CENTRAL REGION,324.6,95;151
16189,Information Technology,Kent Ridge Cres,QUEENSTOWN,CENTRAL REGION,344.1,95;95B;96;96A;96B;151
16191,Aft Kent Ridge Dr,Kent Ridge Cres,QUEENSTOWN,CENTRAL REGION,87.6,95;151
16199,Aft Architecture Dr,Kent Ridge Cres,QUEENSTOWN,CENTRAL REGION,124.0,95;95B;96;96A;96B;151
16201,Barossa Gdns,Pasir Panjang Rd,QUEENSTOWN,CENTRAL REGION,665.9,10;30;51;143;188;200;200A
16209,Horizon Residences,Pasir Panjang Rd,QUEENSTOWN,CENTRAL REGION,687.8,10;30;51;143;188;200
16211,Wharves Bldg,West Coast Highway,QUEENSTOWN,CENTRAL REGION,455.8,175;176
16219,Opp Wharves Bldg,West Coast Highway,QUEENSTOWN,CENTRAL REGION,529.1,175;176
16221,Opp Haw Par Villa Stn,West Coast Highway,QUEENSTOWN,CENTRAL REGION,658.2,175;176
16229,Haw Par Villa Stn,West Coast Highway,QUEENSTOWN,CENTRAL REGION,685.1,175;176
16231,Wholesale Ctr,West Coast Highway,QUEENSTOWN,CENTRAL REGION,756.9,175;176
16239,Opp Wholesale Ctr,West Coast Highway,QUEENSTOWN,CENTRAL REGION,801.7,175;176
16241,Bef West Coast Pk,West Coast Highway,QUEENSTOWN,CENTRAL REGION,589.1,175;176
16249,Bef Wholesale Ctr,West Coast Highway,QUEENSTOWN,CENTRAL REGION,633.7,175;176
16891,Opp Blk 420A,Clementi Ave 1,CLEMENTI,WEST REGION,405.9,189
16991,Opp Nan Hua High Sch,Clementi Ave 1,CLEMENTI,WEST REGION,171.2,189
17009,Clementi Int,Clementi Ave 3,CLEMENTI,WEST REGION,864.5,7;7B;14;96;96A;99;147;156;165;166;173;175;196;282;284;285
17011,Opp Varsity Pk,West Coast Rd,CLEMENTI,WEST REGION,111.6,30;51;143;201;655
17019,Varsity Pk,West Coast Rd,CLEMENTI,WEST REGION,125.5,30;51;143;201;655
17021,Waseda S Snr High Sch,West Coast Rd,CLEMENTI,WEST REGION,248.1,30;51;143;201;655
17029,Opp Waseda S Snr High Sch,West Coast Rd,CLEMENTI,WEST REGION,277.1,30;51;143;201;655
17031,Kent Ridge Sec Sch,West Coast Rd,CLEMENTI,WEST REGION,355.8,30;51;143;175;201;655
17039,Opp Kent Ridge Sec Sch,West Coast Rd,CLEMENTI,WEST REGION,386.0,30;51;143;175;201;655
17041,Blk 726 Clementi West Mkt,West Coast Rd,CLEMENTI,WEST REGION,404.3,30;51;143;175;201;282;655
17049,Blk 601,West Coast Rd,CLEMENTI,WEST REGION,458.2,30;51;143;175;201;655
17051,Opp Regent Pk,Clementi Ave 6,CLEMENTI,WEST REGION,989.5,154;188;196;201;963
17059,Regent Pk,Clementi Ave 6,CLEMENTI,WEST REGION,1073.5,154;154B;188;196;201;963
17061,Blk 701,West Coast Rd,CLEMENTI,WEST REGION,715.8,30;51;78;143;285;655
17069,Opp Blk 701,West Coast Rd,CLEMENTI,WEST REGION,715.2,30;51;78;143;285;655
17071,Blk 513,West Coast Rd,CLEMENTI,WEST REGION,812.3,30;51;78;143;285;655
17079,Blk 512,West Coast Rd,CLEMENTI,WEST REGION,799.0,30;51;78;143;285;655
17081,Aft West Coast Highway,West Coast Link,CLEMENTI,WEST REGION,141.1,175
17089,Bef West Coast Cres,West Coast Link,CLEMENTI,WEST REGION,235.0,175
17091,Aft Clementi Ave 1,Clementi Rd,CLEMENTI,WEST REGION,16.4,96;96B;151;183
17099,UTown - Cendana,Clementi Rd,QUEENSTOWN,CENTRAL REGION,21.5,33;96;96A;151;183;196
17101,Blk 352,Clementi Rd,CLEMENTI,WEST REGION,19.5,52;74;151;154;154B;165
17109,Opp Blk 352,Clementi Rd,QUEENSTOWN,CENTRAL REGION,33.3,52;74;151;154;165
17111,Blk 343,Clementi Rd,CLEMENTI,WEST REGION,20.8,52;74;151;154;154B;184
17119,Opp Blk 343,Clementi Rd,QUEENSTOWN,CENTRAL REGION,40.2,52;74;151;154;165
17121,Blk 610,AYE,CLEMENTI,WEST REGION,197.2,97;97e;188;196;197;198;963
17129,Aft NUS High Sch,AYE,CLEMENTI,WEST REGION,152.9,97;97e;197;198;963
17131,Clementi Flyover,AYE,CLEMENTI,WEST REGION,613.1,97;97e;188;196;197;198;963
17139,Aft Clementi Ave 2,AYE,CLEMENTI,WEST REGION,516.1,97;97e;188;189;196;197;198;963
17141,Clementi Stadium,AYE,CLEMENTI,WEST REGION,939.6,97;97e;188;196;197;198;963
17149,Blk 426,AYE,CLEMENTI,WEST REGION,959.2,97;97e;188;196;197;198;963
17151,Blk 410,C'wealth Ave West,CLEMENTI,WEST REGION,286.6,14;52;96;96B;105;106;147;154;165;166;183;185;667
17159,Blk 365,C'wealth Ave West,CLEMENTI,WEST REGION,267.8,14;52;96;96A;105;106;147;154;154B;165;166;183;185;667
17161,Blk 455,C'wealth Ave West,CLEMENTI,WEST REGION,600.1,14;52;78;96;96B;105;106;147;154;156;165;166;175;183;185;189;201;285
17169,Blk 329,C'wealth Ave West,CLEMENTI,WEST REGION,600.2,52;105;106;154;154B;183;184;185
17171,Clementi Stn Exit A/Mall,C'wealth Ave West,CLEMENTI,WEST REGION,775.6,14;52;78;96;96B;105;106;147;154;156;165;166;175;183;185;189;201;285
17179,Clementi Stn Exit B,C'wealth Ave West,CLEMENTI,WEST REGION,722.5,52;105;105B;106;106A;154;154B;183;184;185;189;201
17181,Opp Blk 317,C'wealth Ave West,CLEMENTI,WEST REGION,822.8,52;99;105;106;154;173;183;185;189;196;201
17189,Blk 317,C'wealth Ave West,CLEMENTI,WEST REGION,793.4,52;99;105;105B;106;106A;154;154B;173;183;185;189;196;201
17191,NUS High Sch,Clementi Rd,CLEMENTI,WEST REGION,151.2,188;189;196
17201,Blk 308,Clementi Ave 4,CLEMENTI,WEST REGION,382.2,284;667
17211,Bet Blks 315/318,Clementi Ave 4,CLEMENTI,WEST REGION,585.0,284;667
17219,Blk 376,Clementi Ave 4,CLEMENTI,WEST REGION,558.7,284;667
17221,Blk 377,Clementi Ave 5,CLEMENTI,WEST REGION,394.1,7;7B;282;667
17229,Blk 335,Clementi Ave 5,CLEMENTI,WEST REGION,359.6,7;184;282;667
17239,NTUC Fairprice,Clementi Ave 3,CLEMENTI,WEST REGION,710.8,14;78;96;96A;147;156;165;166;175;285
17241,Blk 334,Clementi Ave 2,CLEMENTI,WEST REGION,316.7,156;184;282;667
17249,Blk 355,Clementi Ave 2,CLEMENTI,WEST REGION,286.0,156;282;667
17251,Blk 460,Clementi Ave 2,CLEMENTI,WEST REGION,520.5,78;175;201;282;285
17259,Opp Blk 460,Clementi Ave 2,CLEMENTI,WEST REGION,506.0,78;175;189;201;282;285
17269,Blk 730,Clementi West St 2,CLEMENTI,WEST REGION,424.5,282
17279,Blk 723,Clementi West St 2,CLEMENTI,WEST REGION,200.6,282
17289,West Coast CC,Clementi West St 2,CLEMENTI,WEST REGION,286.9,282
17291,West Coast Pk,West Coast Highway,QUEENSTOWN,CENTRAL REGION,292.9,175;176
17299,Opp West Coast Pk,West Coast Highway,QUEENSTOWN,CENTRAL REGION,305.8,175;176
17301,Opp West Coast View,West Coast Highway,QUEENSTOWN,CENTRAL REGION,11.0,175;176
17309,West Coast View,West Coast Highway,CLEMENTI,WEST REGION,16.3,175;176
17311,Opp Blk 801C,West Coast Highway,QUEENSTOWN,CENTRAL REGION,18.7,176
17319,Blk 716,West Coast Highway,CLEMENTI,WEST REGION,55.1,176
17321,Tien Wah Press Bldg,West Coast Highway,CLEMENTI,WEST REGION,426.4,176
17329,Blk 705,West Coast Highway,CLEMENTI,WEST REGION,443.4,176
17331,Opp Blk 518,West Coast Highway,CLEMENTI,WEST REGION,538.2,176
17339,Blk 518,West Coast Highway,CLEMENTI,WEST REGION,567.6,176
17351,Aft Clementi Rd,West Coast Highway,QUEENSTOWN,CENTRAL REGION,14.8,175;176
17359,Bef Clementi Rd,West Coast Highway,CLEMENTI,WEST REGION,19.8,175;176
17361,Opp West Coast Lk,West Coast Highway,QUEENSTOWN,CENTRAL REGION,14.1,176
17369,Aft West Coast Lk,West Coast Highway,CLEMENTI,WEST REGION,18.0,175;176
17371,Blk 201,Clementi Ave 6,CLEMENTI,WEST REGION,803.2,185;189
17379,Blk 304,Clementi Ave 6,CLEMENTI,WEST REGION,766.6,185;189
17381,West Bay Resort Condo,West Coast Rd,CLEMENTI,WEST REGION,324.9,30;51;143;201;655
17389,Opp West Bay Resort Condo,West Coast Rd,CLEMENTI,WEST REGION,309.6,30;51;143;201;655
18011,Aft HortPark,Alexandra Rd,QUEENSTOWN,CENTRAL REGION,14.6,51;61;93;97;100;120;166;963
18019,Bef Telok Blangah Hill Pk,Alexandra Rd,BUKIT MERAH,CENTRAL REGION,28.9,51;57;61;93;97;100;120;166;175;963
18021,Opp Tempco Mfg,Ayer Rajah Cres,QUEENSTOWN,CENTRAL REGION,1549.1,91
18029,Tempco Mfg,Ayer Rajah Cres,QUEENSTOWN,CENTRAL REGION,1562.5,91
18041,Normanton Pk,AYE,QUEENSTOWN,CENTRAL REGION,1049.5,14;33;97;97e;166;197;963
18049,Opp Science Pk,AYE,QUEENSTOWN,CENTRAL REGION,1252.6,14;33;33A;97;97e;166;197;963;963e
18051,one-north Stn,Ayer Rajah Ave,QUEENSTOWN,CENTRAL REGION,1368.8,91
18059,Opp one-north Stn,Ayer Rajah Ave,QUEENSTOWN,CENTRAL REGION,1389.1,91
18061,Blk 71,Ayer Rajah Cres,QUEENSTOWN,CENTRAL REGION,1572.4,91
18069,Opp Blk 71,Ayer Rajah Cres,QUEENSTOWN,CENTRAL REGION,1591.6,91
18071,NUH,Buona Vista Flyover,QUEENSTOWN,CENTRAL REGION,1654.3,97;197;963;963e
18079,Opp NUH,Buona Vista Flyover,QUEENSTOWN,CENTRAL REGION,1613.7,97;197;198;963;963e
18081,Blk 55,Ayer Rajah Cres,QUEENSTOWN,CENTRAL REGION,1781.5,91
18089,S'pore Post,Ayer Rajah Cres,QUEENSTOWN,CENTRAL REGION,1773.0,91
18099,Bef Ayer Rajah Cres,Ayer Rajah Cres,QUEENSTOWN,CENTRAL REGION,1703.4,91
18101,5 Sci Pk Dr,Buona Vista Flyover,QUEENSTOWN,CENTRAL REGION,1863.6,14;33;97;166;197;963;963e
18109,Blk 55/Opp 5 Sci Pk Dr,Buona Vista Flyover,QUEENSTOWN,CENTRAL REGION,1879.5,14;33;33A;97;166;197;963;963e
18111,Fairfield Meth Pr Sch,Dover Rd,QUEENSTOWN,CENTRAL REGION,1156.2,33;33A;74;166;196;667
18119,Opp Fairfield Meth Pr Sch,Dover Rd,QUEENSTOWN,CENTRAL REGION,1216.7,33;74;166;196;667
18121,Opp Ayer Rajah Ind Est,Buona Vista Flyover,QUEENSTOWN,CENTRAL REGION,1500.7,14;33;92;95;95B;166;198;200
18129,Ayer Rajah Ind Est,Buona Vista Flyover,QUEENSTOWN,CENTRAL REGION,1474.9,14;33;33A;92;92A;95;166;198;200;200A
18131,Science Pk,AYE,QUEENSTOWN,CENTRAL REGION,1240.5,14;33;97;97e;166;197;963;963e
18141,Aft Anglo-Chinese JC,Nth Buona Vista Rd,QUEENSTOWN,CENTRAL REGION,775.7,14;74;91;92;95;95B;191;196;198;200
18149,Essec Business Sch,Nth Buona Vista Rd,QUEENSTOWN,CENTRAL REGION,972.2,14;74;91;92;92A;95;191;196;198;200;200A
18151,Opp one-north Stn/Galaxis,Portsdown Rd,QUEENSTOWN,CENTRAL REGION,1136.9,191
18159,one-north Stn/Galaxis,Portsdown Rd,QUEENSTOWN,CENTRAL REGION,1147.3,191
18171,Bef Weyhill Cl,Portsdown Rd,QUEENSTOWN,CENTRAL REGION,992.9,191
18179,Opp Weyhill Cl,Portsdown Rd,QUEENSTOWN,CENTRAL REGION,970.6,191
18181,Opp Tanglin Trust Sch,Portsdown Rd,QUEENSTOWN,CENTRAL REGION,1208.1,191
18189,Tanglin Trust Sch,Portsdown Rd,QUEENSTOWN,CENTRAL REGION,1076.7,191
18191,Bef Whitchurch Rd,Portsdown Rd,QUEENSTOWN,CENTRAL REGION,1175.3,191
18199,Aft Whitchurch Rd,Portsdown Rd,QUEENSTOWN,CENTRAL REGION,1300.8,191
18201,Mediacorp Campus,Media Circle,QUEENSTOWN,CENTRAL REGION,1426.3,191
18211,Infinite Studios,Portsdown Rd,QUEENSTOWN,CENTRAL REGION,1029.7,191
18221,NUH,Lower Kent Ridge Rd,QUEENSTOWN,CENTRAL REGION,1536.7,95
18239,Opp NUH,Lower Kent Ridge Rd,QUEENSTOWN,CENTRAL REGION,1499.9,95;95B
18241,7 Sci Pk Dr (Geneo),Science Pk Dr,QUEENSTOWN,CENTRAL REGION,1754.3,92;92A;92B
18249,DNV Technology Ctr,Science Pk Dr,QUEENSTOWN,CENTRAL REGION,1738.1,92;92B
18251,71 Sci Pk Dr,Science Pk Dr,QUEENSTOWN,CENTRAL REGION,1635.0,92;92A;92B
18261,Opp DSO Natl Laboratories,Science Pk Dr,QUEENSTOWN,CENTRAL REGION,1521.0,92;92A;92B
18269,DSO Natl Laboratories,Science Pk Dr,QUEENSTOWN,CENTRAL REGION,1533.4,92;92B
18271,Blk 85,Science Pk Dr,QUEENSTOWN,CENTRAL REGION,1380.6,92;92A;92B
18279,Opp Blk 85,Science Pk Dr,QUEENSTOWN,CENTRAL REGION,1397.2,92;92B
18281,Opp Normanton Pk/R'ford,Science Pk Dr,QUEENSTOWN,CENTRAL REGION,1211.3,92;92A;92B
18289,Opp R'ford/Normanton Pk,Science Pk Dr,QUEENSTOWN,CENTRAL REGION,1206.1,92;92B
18301,Lim Seng Tjoe Bldg (LT 27),Lower Kent Ridge Rd,QUEENSTOWN,CENTRAL REGION,1243.8,95
18309,Blk S17,Lower Kent Ridge Rd,QUEENSTOWN,CENTRAL REGION,1286.4,95;95B
18311,Blk S12,Lower Kent Ridge Rd,QUEENSTOWN,CENTRAL REGION,909.7,95
18319,Opp University Hall,Lower Kent Ridge Rd,QUEENSTOWN,CENTRAL REGION,932.3,95;95B
18321,Opp University Health Ctr,Lower Kent Ridge Rd,QUEENSTOWN,CENTRAL REGION,649.4,95
18329,University Health Ctr,Lower Kent Ridge Rd,QUEENSTOWN,CENTRAL REGION,691.7,95;95B
18331,Kent Ridge Stn Exit A/NUH,Lower Kent Ridge Rd,QUEENSTOWN,CENTRAL REGION,1643.2,95
18339,Opp Kent Ridge Stn Exit A,Lower Kent Ridge Rd,QUEENSTOWN,CENTRAL REGION,1662.1,95;95B
19011,Blk 19A CP,C'wealth Ave West,QUEENSTOWN,CENTRAL REGION,356.3,14;105;106;147;185
19019,Blk 27,C'wealth Ave West,QUEENSTOWN,CENTRAL REGION,323.2,14;105;106;147;185
19021,SP SMA,C'wealth Ave West,QUEENSTOWN,CENTRAL REGION,291.0,14;74;105;106;147;166;185
19029,Opp SP SMA,C'wealth Ave West,QUEENSTOWN,CENTRAL REGION,266.8,14;74;105;106;147;166;185
19031,Dover Stn Exit A,C'wealth Ave West,QUEENSTOWN,CENTRAL REGION,202.7,14;74;105;106;147;166;185
19039,Dover Stn Exit B,C'wealth Ave West,QUEENSTOWN,CENTRAL REGION,144.9,14;74;105;106;147;166;185
19041,Opp Sch of Science & Tech,C'wealth Ave West,QUEENSTOWN,CENTRAL REGION,296.9,14;74;105;106;147;166;185
19049,Sch of Science & Tech,C'wealth Ave West,QUEENSTOWN,CENTRAL REGION,281.3,14;74;105;106;147;166;185
19051,New Town Sec Sch,Dover Rd,QUEENSTOWN,CENTRAL REGION,242.1,33;33A;196
19059,UTown - RC4,Dover Rd,QUEENSTOWN,CENTRAL REGION,111.0,33;196
19061,Ayer Rajah Telecoms,Dover Rd,QUEENSTOWN,CENTRAL REGION,615.0,33;33A;196
19069,Opp Ayer Rajah Telecoms,Dover Rd,QUEENSTOWN,CENTRAL REGION,571.5,33;196
19071,Opp ACS Independent,Dover Rd,QUEENSTOWN,CENTRAL REGION,760.7,33;33A;74;166;196;667
19079,Dover Ct Intl Sch,Dover Rd,QUEENSTOWN,CENTRAL REGION,705.8,33;196
19081,Opp ACS Boarding Sch,Dover Rd,QUEENSTOWN,CENTRAL REGION,960.0,33;33A;74;166;196;667
19089,ACS Independent,Dover Rd,QUEENSTOWN,CENTRAL REGION,871.8,33;74;166;196;667
19091,S'pore Poly,Dover Ave,QUEENSTOWN,CENTRAL REGION,488.1,74;166;667
19099,Opp S'pore Poly,Dover Ave,QUEENSTOWN,CENTRAL REGION,538.7,74;166;667
20011,Blk 506,AYE,CLEMENTI,WEST REGION,1121.5,97;97e;197;198
20019,Blk 431,AYE,CLEMENTI,WEST REGION,1172.8,97;97e;188;188e;196;197;198;963
20021,NEWest,AYE,CLEMENTI,WEST REGION,830.3,97;154;197;198;201
20029,Opp NEWest,AYE,CLEMENTI,WEST REGION,761.9,97;154;154B;197;198;201
20031,The Infiniti,AYE,CLEMENTI,WEST REGION,337.3,97;154;197;198;201
20039,Opp The Infiniti,AYE,CLEMENTI,WEST REGION,330.0,97;154;154B;197;198;201
20051,Cycle & Carriage,AYE,JURONG EAST,WEST REGION,464.0,97;154;197;198
20059,Opp Cycle & Carriage,AYE,JURONG EAST,WEST REGION,408.5,97;154;154B;197;198;201
20061,Aft Jurong Town Hall Rd,Jln Ahmad Ibrahim,JURONG EAST,WEST REGION,846.5,49;154;178
20069,Bef Jurong Town Hall Rd,Jln Ahmad Ibrahim,JURONG EAST,WEST REGION,711.9,49;154;154B;178
20081,Carrier S'pore,Jln Ahmad Ibrahim,JURONG EAST,WEST REGION,1243.9,49;154;178;201
20089,Opp Carrier S'pore,Jln Ahmad Ibrahim,JURONG EAST,WEST REGION,1191.1,30;49;154;154B;178
20101,Nan Hua Pr Sch,C'wealth Ave West,CLEMENTI,WEST REGION,955.2,52;99;105;106;173;183;188;963
20109,Aft Clementi Fire Stn,C'wealth Ave West,CLEMENTI,WEST REGION,969.8,52;99;105;105B;106;106A;173;183;188;963
20121,Opp Blk 51,West Coast Rd,JURONG EAST,WEST REGION,1342.0,30;78;78A;79;79T;655
20129,Bet Blks 50/51,West Coast Rd,JURONG EAST,WEST REGION,1337.0,78;79;201;655
20131,S'pore Food Ind Bldg,West Coast Rd,CLEMENTI,WEST REGION,314.0,30;51;143;176;655
20139,Bef West Coast Rise,West Coast Rd,CLEMENTI,WEST REGION,317.7,30;51;143;176;655
20141,Opp Blk 408,West Coast Rd,JURONG EAST,WEST REGION,101.9,30;51;143;176;655
20149,Blk 408,West Coast Rd,JURONG EAST,WEST REGION,96.8,30;51;143;176;655
20151,Opp Blk 411,West Coast Rd,JURONG EAST,WEST REGION,371.4,30;176
20159,Blk 411,West Coast Rd,JURONG EAST,WEST REGION,358.1,30;143M;176;201
20161,Opp Blks 34/35,West Coast Rd,JURONG EAST,WEST REGION,824.7,78;78A;143;143M
20169,Blk 35,West Coast Rd,JURONG EAST,WEST REGION,767.5,78;143;143M
20171,Opp Blk 47,West Coast Rd,JURONG EAST,WEST REGION,1076.4,78;78A;143;143M
20179,Blk 31,West Coast Rd,JURONG EAST,WEST REGION,1166.4,78;143;143M
20181,Ayer Rajah CC,Pandan Gdns,JURONG EAST,WEST REGION,382.5,51;51A;143;655
20189,Opp Ayer Rajah CC,Pandan Gdns,JURONG EAST,WEST REGION,390.3,51;143;143M;201;655
20191,Blk 407,Pandan Gdns,JURONG EAST,WEST REGION,217.0,51;51A;143;655
20199,Blk 410,Pandan Gdns,JURONG EAST,WEST REGION,232.8,51;143;143M;201;655
20201,Bef Blk 39,Teban Gdns Rd,JURONG EAST,WEST REGION,776.4,30;79;79T;143;143M;655
20209,Bef Jurong Town Hall Rd,Teban Gdns Rd,JURONG EAST,WEST REGION,749.2,79;143;143M;201;655
20211,Blk 41,Teban Gdns Rd,JURONG EAST,WEST REGION,994.9,30;79;79T;143;143M;655
20219,Opp Blk 41,Teban Gdns Rd,JURONG EAST,WEST REGION,1050.1,79;143;143M;201;655
20231,Bef Hasanah Mque,Teban Gdns Rd,JURONG EAST,WEST REGION,1237.9,30;79;79T;143;143M;655
20239,Aft Hasanah Mque,Teban Gdns Rd,JURONG EAST,WEST REGION,1262.1,79;143;143M;201;655
20241,Opp Blk 54,Penjuru Rd,JURONG EAST,WEST REGION,1231.7,30
20249,Blk 54,Penjuru Rd,JURONG EAST,WEST REGION,1248.7,201
20251,Bef Teban Gdns Rd,Jurong Town Hall Rd,JURONG EAST,WEST REGION,628.9,30;78;176
20259,C'wealth Sec Sch,Jurong Town Hall Rd,JURONG EAST,WEST REGION,593.1,30;78;78A;143;143M;176;201
20261,Aft Pandan Gdns,Jurong Town Hall Rd,JURONG EAST,WEST REGION,636.8,51;78;79;143;143M;176;201
20269,Bef Pandan Gdns,Jurong Town Hall Rd,JURONG EAST,WEST REGION,598.9,30;51;51A;78;78A;176
20271,Opp German Ctr,Jurong Town Hall Rd,JURONG EAST,WEST REGION,522.3,49;51;78;79;97;97e;143;143M;176;178;197;198;647
20281,Opp The Japanese Sec Sch,West Coast Highway,CLEMENTI,WEST REGION,564.2,30;51;143;176;285;655
20289,The Japanese Sec Sch,West Coast Highway,CLEMENTI,WEST REGION,589.6,30;51;143;176;655
20291,Opp Blk 501,West Coast Rd,CLEMENTI,WEST REGION,662.9,30;51;78;143;285;655
20299,Blk 501,West Coast Rd,CLEMENTI,WEST REGION,735.7,30;51;78;143;285;655
20309,Blk L Pandan Light Ind Pk,Pandan Loop,CLEMENTI,WEST REGION,355.6,285
20319,Blk T Pandan Light Ind Pk,Pandan Loop,CLEMENTI,WEST REGION,468.6,285
20329,S'pore Food Ind,Pandan Loop,CLEMENTI,WEST REGION,262.9,285
20331,Vejoil Pte Ltd,Pandan Loop,CLEMENTI,WEST REGION,184.4,285
20341,Pan Tech Ind Cplx,Pandan Loop,CLEMENTI,WEST REGION,296.3,285
21011,Aft Jurong Lake,Jln Ahmad Ibrahim,JURONG EAST,WEST REGION,297.3,30;49;154;178
21019,Aft Yuan Ching Rd,Jln Ahmad Ibrahim,JURONG EAST,WEST REGION,126.3,30;49;154;154B;178
21021,Bef Jurong Port Rd,Jln Ahmad Ibrahim,JURONG EAST,WEST REGION,39.8,30;49;154;178
21029,Aft Corp Pl,Jln Ahmad Ibrahim,JURONG WEST,WEST REGION,17.4,30;49;98M;154;154B;178;240
21041,Aft Jln Terusan,Jurong Port Rd,BOON LAY,WEST REGION,7.7,79;79T;98
21049,Bef Jln Terusan,Jurong Port Rd,JURONG EAST,WEST REGION,9.3,79;98;98B
21051,Bef Penjuru Rd,Jln Buroh,JURONG EAST,WEST REGION,1186.1,79
21059,Aft Penjuru Rd,Jln Buroh,JURONG EAST,WEST REGION,1150.4,79;79T
21069,Bef Jln Tepong,Jurong Port Rd,JURONG EAST,WEST REGION,217.8,98;98B
21071,Jurong Abattoir,Jln Buroh,JURONG EAST,WEST REGION,312.5,79
21079,Opp Jurong Abattoir,Jln Buroh,JURONG EAST,WEST REGION,382.3,79;79T;98;98B
21089,Bef Jln Buroh,Fishery Port Rd,JURONG EAST,WEST REGION,461.5,98;98B
21099,Jurong Island Checkpt,Jurong Pier Way,JURONG EAST,WEST REGION,128.9,98;98B
21109,Ctrl Fish Proc Fty,Jln Tepong,JURONG EAST,WEST REGION,409.7,98;98B
21111,Aft Jurong Pier Rd,Jln Buroh,BOON LAY,WEST REGION,18.4,98
21119,Bef Jurong Pier Rd,Jln Buroh,JURONG EAST,WEST REGION,28.6,98;98B
21121,SPC Svc Stn,Jln Buroh,BOON LAY,WEST REGION,21.8,98
21129,Opp SPC Svc Stn,Jln Buroh,JURONG EAST,WEST REGION,16.3,98;98B
21131,Bef Jurong Port Rd,Jln Buroh,BOON LAY,WEST REGION,11.8,98
21139,Aft Jurong Port Rd,Jln Buroh,JURONG EAST,WEST REGION,19.1,98;98B
21141,Aft Jln Buroh,Jurong Port Rd,BOON LAY,WEST REGION,8.4,79;79T;98
21149,Jurong Port Workshops,Jurong Port Rd,JURONG EAST,WEST REGION,16.9,79;98;98B
21151,CWT Distripk,Jurong Port Rd,BOON LAY,WEST REGION,13.3,79;79T;98
21159,Sin Soon Huat,Jurong Port Rd,JURONG EAST,WEST REGION,13.3,79;98;98B
21161,Blk 216B,Corporation Rd,JURONG WEST,WEST REGION,762.6,157;174;185
21169,Opp Blk 216B,Corporation Rd,JURONG WEST,WEST REGION,730.6,157;185
21171,Opp Corp Pl,Corporation Rd,BOON LAY,WEST REGION,12.9,30;79;79T;98;154;178
21179,Corp Pl,Corporation Rd,JURONG WEST,WEST REGION,11.8,30;79;98;98A;98B;98M;154;154B;178;240
21181,Opp Blk 161,Corporation Rd,BOON LAY,WEST REGION,12.9,79;79T;178
21189,Blk 161,Corporation Rd,JURONG WEST,WEST REGION,11.8,79;178
21191,Opp Blk 178,Corporation Rd,JURONG WEST,WEST REGION,154.4,178
21199,Blk 178,Corporation Rd,JURONG WEST,WEST REGION,194.2,178
21201,Opp Taman Jurong Greens,Corporation Rd,JURONG WEST,WEST REGION,658.8,178
21209,Taman Jurong Greens,Corporation Rd,JURONG WEST,WEST REGION,654.6,178
21211,Opp Lakepoint Condo,Corporation Rd,JURONG WEST,WEST REGION,635.1,30;49;98;98M;178
21219,Lakepoint Condo,Corporation Rd,JURONG WEST,WEST REGION,613.1,30;49;98;98A;98B;98M;178
21229,Opp S'pore A'space Mfg,Corporation Rd,JURONG WEST,WEST REGION,600.5,30;49;98;98A;98B;98M;178
21231,Blk 203,Corporation Rd,JURONG WEST,WEST REGION,608.8,240;240M;246
21239,Opp Blk 203,Corporation Rd,JURONG WEST,WEST REGION,593.8,240;240M;246
21241,Blk 216 CP,Boon Lay Ave,JURONG WEST,WEST REGION,851.3,174;174e;198;198A;502;502A
21249,Blk 213,Boon Lay Ave,JURONG WEST,WEST REGION,861.3,174;174e;198;502
21251,Bef Quality Rd,Chin Bee Dr,JURONG WEST,WEST REGION,826.1,79;246
21259,Aft Quality Rd,Chin Bee Dr,JURONG WEST,WEST REGION,802.2,79;79T;246
21261,Aft Chin Bee Ave,Quality Rd,JURONG WEST,WEST REGION,578.1,79;79T;246
21269,Bef Chin Bee Ave,Quality Rd,JURONG WEST,WEST REGION,598.8,79;246
21271,Opp Assyakirin Mque,Corporation Rd,JURONG WEST,WEST REGION,373.3,178
21279,Assyakirin Mque,Corporation Rd,JURONG WEST,WEST REGION,398.5,178
21291,Aft Jln Buroh,Jurong Pier Rd,BOON LAY,WEST REGION,200.8,249
21299,Bef Jln Buroh,Jurong Pier Rd,BOON LAY,WEST REGION,212.2,249;249A
21301,Opp Jln Pesawat,Jurong Pier Rd,BOON LAY,WEST REGION,660.4,249
21309,Aft Jln Pesawat,Jurong Pier Rd,BOON LAY,WEST REGION,560.0,249;249A
21311,Bef Tractor Rd,Jln Boon Lay,BOON LAY,WEST REGION,578.4,249
21319,Opp Tractor Rd,Jln Boon Lay,BOON LAY,WEST REGION,513.9,249;249A
21321,UTOC Engrg,Jln Boon Lay,BOON LAY,WEST REGION,222.6,249
21329,Opp UTOC Engrg,Jln Boon Lay,BOON LAY,WEST REGION,153.4,249;249A
21331,Opp Premier Milk Pte Ltd,Jln Boon Lay,JURONG WEST,WEST REGION,238.9,249
21339,Premier Milk Pte Ltd,Jln Boon Lay,JURONG WEST,WEST REGION,188.7,249;249A
21341,Opp GSK,Jln Boon Lay,JURONG WEST,WEST REGION,744.3,249
21349,GSK,Jln Boon Lay,JURONG WEST,WEST REGION,775.0,249;249A
21351,Bef Boon Lay Way,Jln Boon Lay,JURONG WEST,WEST REGION,1125.5,79;79T;246;249
21359,Aft ST Kinetics,Jln Boon Lay,JURONG WEST,WEST REGION,1099.3,79;246;249;249A
21361,Blk 695,Jln Boon Lay,JURONG WEST,WEST REGION,1527.9,157;172;174;174e;198;198A;974;974A
21369,Opp Blk 695,Jln Boon Lay,JURONG WEST,WEST REGION,1491.3,157;172;174;174e;198;974
21371,Blk 680C,Jln Boon Lay,JURONG WEST,WEST REGION,1401.4,99;157;172;199;242;405;974;974A
21379,Blk 263,Jln Boon Lay,JURONG WEST,WEST REGION,1421.7,99;157;172;199;242;405;974
21381,St. Joseph's Hme,Jurong West Ave 2,JURONG WEST,WEST REGION,908.8,157
21389,Opp St. Joseph's Hme,Jurong West Ave 2,JURONG WEST,WEST REGION,940.4,157
21391,River Valley High Sch,Boon Lay Ave,JURONG WEST,WEST REGION,1456.2,99;174;174e;198;502
21399,Opp River Valley High Sch,Boon Lay Ave,JURONG WEST,WEST REGION,1501.7,99;174;174e;198;198A;502;502A
21409,Blk 191,Boon Lay Dr,JURONG WEST,WEST REGION,1040.5,246;258M
21411,Opp Blk 188,Boon Lay Dr,JURONG WEST,WEST REGION,1238.6,240;240M
21419,Blk 188,Boon Lay Dr,JURONG WEST,WEST REGION,1210.7,240;240M;246;258M
21421,Blk 176,Boon Lay Ave,JURONG WEST,WEST REGION,1199.9,99;174;174e;198;198A;240;240M;502;502A
21429,Blk 185,Boon Lay Ave,JURONG WEST,WEST REGION,1167.4,99;174;174e;198;240;240M;246;258M;502
21431,Blk 210,Boon Lay Pl,JURONG WEST,WEST REGION,1063.7,99;240;240M
21439,Boon Lay CC,Boon Lay Pl,JURONG WEST,WEST REGION,1016.2,99;240;240M;246;258M
21441,Blk 207,Boon Lay Pl,JURONG WEST,WEST REGION,969.8,99;240;240M
21449,Boon Lay Shop Ctr,Boon Lay Pl,JURONG WEST,WEST REGION,992.2,99;240;240M;246;258M
21451,Blk 206,Boon Lay Dr,JURONG WEST,WEST REGION,788.6,99;240;240M;246
21459,Blk 209,Boon Lay Dr,JURONG WEST,WEST REGION,775.8,99;240;240M;246
21461,Bef Tukang Innovation Dr,Jln Tukang,BOON LAY,WEST REGION,178.9,246
21469,Bef Chia Ping Rd,Jln Tukang,BOON LAY,WEST REGION,178.8,246
21471,Bef Tukang Innovation Lane,Jln Tukang,BOON LAY,WEST REGION,344.6,246
21479,Aft Tukang Innovation Lane,Jln Tukang,BOON LAY,WEST REGION,333.4,246
21481,Grundfos,Jln Tukang,BOON LAY,WEST REGION,329.9,246
21489,Opp Grundfos,Jln Tukang,BOON LAY,WEST REGION,314.5,246
21491,Bef Intl Rd,Quality Rd,BOON LAY,WEST REGION,203.8,246
21499,Bef Jln Tukang,Quality Rd,BOON LAY,WEST REGION,242.1,246
21501,Bef Meiji Seika,Quality Rd,JURONG WEST,WEST REGION,203.4,246
21509,Opp Meiji Seika,Quality Rd,JURONG WEST,WEST REGION,282.9,246
21511,Bef Chin Bee Rd,Chin Bee Ave,JURONG WEST,WEST REGION,469.3,79
21519,Aft Chin Bee Rd,Chin Bee Ave,JURONG WEST,WEST REGION,446.5,79;79T
21521,PB Packaging Systems,Chin Bee Ave,JURONG WEST,WEST REGION,472.6,79
21529,Aft Third Chin Bee Rd,Chin Bee Ave,JURONG WEST,WEST REGION,450.4,79;79T
21531,Clariant S'pore,Third Chin Bee Rd,JURONG WEST,WEST REGION,175.4,79
21539,Opp Kaily Packaging,Third Chin Bee Rd,JURONG WEST,WEST REGION,114.8,79;79T
21541,Aft Fourth Chin Bee Rd,Intl Rd,JURONG WEST,WEST REGION,11.1,79
21549,Automotive Technology,Intl Rd,BOON LAY,WEST REGION,14.5,79;79T
21551,Blk 151,Yung Ho Rd,JURONG WEST,WEST REGION,145.1,30;98;154;154A;246
21559,CISCO Recall,Yung Ho Rd,JURONG WEST,WEST REGION,113.9,30;98;98A;98B;98M;154;154B;240;246
21561,Blk 158,Corporation Dr,JURONG WEST,WEST REGION,211.0,30;49;98;98M;240;246
21569,Opp Blk 158,Corporation Dr,JURONG WEST,WEST REGION,209.4,30;49;98;98A;98B;98M;240;246
21571,Opp Jurong Sec Sch,Corporation Dr,JURONG WEST,WEST REGION,197.5,30;49;98;98M;240;246
21579,Jurong Sec Sch,Corporation Dr,JURONG WEST,WEST REGION,181.0,30;49;98;98A;98B;98M;240;246
21581,Blk 65,Corporation Dr,JURONG WEST,WEST REGION,188.3,30;98;98M;240;240A;246
21589,Opp Blk 65,Corporation Dr,JURONG WEST,WEST REGION,169.3,30;98;98A;98B;98M;240;246
21591,Opp Blk 117,Corporation Dr,JURONG WEST,WEST REGION,292.2,30;98;98M;240;240A;246
21599,Blk 117,Corporation Dr,JURONG WEST,WEST REGION,263.4,30;98;98A;98B;98M;240;246
21601,Blk 357,Corporation Dr,JURONG WEST,WEST REGION,373.2,30;49;98;98M;240;240A
21609,Opp Blk 364,Corporation Dr,JURONG WEST,WEST REGION,353.6,30;49;98;98A;98B;98M;240
21611,Blk 367,Corporation Dr,JURONG WEST,WEST REGION,437.3,30;49;98;98M
21619,Aft Corp Rd,Corporation Dr,JURONG WEST,WEST REGION,559.3,30;49;98;98A;98B;98M
21621,Blk 354,Kang Ching Rd,JURONG WEST,WEST REGION,172.4,240;240A
21629,Blk 334,Kang Ching Rd,JURONG WEST,WEST REGION,74.1,240
21631,Blk 115,Yuan Ching Rd,JURONG WEST,WEST REGION,9.4,49;154;154A
21639,Opp Blk 115,Yuan Ching Rd,JURONG EAST,WEST REGION,10.0,49;154;154B
21641,Bef Blk 322,Yuan Ching Rd,JURONG WEST,WEST REGION,8.9,49;154;154A
21649,Opp Blk 322,Yuan Ching Rd,JURONG EAST,WEST REGION,10.4,49;154;154B
21651,Opp Chinese Gdn,Yuan Ching Rd,JURONG WEST,WEST REGION,10.0,154;154A;246
21659,Chinese Gdn,Yuan Ching Rd,JURONG EAST,WEST REGION,11.0,154;154B;246
21661,Yuan Ching Sec Sch,Yuan Ching Rd,JURONG WEST,WEST REGION,10.6,154;154A;240;240A;246
21669,Opp Blk 134D,Yuan Ching Rd,JURONG EAST,WEST REGION,11.8,154;154B;240;246
21671,Blk 331,Tah Ching Rd,JURONG WEST,WEST REGION,71.8,49;246
21679,Blk 329,Tah Ching Rd,JURONG WEST,WEST REGION,105.8,49;246
21681,Opp Blk 200,Boon Lay Way,JURONG WEST,WEST REGION,749.2,30;154;178;180;187
21689,Blk 200,Boon Lay Way,JURONG WEST,WEST REGION,775.5,30;154;154B;178;180;180A;187
21691,Opp Summerdale,Boon Lay Way,JURONG WEST,WEST REGION,1026.3,30;154;178;180;187
21699,Summerdale,Boon Lay Way,JURONG WEST,WEST REGION,1013.4,30;154;154B;178;180;180A;187
21711,Bet Blks 523/525,Corporation Rd,JURONG WEST,WEST REGION,716.2,99
21719,Opp Blk 529,Corporation Rd,JURONG WEST,WEST REGION,819.7,99
21721,Blk 239A,Boon Lay Dr,JURONG WEST,WEST REGION,1148.1,240;240M
21729,Opp Blk 239A,Boon Lay Dr,JURONG WEST,WEST REGION,1120.8,240;240M;258M
21751,Jurong Sec Sch,Yuan Ching Rd,JURONG WEST,WEST REGION,8.7,154;154A
21759,Opp Jurong Sec Sch,Yuan Ching Rd,JURONG EAST,WEST REGION,9.1,154;154B
21761,Blk 138B,Yuan Ching Rd,JURONG WEST,WEST REGION,6.3,154;154A
21769,Opp Blk 138B,Yuan Ching Rd,JURONG EAST,WEST REGION,11.0,154;154B
21771,Aft Corp Dr,Yung Ho Rd,JURONG WEST,WEST REGION,185.0,49;154;154A
21779,Aft Yuan Ching Rd,Yung Ho Rd,JURONG WEST,WEST REGION,126.3,49;98M;154;154B;240
22009,Boon Lay Int,Jurong West Ctrl 3,JURONG WEST,WEST REGION,1281.5,30;79;79T;154;154B;157;172;174;174e;178;179;179A;180;180A;181;181A;181M;187;192;193;194;198;198A;199;240;241;242;243G;243W;246;249;249A;251;252;405
22011,Bef Jurong Hill,Jln Ahmad Ibrahim,BOON LAY,WEST REGION,729.7,194
22019,Aft Tractor Rd,Jln Ahmad Ibrahim,BOON LAY,WEST REGION,640.9,194
22021,Givaudan,Jln Ahmad Ibrahim,BOON LAY,WEST REGION,676.3,194
22029,Opp Givaudan,Jln Ahmad Ibrahim,BOON LAY,WEST REGION,591.1,194
22031,Bef Pioneer Circus,Jln Ahmad Ibrahim,BOON LAY,WEST REGION,227.8,194
22039,Markono Holdings,Jln Ahmad Ibrahim,BOON LAY,WEST REGION,231.7,194
22041,Aft Tg Kling Rd,Jln Buroh,BOON LAY,WEST REGION,324.5,249
22049,Bef Tg Kling Rd,Jln Buroh,BOON LAY,WEST REGION,239.4,249;249A
22051,Opp Buroh St,Jln Buroh,BOON LAY,WEST REGION,703.0,249
22059,Aft Buroh St,Jln Buroh,BOON LAY,WEST REGION,626.0,249;249A
22061,CEVA Logistics,Jln Buroh,BOON LAY,WEST REGION,591.0,249
22069,Opp CEVA Logistics,Jln Buroh,BOON LAY,WEST REGION,671.4,249;249A
22071,Bef Jurong Pier Rd,Jln Buroh,BOON LAY,WEST REGION,319.6,249
22079,Aft Jurong Pier Rd,Jln Buroh,BOON LAY,WEST REGION,196.8,249;249A
22081,Opp Natsteel,Tg Kling Rd,BOON LAY,WEST REGION,126.6,249
22089,Natsteel,Tg Kling Rd,BOON LAY,WEST REGION,145.6,249;249A
22091,Aft Jln Samulun,Shipyard Rd,BOON LAY,WEST REGION,114.4,249;251
22099,Bef Jln Samulun,Shipyard Rd,BOON LAY,WEST REGION,111.5,249
22141,Aft Jln Buroh,Pioneer Rd,PIONEER,WEST REGION,23.0,251
22149,Bef Jln Buroh,Pioneer Rd,BOON LAY,WEST REGION,16.9,251
22151,Hitachi,Pioneer Rd,PIONEER,WEST REGION,17.7,251
22159,Opp Hitachi,Pioneer Rd,BOON LAY,WEST REGION,22.4,251
22161,Aft Lok Yang Way,Pioneer Rd Nth,PIONEER,WEST REGION,9.9,193;251;258;258M
22169,Aft Intl Rd,Pioneer Rd Nth,BOON LAY,WEST REGION,11.1,193;251;258;258M
22171,Opp Secura S'pore,Pioneer Rd Nth,JURONG WEST,WEST REGION,198.0,193;251;258;258M
22179,Secura S'pore,Pioneer Rd Nth,JURONG WEST,WEST REGION,249.5,193;251;258;258M
22181,S'pore Post,Pioneer Rd Nth,JURONG WEST,WEST REGION,584.8,185;193;251;258;258M;502;502A
22189,Pioneer Junction,Pioneer Rd Nth,JURONG WEST,WEST REGION,660.6,185;193;251;258;258M;502
22191,Soon Lee Depot,Soon Lee Rd,JURONG WEST,WEST REGION,394.2,185;502;502A
22199,Opp Soon Lee Depot,Soon Lee Rd,JURONG WEST,WEST REGION,362.7,185;502
22219,Aft Neythal Rd,Intl Rd,BOON LAY,WEST REGION,12.7,252
22221,Aft Pioneer Rd Nth,Intl Rd,JURONG WEST,WEST REGION,16.1,252
22229,Bef Pioneer Rd Nth,Intl Rd,BOON LAY,WEST REGION,13.4,252
22231,Blk 639,Jurong West St 61,JURONG WEST,WEST REGION,937.6,243W;258;258M;651
22239,Blk 624,Jurong West St 61,JURONG WEST,WEST REGION,954.3,243G;258;258M;651
22241,Opp Blk 622,Jurong West St 62,JURONG WEST,WEST REGION,1163.4,192;243W
22249,Blk 622,Jurong West St 62,JURONG WEST,WEST REGION,1102.4,192;243G
22251,Blk 665A,Jurong West St 62,JURONG WEST,WEST REGION,1389.0,192;243W
22259,Blk 668D,Jurong West St 62,JURONG WEST,WEST REGION,1368.4,192;243G
22271,Bef Kwong Min Rd,Soon Lee Rd,JURONG WEST,WEST REGION,165.2,252
22281,Aft Soon Lee Rd,Fan Yoong Rd,JURONG WEST,WEST REGION,81.8,252
22289,Bef Fan Yoong Rd,Soon Lee Rd,JURONG WEST,WEST REGION,167.4,252
22299,Bef Soon Lee Rd,Kwong Min Rd,JURONG WEST,WEST REGION,325.9,252
22309,Aft Fan Yoong Rd,Enterprise Rd,JURONG WEST,WEST REGION,613.6,252
22319,Bef Enterprise Rd,Wan Lee Rd,JURONG WEST,WEST REGION,470.0,252
22329,Opp Sam McCoy Engrg,Wan Lee Rd,JURONG WEST,WEST REGION,276.6,252
22331,Tg Kling Rd (End),Tg Kling Rd,BOON LAY,WEST REGION,135.6,249;249A
22341,Blk 673C,Jurong West Ave 4,JURONG WEST,WEST REGION,957.9,99;193;242
22349,Blk 734A CP,Jurong West Ave 4,JURONG WEST,WEST REGION,917.4,99;193;242
22351,Opp Blk 717,Jurong West Ave 4,JURONG WEST,WEST REGION,850.1,193
22359,Blk 717,Jurong West Ave 4,JURONG WEST,WEST REGION,808.6,193;242
22361,Blk 641,Jurong West Ave 4,JURONG WEST,WEST REGION,838.3,193;243W
22369,Blk 704,Jurong West Ave 4,JURONG WEST,WEST REGION,819.2,193;243G
22391,Bef Jln Buroh,Tg Kling Rd,BOON LAY,WEST REGION,200.5,249;251
22399,Aft Jln Buroh,Tg Kling Rd,BOON LAY,WEST REGION,197.1,249;249A
22401,Aft Shipyard Rd,Tg Kling Rd,BOON LAY,WEST REGION,256.1,249;251
22409,Bef Shipyard Rd,Tg Kling Rd,BOON LAY,WEST REGION,267.7,249;249A
22411,Blk 676B,Jurong West Ave 4,JURONG WEST,WEST REGION,1118.7,99;242
22419,Jurong West Sub-Stn,Jurong West Ave 4,JURONG WEST,WEST REGION,1086.8,99;242
22421,Natl Oxygen Pte Ltd,Tg Kling Rd,BOON LAY,WEST REGION,144.2,249
22429,Opp Natl Oxygen Pte Ltd,Tg Kling Rd,BOON LAY,WEST REGION,140.1,249;249A
22431,Opp Fei Siong Group,Enterprise Rd,JURONG WEST,WEST REGION,555.4,252
22439,Aft Fei Siong Group,Enterprise Rd,JURONG WEST,WEST REGION,574.0,252
22441,Blk 669 CP,Jurong West St 64,JURONG WEST,WEST REGION,1325.0,181;181A;181M;193;243G;258;258M;502
22449,Blk 685B,Jurong West St 64,JURONG WEST,WEST REGION,1329.3,181;181M;193;243W;258;258M;502;502A
22451,Opp Blk 643,Pioneer Rd Nth,JURONG WEST,WEST REGION,1042.4,179;185;193;241;502;502A
22459,Blk 643,Pioneer Rd Nth,JURONG WEST,WEST REGION,1015.3,179;185;193;241;241A;502
22461,Opp Blk 653B,Pioneer Rd Nth,JURONG WEST,WEST REGION,912.8,185;192;193;258;258M;502;502A;974;974A
22469,Blk 653B,Pioneer Rd Nth,JURONG WEST,WEST REGION,971.6,185;192;193;258;258M;502;974
22471,Blk 991B,Upp Jurong Rd,JURONG WEST,WEST REGION,815.1,99;192;974;974A
22479,Opp Blk 991B,Upp Jurong Rd,JURONG WEST,WEST REGION,776.4,99;192;974
22481,Blk 691A CP,Jurong West Ctrl 1,JURONG WEST,WEST REGION,1522.6,199;242;405;502
22489,Blk 683A,Jurong West Ctrl 1,JURONG WEST,WEST REGION,1499.1,199;242;405;502;502A
22491,Blk 662D,Jurong West St 64,JURONG WEST,WEST REGION,999.8,79;79T;172;178;180;187;240;251;252;258M;974
22499,Opp Blk 662C,Jurong West St 64,JURONG WEST,WEST REGION,1107.5,79;172;178;180;180A;187;240;240M;251;252;258;258M;974;974A
22501,Blk 662A,Jurong West St 63,JURONG WEST,WEST REGION,1105.7,179;241;974
22509,Blk 664C,Jurong West St 63,JURONG WEST,WEST REGION,1139.4,179;241;974;974A
22511,Blk 658C,Jurong West St 63,JURONG WEST,WEST REGION,1079.8,179;241;974
22519,Blk 608,Jurong West St 63,JURONG WEST,WEST REGION,1110.0,179;241;974;974A
22521,Pioneer Stn Exit A,Jurong West St 63,JURONG WEST,WEST REGION,1074.5,179;192;241;258;258M;974
22529,Pioneer Stn Exit B,Jurong West St 63,JURONG WEST,WEST REGION,1114.1,179;179B;192;241;241A;258;258M;974;974A
22531,Opp Jurong West Pr Sch,Jurong West St 61,JURONG WEST,WEST REGION,1137.9,192;258;258M;651
22539,Jurong West Pr Sch,Jurong West St 61,JURONG WEST,WEST REGION,1159.1,192;258;258M;651
22541,Blk 655,Boon Lay Way,JURONG WEST,WEST REGION,801.9,251
22549,Opp Blk 655 CP,Boon Lay Way,JURONG WEST,WEST REGION,764.9,251
22551,Blk 657,Boon Lay Way,JURONG WEST,WEST REGION,803.8,251
22559,Opp Blk 657 CP,Boon Lay Way,JURONG WEST,WEST REGION,767.4,251
22561,Blk 660 CP,Boon Lay Way,JURONG WEST,WEST REGION,802.9,251
22569,Opp Blk 660 CP,Boon Lay Way,JURONG WEST,WEST REGION,767.2,251
22591,Blk 670A,Jurong West St 64,JURONG WEST,WEST REGION,1133.2,181;181A;181M;193;243G;258;258M;502
22599,Blk 678D,Jurong West St 64,JURONG WEST,WEST REGION,1209.8,181;181M;193;243W;258;258M;502;502A
22609,Soon Lee Bus Pk,Soon Lee Rd,JURONG WEST,WEST REGION,302.5,185;502;502A
23011,Carrier Transicold P/L,Jln Ahmad Ibrahim,PIONEER,WEST REGION,445.2,258;258M
23019,Nippon Paint,Jln Ahmad Ibrahim,PIONEER,WEST REGION,441.4,258;258M
23021,Aft Benoi Sector,Jln Ahmad Ibrahim,PIONEER,WEST REGION,593.7,258;258M
23029,Stamford Tyre,Jln Ahmad Ibrahim,PIONEER,WEST REGION,528.4,258;258M
23031,Bef Benoi Flyover,Jln Ahmad Ibrahim,PIONEER,WEST REGION,598.6,258;258M
23039,Aft Benoi Flyover,Jln Ahmad Ibrahim,PIONEER,WEST REGION,527.8,258;258M
23041,Opp Jurong Camp,Upp Jurong Rd,JURONG WEST,WEST REGION,620.2,99;192;974
23049,Jurong Camp,Upp Jurong Rd,JURONG WEST,WEST REGION,705.6,99;192;974;974A
23051,Bef Kian Teck Rd,Upp Jurong Rd,JURONG WEST,WEST REGION,436.3,99;192;974
23059,Aft Kian Teck Rd,Upp Jurong Rd,JURONG WEST,WEST REGION,327.5,99;192;974;974A
23061,Aft Kian Teck Rd,Upp Jurong Rd,JURONG WEST,WEST REGION,195.9,99;192;974
23069,Bef Kian Teck Rd,Upp Jurong Rd,JURONG WEST,WEST REGION,237.2,99;192;974;974A
23071,Opp SAFTI Military Inst,Upp Jurong Rd,JURONG WEST,WEST REGION,222.5,99;192;974
23079,SAFTI Military Inst,Upp Jurong Rd,JURONG WEST,WEST REGION,262.9,99;192;974;974A
23081,Opp S'pore Discovery Ctr,Upp Jurong Rd,PIONEER,WEST REGION,20.6,182;182M
23089,S'pore Discovery Ctr,Upp Jurong Rd,JURONG WEST,WEST REGION,12.6,182;182M
23091,Nippon,Lok Yang Way,PIONEER,WEST REGION,361.8,193
23099,Bef First Lok Yang Rd,Lok Yang Way,PIONEER,WEST REGION,344.8,193
23101,Auto World Care,Lok Yang Way,PIONEER,WEST REGION,360.0,193
23109,Aft Third Lok Yang Rd,Lok Yang Way,PIONEER,WEST REGION,343.7,193
23111,Bef Fourth Lok Yang Rd,Lok Yang Way,PIONEER,WEST REGION,358.9,193
23119,Aft Fourth Lok Yang Rd,Lok Yang Way,PIONEER,WEST REGION,344.5,193
23121,Opp Leroy-Somer,Lok Yang Way,PIONEER,WEST REGION,358.4,193
23129,Leroy-Somer,Lok Yang Way,PIONEER,WEST REGION,343.7,193
23131,MES Logistic Hub,Sixth Lok Yang Rd,PIONEER,WEST REGION,267.1,193
23139,Bef Lok Yang Way,Sixth Lok Yang Rd,PIONEER,WEST REGION,289.3,193
23141,Opp Varco,Sixth Lok Yang Rd,PIONEER,WEST REGION,122.6,193
23149,Varco,Sixth Lok Yang Rd,PIONEER,WEST REGION,104.6,193
23151,Containers Printers,Intl Rd,JURONG WEST,WEST REGION,12.6,252
23159,Aft Fifth Lok Yang Rd,Intl Rd,PIONEER,WEST REGION,11.7,252
23161,Aft Kian Teck Rd,Intl Rd,JURONG WEST,WEST REGION,12.6,252
23169,Bef Kian Teck Rd,Intl Rd,PIONEER,WEST REGION,9.1,252
23171,SKK (S) Pte Ltd,Intl Rd,JURONG WEST,WEST REGION,14.2,252
23179,Aft Second Lok Yang Rd,Intl Rd,PIONEER,WEST REGION,10.7,252
23181,Aft Kian Teck Rd,Intl Rd,JURONG WEST,WEST REGION,15.4,252
23189,Bef First Lok Yang Rd,Intl Rd,PIONEER,WEST REGION,13.5,252
23191,SK Tes,Benoi Sector,PIONEER,WEST REGION,805.2,253
23199,Opp SK Tes,Benoi Sector,PIONEER,WEST REGION,818.8,253
23201,Pall Corporation,Benoi Sector,PIONEER,WEST REGION,658.3,253
23209,NS BlueScope Lysaght,Benoi Sector,PIONEER,WEST REGION,672.0,253
23211,Mapletree Logistics Hub,Benoi Sector,PIONEER,WEST REGION,355.3,253
23219,Opp Mapletree Log Hub,Benoi Sector,PIONEER,WEST REGION,422.0,253
23221,Aft Gul Way,Pioneer Rd,PIONEER,WEST REGION,251.3,254;257
23229,Opp Gul Way,Pioneer Rd,PIONEER,WEST REGION,220.1,254;257
23231,Keppel Logistics,Pioneer Rd,PIONEER,WEST REGION,378.5,254;257
23239,Opp Keppel Logistics,Pioneer Rd,PIONEER,WEST REGION,365.5,254;257
23241,Aft Benoi Rd,Pioneer Rd,PIONEER,WEST REGION,149.5,253
23249,Bef Benoi Rd,Pioneer Rd,PIONEER,WEST REGION,180.8,253
23251,Aft Shipyard Rd,Pioneer Rd,PIONEER,WEST REGION,13.7,253
23259,Bef Shipyard Rd,Pioneer Rd,BOON LAY,WEST REGION,16.1,251;253
23261,Opp Exxon Mobil,Pioneer Rd,PIONEER,WEST REGION,9.3,253
23269,Exxon Mobil,Pioneer Rd,BOON LAY,WEST REGION,14.5,251;253
23279,Bef Benoi Sector,Pioneer Rd,BOON LAY,WEST REGION,24.8,251
23281,Aft Pioneer Rd,Benoi Rd,PIONEER,WEST REGION,216.4,253
23291,ST Marine,Benoi Rd,PIONEER,WEST REGION,204.6,253
23301,Bef Benoi Basin,Benoi Rd,PIONEER,WEST REGION,218.9,253
23311,Seatrium Benoi Yard,Benoi Rd,PIONEER,WEST REGION,308.9,253
23321,Bef Benoi Lane,Benoi Rd,PIONEER,WEST REGION,362.1,253
23331,Opp JP Nelson,Benoi Rd,PIONEER,WEST REGION,346.5,253
23341,Aft Pioneer Rd,Benoi Rd,PIONEER,WEST REGION,295.5,257
23349,Bef Pioneer Rd,Benoi Rd,PIONEER,WEST REGION,266.2,257
23351,Aft Gul Ave,Benoi Rd,PIONEER,WEST REGION,669.2,257
23359,Opp Gul Ave,Benoi Rd,PIONEER,WEST REGION,546.8,257
23361,Bef Benoi Sector,Benoi Rd,PIONEER,WEST REGION,966.3,257
23369,Aft Benoi Sector,Benoi Rd,PIONEER,WEST REGION,960.5,257
23371,Bef Joo Koon Int,Benoi Rd,PIONEER,WEST REGION,204.6,192;193;253;254;255;257;258;258M
23379,Opp Joo Koon Int,Benoi Rd,PIONEER,WEST REGION,137.0,192;193
23389,PEC Ltd,Shipyard Rd,BOON LAY,WEST REGION,85.5,251
23399,Keppel Offshore & Marine,Shipyard Rd,BOON LAY,WEST REGION,133.9,251
23409,Mobil Marine Ter,Shipyard Rd,BOON LAY,WEST REGION,392.5,251
23419,Bef Shipyard Cres,Shipyard Rd,BOON LAY,WEST REGION,323.5,251
23429,Opp Mooreast,Shipyard Rd,BOON LAY,WEST REGION,174.9,251
23439,Opp LP 71,Shipyard Rd,BOON LAY,WEST REGION,222.3,251
23441,Bef Benoi Pl,Benoi Rd,PIONEER,WEST REGION,385.3,257
23449,Aft Benoi Pl,Benoi Rd,PIONEER,WEST REGION,357.9,257
23451,Opp Chemical Industries,Jln Samulun,BOON LAY,WEST REGION,130.1,249
23461,Tanoto Shipyard,Jln Samulun,BOON LAY,WEST REGION,107.8,249
23469,Opp Tanoto Shipyard,Jln Samulun,BOON LAY,WEST REGION,100.3,249
23471,Aft Benoi Rd,Benoi Sector,PIONEER,WEST REGION,902.8,253
23479,Bef Benoi Rd,Benoi Sector,PIONEER,WEST REGION,919.9,253
23481,Molex,Intl Rd,JURONG WEST,WEST REGION,16.1,193;252
23489,Opp Molex,Intl Rd,PIONEER,WEST REGION,19.6,193;252
23491,Joo Koon Stn Exit B,Joo Koon Circle,PIONEER,WEST REGION,166.8,252
23499,Joo Koon Stn Exit A,Joo Koon Circle,PIONEER,WEST REGION,146.0,252
23501,Aft Pioneer Rd Nth,Lok Yang Way,PIONEER,WEST REGION,76.8,193
23509,Hoe Keng Motor,Lok Yang Way,PIONEER,WEST REGION,101.0,193
23519,Opp FairPrice Hub,Benoi Rd,PIONEER,WEST REGION,331.7,192;193;253;254;255;257;258;258M
24009,Joo Koon Int,Joo Koon Circle,PIONEER,WEST REGION,138.0,99;182;182M;253;254;255;257;258;258M;974;974A
24011,M.C. Packaging Pte Ltd,Jln Ahmad Ibrahim,PIONEER,WEST REGION,637.6,192;193
24019,Liang Huat Ind Cplx,Jln Ahmad Ibrahim,PIONEER,WEST REGION,590.4,192;193
24021,Meritor Heavy Veh Systems,Jln Ahmad Ibrahim,PIONEER,WEST REGION,745.3,192;193
24029,Mazak S'pore,Jln Ahmad Ibrahim,PIONEER,WEST REGION,730.6,192;193
24041,Opp Pasir Laba Camp,Upp Jurong Rd,PIONEER,WEST REGION,53.9,182;182M
24049,Pasir Laba Camp,Upp Jurong Rd,WESTERN WATER CATCHMENT,WEST REGION,51.3,182;182M
24089,Aft Gul Ave,Gul Way,PIONEER,WEST REGION,872.7,255
24129,Opp Yeow San Pte Ltd,Joo Koon Way,PIONEER,WEST REGION,293.7,252
24139,Opp Toyo Ink,Joo Koon Circle,PIONEER,WEST REGION,283.7,252
24149,Aft Joo Koon Cres,Joo Koon Circle,PIONEER,WEST REGION,335.4,252
24159,Aft Joo Koon Rd,Joo Koon Circle,PIONEER,WEST REGION,318.0,252
24169,Bef Gul Circle,Gul Cres,PIONEER,WEST REGION,508.6,255
24179,Bef Gul Lane,Gul Cres,PIONEER,WEST REGION,564.2,255
24189,Tai Sin Electric Cables,Gul Cres,PIONEER,WEST REGION,435.0,255
24199,JB Ind Pte Ltd,Gul Cres,PIONEER,WEST REGION,210.8,255
24209,Aft Gul Lane,Gul Cres,PIONEER,WEST REGION,271.5,255
24219,Precision Products,Gul Circle,PIONEER,WEST REGION,270.7,255
24229,Aft Gul St 3,Gul Circle,PIONEER,WEST REGION,455.3,255
24239,Bef Gul St 1,Gul Circle,PIONEER,WEST REGION,694.5,255
24249,Asiatic Agricultural Ind,Gul Circle,PIONEER,WEST REGION,990.7,255
24259,DNV GL Laboratory,Gul Circle,PIONEER,WEST REGION,936.6,255
24269,Sing Huat Hardware,Gul Circle,PIONEER,WEST REGION,957.8,255
24279,Cameron Iron Works,Gul Circle,PIONEER,WEST REGION,672.0,255
24289,Opp Keppel T&T,Gul Circle,PIONEER,WEST REGION,666.8,255
24299,Aft Gul Way,Gul Circle,PIONEER,WEST REGION,605.7,255
24301,SNL Logistics Pte Ltd,Gul Circle,PIONEER,WEST REGION,773.3,255
24331,Opp Hong Hang Bldg,Pioneer Rd,PIONEER,WEST REGION,248.1,254;257
24339,Hong Hang Bldg,Pioneer Rd,PIONEER,WEST REGION,228.5,254;257
24341,Seatrium Pioneer Yard,Gul Rd,PIONEER,WEST REGION,286.4,257
24349,ST Engrg Gul Yard,Gul Rd,PIONEER,WEST REGION,270.4,257
24351,Opp S'pore Takada Ind,Gul Rd,PIONEER,WEST REGION,276.6,257
24359,S'pore Takada Ind,Gul Rd,PIONEER,WEST REGION,257.0,257
24369,Hanwha Offshore S'pore,Gul Rd,PIONEER,WEST REGION,269.7,257
24379,Opp Asia Ind Gases,Gul Rd,PIONEER,WEST REGION,343.9,257
24381,GE Keppel Energy Svcs,Gul Rd,PIONEER,WEST REGION,390.9,257
24389,Opp GE Keppel Energy Svcs,Gul Rd,PIONEER,WEST REGION,367.0,257
24391,Chem-Solv Technologies,Pioneer Sector 2,PIONEER,WEST REGION,594.7,257
24401,Opp Hoe Huat Engrg,Pioneer Sector 2,PIONEER,WEST REGION,654.3,257
24411,Opp Multi Ways Equipment,Pioneer Sector 2,PIONEER,WEST REGION,772.1,257
24421,Bef Pioneer Sector 1,Pioneer Sector 2,PIONEER,WEST REGION,584.3,257
24431,Aft Pioneer Sector 2,Pioneer Sector 1,PIONEER,WEST REGION,239.0,257
24441,GSK,Pioneer Sector 3,PIONEER,WEST REGION,505.9,257
24451,Opp Cambridge Ind Trust,Pioneer Sector 3,PIONEER,WEST REGION,558.3,257
24461,Bef Nam Leong Co Pte Ltd,Pioneer Sector Lane,PIONEER,WEST REGION,506.4,257
24489,Aft Joo Koon Way,Joo Koon Rd,PIONEER,WEST REGION,397.5,252
24499,Panasonic Ind Devices,Joo Koon Rd,PIONEER,WEST REGION,496.7,252
24501,Bef Tuas Flyover,PIE,PIONEER,WEST REGION,32.5,182;182M
24509,Aft Tuas Flyover,PIE,TUAS,WEST REGION,38.6,182;182M
24511,Gul Circle Stn Exit A,Tuas Rd,PIONEER,WEST REGION,33.3,192;193
24519,Gul Circle Stn Exit B,Tuas Rd,TUAS,WEST REGION,25.9,192;193
24521,Bef Tuas Ave 5,Tuas Rd,PIONEER,WEST REGION,23.0,193
24529,Aft Tuas Ave 5,Tuas Rd,TUAS,WEST REGION,17.2,193
24531,Utracon Corp,Pioneer Sector 1,PIONEER,WEST REGION,245.5,257
24539,Dundee Marine,Pioneer Sector 1,PIONEER,WEST REGION,236.9,257
24541,Opp Seatrium Tuas Yard,Pioneer Sector 1,PIONEER,WEST REGION,286.0,257
24549,Seatrium Tuas Yard,Pioneer Sector 1,PIONEER,WEST REGION,266.8,257
24559,Opp Crystal Offshore,Pioneer Sector 1,PIONEER,WEST REGION,298.0,257
24571,Seng Heng Engrg,Joo Koon Circle,PIONEER,WEST REGION,461.5,252
24581,Opp ESAB,Joo Koon Circle,PIONEER,WEST REGION,192.2,252
24599,Bef Joo Koon Way,Joo Koon Rd,PIONEER,WEST REGION,313.2,252
24601,Progress Galvanizing,Tuas Rd,TUAS,WEST REGION,173.4,254
24609,Opp Progress Galvanizing,Tuas Rd,TUAS,WEST REGION,174.8,254
24611,Bef Marinteknik,Tuas Rd,TUAS,WEST REGION,230.5,254
24619,Opp Marinteknik,Tuas Rd,TUAS,WEST REGION,254.4,254
24621,Aft Ocean Tanker,Tuas Rd,TUAS,WEST REGION,219.6,254
24629,Opp Ocean Tanker,Tuas Rd,TUAS,WEST REGION,236.6,254
24631,Bef Benoi Rd,Gul Circle,PIONEER,WEST REGION,811.5,255
24639,Aft Benoi Rd,Gul Circle,PIONEER,WEST REGION,835.0,255
24641,W Atelier,Gul Ave,PIONEER,WEST REGION,805.2,255
24651,Metall-Treat Ind,Gul Ave,PIONEER,WEST REGION,948.2,255
24671,Hiap Teck Metal Co,Pioneer Rd,PIONEER,WEST REGION,419.9,254
24679,Opp Hiap Teck Metal Co,Pioneer Rd,PIONEER,WEST REGION,427.8,254
24681,Opp Jurong Insp Ctr,Pioneer Rd,PIONEER,WEST REGION,58.9,254
24689,Jurong Insp Ctr,Pioneer Rd,PIONEER,WEST REGION,116.7,254
24691,Aft Tuas Rd,Pioneer Rd,PIONEER,WEST REGION,8.6,254
24699,Bef Tuas Rd,Pioneer Rd,TUAS,WEST REGION,8.1,254
24701,Tuas Cres Stn Exit B,Pioneer Rd,TUAS,WEST REGION,1070.6,247
24709,Tuas Cres Stn Exit A,Pioneer Rd,TUAS,WEST REGION,1039.5,247;254
24711,Tuas West Rd Stn Exit B,Pioneer Rd,TUAS,WEST REGION,1103.5,192;193
24719,Tuas West Rd Stn Exit A,Pioneer Rd,TUAS,WEST REGION,1041.1,192;193;248;248M
25009,Tuas Ter,Tuas West Dr,TUAS,WEST REGION,314.0,192;193;247;248;248M
25059,Aft Tuas Sth Blvd,Tuas Sth Way,TUAS,WEST REGION,914.5,248M
25061,Kyocera Chemical,Tuas Ave 9,TUAS,WEST REGION,1412.4,193
25069,Opp Kyocera Chemical,Tuas Ave 9,TUAS,WEST REGION,1401.3,193
25071,Opp Nissin Trspt,Tuas Ave 9,TUAS,WEST REGION,1384.0,193
25079,Nissin Trspt,Tuas Ave 9,TUAS,WEST REGION,1397.1,193
25091,Aft Tuas Ave 7,Tuas Ave 12,TUAS,WEST REGION,893.0,192
25099,Opto-Pharm,Tuas Ave 12,TUAS,WEST REGION,947.8,192
25101,Opp SMC Mfg,Tuas Ave 1,TUAS,WEST REGION,674.3,192
25109,SMC Mfg,Tuas Ave 1,TUAS,WEST REGION,691.2,192
25111,Aft Tuas Ave 10,Tuas Ave 1,TUAS,WEST REGION,676.9,192
25119,Bef Tuas Ave 10,Tuas Ave 1,TUAS,WEST REGION,691.8,192
25121,Aft Tuas Ave 8,Tuas Ave 1,TUAS,WEST REGION,689.4,192
25129,Aft Tuas Ave 6,Tuas Ave 1,TUAS,WEST REGION,676.0,192
25151,Mercedes-Benz Logistics,Tuas Ave 1,TUAS,WEST REGION,655.8,192
25161,Toyochem Ink,Tuas Ave 1,TUAS,WEST REGION,725.3,192
25169,Opp Galmon S'pore,Tuas Ave 1,TUAS,WEST REGION,711.2,192
25171,Becton Dickinson Med,Tuas Ave 1,TUAS,WEST REGION,732.0,192
25179,Sew-Eurodrive,Tuas Ave 1,TUAS,WEST REGION,718.5,192
25181,Bef Tuas Dr 1,Tuas Ave 1,TUAS,WEST REGION,471.0,192
25189,Soon Heng Glass,Tuas Ave 1,TUAS,WEST REGION,486.0,192
25191,Asiatic Engrg,Tuas Ave 1,TUAS,WEST REGION,205.8,192
25199,Rockwool Bldg Materials,Tuas Ave 1,TUAS,WEST REGION,218.7,192
25201,Aft Tuas Rd,Tuas Ave 3,TUAS,WEST REGION,129.5,192
25209,Bef Tuas Rd,Tuas Ave 3,TUAS,WEST REGION,125.0,192
25219,Aft Tuas Ave 2,Jln Ahmad Ibrahim,TUAS,WEST REGION,501.4,182;182M
25221,Raffles Country Club,Jln Ahmad Ibrahim,TUAS,WEST REGION,358.4,182;182M
25229,Crown Beverage Cans S'pore,Jln Ahmad Ibrahim,TUAS,WEST REGION,422.5,182;182M
25231,Opp Asia-Pacific Brewery,Jln Ahmad Ibrahim,TUAS,WEST REGION,471.6,182;182M
25239,Asia-Pacific Brewery,Jln Ahmad Ibrahim,TUAS,WEST REGION,465.2,182;182M
25249,Aft Tuas West Rd,Jln Ahmad Ibrahim,TUAS,WEST REGION,637.7,182;182M
25251,S'pore Rail Test Ctr,Jln Ahmad Ibrahim,TUAS,WEST REGION,415.8,182;182M
25259,Bef Tuas West Dr,Jln Ahmad Ibrahim,TUAS,WEST REGION,500.5,182;182M
25269,Tuas Checkpt,Jln Ahmad Ibrahim,TUAS,WEST REGION,241.7,182;182M
25321,YCH Distripk,Tuas Ave 5,TUAS,WEST REGION,190.0,193
25329,Mapletree Logistics,Tuas Ave 5,TUAS,WEST REGION,199.4,193
25331,Chugoku Marine Paints,Tuas Ave 5,TUAS,WEST REGION,597.7,193
25339,Opp Chugoku Marine Paints,Tuas Ave 5,TUAS,WEST REGION,583.9,193
25341,Bef Tuas Ave 2,Tuas Ave 5,TUAS,WEST REGION,878.7,193
25349,Times Printers,Tuas Ave 5,TUAS,WEST REGION,812.0,193
25351,Hart Engrg Pte Ltd,Tuas Ave 2,TUAS,WEST REGION,948.9,193
25359,Opp Hart Engrg Pte Ltd,Tuas Ave 2,TUAS,WEST REGION,933.3,193
25361,Yan San Metals Pte Ltd,Tuas Ave 4,TUAS,WEST REGION,1169.0,193
25369,Opp Yan San Metals,Tuas Ave 4,TUAS,WEST REGION,1130.8,193
25371,Aft Tuas Ave 4,Tuas Ave 9,TUAS,WEST REGION,1254.6,193
25379,Aft Tuas Ave 6,Tuas Ave 9,TUAS,WEST REGION,1294.4,193
25381,WYN2000 Logistics Ctr,Tuas Ave 9,TUAS,WEST REGION,1403.4,193
25389,Aft Tuas Ave 8,Tuas Ave 9,TUAS,WEST REGION,1392.8,193
25391,Bef Pioneer Rd,Tuas West Rd,TUAS,WEST REGION,928.0,193
25399,Aft Pioneer Rd,Tuas West Rd,TUAS,WEST REGION,997.0,193
25411,Bef Tuas Ter,Tuas West Dr,TUAS,WEST REGION,262.5,182;182M
25419,Aft Tuas Ter,Tuas West Dr,TUAS,WEST REGION,249.2,182;182M
25421,Opp Tuas Lk Stn,Tuas West Dr,TUAS,WEST REGION,300.8,182;182A;182M;192;193;247;248;248M
25429,Tuas Lk Stn,Tuas West Dr,TUAS,WEST REGION,246.6,182;182M;192;193;247;248;248M
25431,Super Continental,Tuas West Dr,TUAS,WEST REGION,261.0,182;182A;182M;192;193;248;248M
25439,Opp Super Continental,Tuas West Dr,TUAS,WEST REGION,238.5,182;182M;192;193;248;248M
25441,Bef Pioneer Rd,Tuas West Dr,TUAS,WEST REGION,320.2,182;182A;182M;192;193;248;248M
25449,Aft Pioneer Rd,Tuas West Dr,TUAS,WEST REGION,250.3,182;182M;192;193;248;248M
25451,Aft Tuas West St,Tuas West Dr,TUAS,WEST REGION,443.3,182;182A;182M;193
25459,Opp Tuas West St,Tuas West Dr,TUAS,WEST REGION,425.9,182;182M;193
25461,Aft Tuas West Ave,Tuas West Dr,TUAS,WEST REGION,511.1,182;182A;182M;193
25469,Bef Tuas West Ave,Tuas West Dr,TUAS,WEST REGION,494.4,182;182M;193
25471,Opp S'pore Epson Ind,Tuas Link 4,TUAS,WEST REGION,941.7,247
25479,S'pore Epson Ind,Tuas Link 4,TUAS,WEST REGION,918.9,247
25491,Opp Super Continental,Tuas Link 4,TUAS,WEST REGION,426.5,247
25499,Super Continental,Tuas Link 4,TUAS,WEST REGION,443.5,247
25501,Kee Wee Hup Kee,Tuas Ave 7,TUAS,WEST REGION,1079.2,247
25509,Opp Kee Wee Hup Kee,Tuas Ave 7,TUAS,WEST REGION,1091.3,247
25511,Michelman,Tuas Ave 12,TUAS,WEST REGION,1168.9,192;193
25519,Opp Michelman,Tuas Ave 12,TUAS,WEST REGION,1183.9,192;193
25531,ST Kinetics,Tuas Ave 7,TUAS,WEST REGION,1039.5,247
25539,Fujifilm,Tuas Ave 7,TUAS,WEST REGION,1049.5,247
25541,PEC,Tuas Ave 7,TUAS,WEST REGION,1039.4,247
25549,CAST Laboratories,Tuas Ave 7,TUAS,WEST REGION,1049.2,247
25551,GARMCO,Tuas Ave 8,TUAS,WEST REGION,1535.9,247
25559,Lee Welded Mesh,Tuas Ave 8,TUAS,WEST REGION,1530.0,247
25561,Aft Tuas Cres,Tuas Sth Ave 5,TUAS,WEST REGION,1243.5,247
25569,Bef Tuas Cres,Tuas Sth Ave 5,TUAS,WEST REGION,1191.9,247
25571,Opp West Star,Tuas Sth Ave 5,TUAS,WEST REGION,1019.6,247
25579,West Star,Tuas Sth Ave 5,TUAS,WEST REGION,985.1,247
25589,Crown Equipment,Tuas Ave 8,TUAS,WEST REGION,1120.4,247
25591,Opp Wyeth Pharmaceuticals,Tuas Sth Ave 4,TUAS,WEST REGION,1201.9,247
25599,Wyeth Pharmaceuticals,Tuas Sth Ave 4,TUAS,WEST REGION,1307.6,247
25601,Pfizer Global,Tuas Sth Ave 7,TUAS,WEST REGION,1116.8,247
25609,Merck Sharp & Dohme,Tuas Sth Ave 7,TUAS,WEST REGION,1141.5,247
25611,Opp WestLink Two,Tuas Sth Ave 7,TUAS,WEST REGION,1351.7,247
25621,Starburst Engrg,Tuas Sth Ave 7,TUAS,WEST REGION,1453.9,247
25631,Container Connections,Tuas Sth Ave 7,TUAS,WEST REGION,1272.8,247
25641,Opp Roche S'pore Tech,Tuas Sth Ave 9,TUAS,WEST REGION,807.2,247
25651,Novartis,Tuas Sth Ave 6,TUAS,WEST REGION,1039.8,247
25661,Bef Tuas Bay Lk,Tuas Sth Ave 8,TUAS,WEST REGION,695.6,247
25669,Aft Tuas Bay Lk,Tuas Sth Ave 8,TUAS,WEST REGION,739.1,247
25671,Bef Offshore Marine Ctr,Tuas Bay Link,TUAS,WEST REGION,488.2,247
25681,Bef Tuas West Ave,Pioneer Rd,TUAS,WEST REGION,679.3,192;248;248M
25689,Aft Tuas West Ave,Pioneer Rd,TUAS,WEST REGION,710.8,192;248;248M
25691,Aft Tuas West Rd Stn,Tuas Ave 20,TUAS,WEST REGION,1200.5,248;248M;254
25701,GlaxoSmithKline,Tuas Sth Ave 5,TUAS,WEST REGION,991.2,248;248M
25709,Edgen Murray,Tuas Sth Ave 5,TUAS,WEST REGION,949.9,248;248M
25711,Opp The Index,Tuas Sth Ave 5,TUAS,WEST REGION,546.7,248;248M
25719,The Index,Tuas Sth Ave 5,TUAS,WEST REGION,534.3,248;248M
25721,Opp Abbott,Tuas Sth Ave 10,TUAS,WEST REGION,894.7,248;248M
25729,Abbott,Tuas Sth Ave 10,TUAS,WEST REGION,892.9,248;248M
25741,Halliburton,Tuas Sth Ave 12,TUAS,WEST REGION,891.6,248;248M
25751,Bef Tuas Sth Ave 14,Tuas Sth Ave 5,TUAS,WEST REGION,522.7,248;248M
25761,Opp REC S'pore,Tuas Sth Ave 14,TUAS,WEST REGION,958.9,248;248M
25771,Aft Tuas Sth St 7,Tuas Sth Ave 14,TUAS,WEST REGION,859.8,248;248M
25781,Opp SLS,Tuas Sth Ave 9,TUAS,WEST REGION,491.0,248;248M
25791,Bef Tuas Sth Ave 10,Tuas Sth Ave 9,TUAS,WEST REGION,580.9,248;248M
25801,Bef Tuas Sth Ave 7,Tuas Sth Ave 10,TUAS,WEST REGION,921.7,248;248M
25811,Bef Tuas Ave 7,Tuas Ave 12,TUAS,WEST REGION,1200.9,192
25819,Aft Tuas Ave 7,Tuas Ave 12,TUAS,WEST REGION,1169.2,192
25821,Tuas Amenity Ctr,Pioneer Rd,TUAS,WEST REGION,491.6,254
26011,Bef Tuas Ave 11,Tuas Cres,TUAS,WEST REGION,947.6,247
26019,Progress Galvanizing,Tuas Cres,TUAS,WEST REGION,980.3,247
26021,Bef Tuas Ave 13,Tuas Cres,TUAS,WEST REGION,1040.1,247
26029,Chia Hock Trading Co,Tuas Cres,TUAS,WEST REGION,1025.3,247
26031,Hiap Seng Engrg Ltd,Tuas Cres,TUAS,WEST REGION,1163.0,247
26039,Asia Polyurethane,Tuas Cres,TUAS,WEST REGION,1152.9,247
26041,Hiap Seng Engrg Ltd,Tuas Cres,TUAS,WEST REGION,1240.6,247
26049,Damen Shipyard,Tuas Cres,TUAS,WEST REGION,1273.6,247
26051,Blasting Abrasives,Tuas Cres,TUAS,WEST REGION,1505.2,247
26059,PaxOcean,Tuas Cres,TUAS,WEST REGION,1566.0,247
26061,BS Development,Tuas Cres,TUAS,WEST REGION,1432.2,247
26069,Aft Tuas Ave 16,Tuas Cres,TUAS,WEST REGION,1384.4,247
26071,Unifine Star Petrochem,Tuas Cres,TUAS,WEST REGION,1192.6,248;248M
26079,Bef Tuas Loop,Tuas Cres,TUAS,WEST REGION,1165.7,248;248M
26081,Bef Tuas Ave 18A,Tuas Cres,TUAS,WEST REGION,1041.8,248;248M
26089,Bef Tuas Ave 20,Tuas Cres,TUAS,WEST REGION,1044.9,248;248M
26091,Rotary Engrg,Tuas Ave 20,TUAS,WEST REGION,1098.0,248;248M
26099,Bef Tuas Ave 13,Tuas Ave 20,TUAS,WEST REGION,1085.8,248;248M
26101,BASF Sth East Asia,Tuas Ave 20,TUAS,WEST REGION,1156.3,248;248M
26109,Bef Tuas Ave 11,Tuas Ave 20,TUAS,WEST REGION,1164.7,248;248M
26111,Tru-Marine,Tuas Basin Link,TUAS,WEST REGION,179.7,254
26121,Bef Tuas Amenity Ctr,Tuas Basin Link,TUAS,WEST REGION,592.4,254
26131,Aft Tuas Cres,Tuas Basin Link,TUAS,WEST REGION,849.2,254
26141,Mectron Engrg,Tuas Ave 11,TUAS,WEST REGION,1366.0,254
26151,Tuas Lot,Tuas Ave 11,TUAS,WEST REGION,1707.3,254
26161,3NC S'pore,Tuas Ave 11,TUAS,WEST REGION,1510.3,254
26171,Richee Engrg,Tuas Ave 11,TUAS,WEST REGION,1155.9,254
26201,Opp MSD,Tuas West Dr,TUAS,WEST REGION,565.7,182;182A;182M;193
26209,MSD,Tuas West Dr,TUAS,WEST REGION,551.0,182;182M;193
26211,Framo S'pore Pte Ltd,Tuas Sth Ave 9,TUAS,WEST REGION,1077.8,182;182M;247
26221,Opp YLS Steel,Tuas Sth Ave 9,TUAS,WEST REGION,1018.4,182;182M;247
26241,Aft Tuas Sth Ave 2,Tuas Sth Ave 3,TUAS,WEST REGION,539.3,182;182M
26249,Bef Tuas Sth Ave 2,Tuas Sth Ave 3,TUAS,WEST REGION,574.3,182;182A;182M
26251,Bef Tuas Sth Ave 2,Tuas Sth Ave 3,TUAS,WEST REGION,369.7,182;182M
26259,Aft Tuas Sth Ave 2,Tuas Sth Ave 3,TUAS,WEST REGION,407.2,182;182A;182M
26261,Aft Tuas Sth Ave 4,Tuas Sth Ave 3,TUAS,WEST REGION,367.3,182;182M
26269,Bef Tuas Sth Ave 4,Tuas Sth Ave 3,TUAS,WEST REGION,402.9,182;182A;182M
26279,Aft Tuas Sth Ave 4,Tuas Sth Ave 3,TUAS,WEST REGION,402.3,182;182M
26289,Aft Tuas Sth St 2,Tuas Sth Ave 3,TUAS,WEST REGION,401.7,182;182M
26299,Bef Tuas Sth Ave 6,Tuas Sth Ave 3,TUAS,WEST REGION,402.4,182;182M
26311,Aft Tuas Sth Ave 6,Tuas Sth Ave 5,TUAS,WEST REGION,950.8,182;182M
26321,Bef Tuas Sth St 2,Tuas Sth Ave 5,TUAS,WEST REGION,952.0,182;182M
26331,Aft Tuas Sth St 2,Tuas Sth Ave 5,TUAS,WEST REGION,951.2,182;182M
26349,Tuas Technology Pk,Tuas Sth Ave 4,TUAS,WEST REGION,717.6,182;182M
26369,See Hup Seng,Tuas Sth Ave 3,TUAS,WEST REGION,402.7,182;182M
26379,Yong Nam,Tuas Sth Ave 3,TUAS,WEST REGION,415.8,182;182M
26389,Bef Tuas Sth Ave 5,Tuas Sth Ave 3,TUAS,WEST REGION,538.4,182;182M
26399,Aft Tuas View Cres,Tuas Sth Ave 3,TUAS,WEST REGION,825.0,182;182M
26409,Multico,Tuas Sth Ave 3,TUAS,WEST REGION,1119.0,182;182M
26419,Aft Tuas View Circuit,Tuas Sth Ave 3,TUAS,WEST REGION,1384.2,182;182M;247
26429,Bef Tuas Sth Ave 9,Tuas Sth Ave 3,TUAS,WEST REGION,1196.1,182;182M;247
26431,Aft Tuas Sth Ave 9,Tuas Sth Ave 8,TUAS,WEST REGION,1084.5,182;182M
26441,Bef Tuas Sth Ave 7,Tuas Sth Ave 8,TUAS,WEST REGION,1415.9,182;182M
26451,Bef Tuas Sth Ave 5,Tuas Sth Ave 8,TUAS,WEST REGION,1159.6,182;182M
26461,Aft Tuas Sth Ave 8,Tuas Sth Ave 5,TUAS,WEST REGION,955.6,182;182M
27011,Hall 11 Blk 55,Nanyang Cres,WESTERN WATER CATCHMENT,WEST REGION,1101.8,199
27021,Hall 15,Nanyang Cres,WESTERN WATER CATCHMENT,WEST REGION,1217.1,199
27031,Hall 12,Nanyang Cres,WESTERN WATER CATCHMENT,WEST REGION,1192.3,199
27041,NIE CP 7,Nanyang Cres,WESTERN WATER CATCHMENT,WEST REGION,1220.8,199
27051,NIE Lib,Nanyang Cres,WESTERN WATER CATCHMENT,WEST REGION,1063.5,199
27061,Sch of ADM,Nanyang Dr,WESTERN WATER CATCHMENT,WEST REGION,785.6,179;179A;179B
27069,Blk 41,Nanyang Dr,WESTERN WATER CATCHMENT,WEST REGION,786.1,199
27071,Nanyang Cres Halls,Nanyang Cres,WESTERN WATER CATCHMENT,WEST REGION,1182.3,199
27091,Opp Blk 271 CP,Jln Bahar,JURONG WEST,WEST REGION,940.0,172;199;405;974;974A
27099,Blk 271 CP,Jln Bahar,JURONG WEST,WEST REGION,834.4,172;199;405;974
27101,Opp Westwood Sec Sch,Jln Bahar,JURONG WEST,WEST REGION,452.9,172;199;405;974;974A
27109,Westwood Sec Sch,Jln Bahar,JURONG WEST,WEST REGION,391.9,172;199;405;974
27121,Bef Nanyang Ave,Jln Bahar,WESTERN WATER CATCHMENT,WEST REGION,351.2,172;199;405
27129,Opp Nanyang Ave,Jln Bahar,WESTERN WATER CATCHMENT,WEST REGION,392.9,172;199;405
27131,Blk 932,Jurong West St 91,JURONG WEST,WEST REGION,227.7,99;241;241A
27139,Blk 934,Jurong West St 91,JURONG WEST,WEST REGION,251.2,99
27141,Blk 920,Jurong West St 91,JURONG WEST,WEST REGION,375.3,99;241;241A
27149,Juying Pr Sch,Jurong West St 91,JURONG WEST,WEST REGION,494.4,99
27159,Blk 924,Jurong West St 92,JURONG WEST,WEST REGION,472.6,241;241A
27169,Bef Jln Bahar,Nanyang Ave,WESTERN WATER CATCHMENT,WEST REGION,441.6,199
27171,Bef Lor Danau,Nanyang Ave,WESTERN WATER CATCHMENT,WEST REGION,611.3,199
27179,Aft Lor Danau,Nanyang Ave,WESTERN WATER CATCHMENT,WEST REGION,611.2,199
27181,PUB Sub-Stn,Nanyang Ave,WESTERN WATER CATCHMENT,WEST REGION,840.2,199
27189,Opp PUB Sub-Stn,Nanyang Ave,WESTERN WATER CATCHMENT,WEST REGION,852.6,199
27199,Hall 11,Nanyang Ave,WESTERN WATER CATCHMENT,WEST REGION,931.2,199
27209,Halls 8 & 9,Nanyang Ave,WESTERN WATER CATCHMENT,WEST REGION,807.3,199
27211,Lee Wee Nam Lib,Nanyang Dr,WESTERN WATER CATCHMENT,WEST REGION,848.9,179;179A;179B
27219,NIE Blk 2,Nanyang Dr,WESTERN WATER CATCHMENT,WEST REGION,866.0,199
27221,Sch of CEE,Nanyang Dr,WESTERN WATER CATCHMENT,WEST REGION,775.6,179;179A;179B
27231,Wee Kim Wee Sch of C&I,Nanyang Dr,WESTERN WATER CATCHMENT,WEST REGION,306.9,179;179A;179B
27241,SPMS,Nanyang Dr,WESTERN WATER CATCHMENT,WEST REGION,56.4,179;179A;179B
27251,Academic Bldg Sth,Nanyang Dr,WESTERN WATER CATCHMENT,WEST REGION,37.1,179;179A;179B
27261,Hall 4,Nanyang Dr,WESTERN WATER CATCHMENT,WEST REGION,43.9,179;179A;179B
27271,Blk 962,Jurong West St 91,JURONG WEST,WEST REGION,412.4,99;241;241A
27279,Blk 953,Jurong West St 91,JURONG WEST,WEST REGION,394.7,99;241;241A
27281,Hall 1,Lien Ying Chow Dr,WESTERN WATER CATCHMENT,WEST REGION,149.0,179;179A;179B
27291,Opp Hall 6,Lien Ying Chow Dr,WESTERN WATER CATCHMENT,WEST REGION,419.9,179;179A;179B
27301,Blk 978,Pioneer Rd Nth,JURONG WEST,WEST REGION,758.9,179;185;241;243W;502;502A
27309,Blk 705,Pioneer Rd Nth,JURONG WEST,WEST REGION,695.8,179;185;241;241A;243G;502
27311,Hall 2,Lien Ying Chow Dr,WESTERN WATER CATCHMENT,WEST REGION,609.7,179;179A;179B
27321,Blk 949,Pioneer Rd Nth,JURONG WEST,WEST REGION,261.5,179
27329,Blk 840,Pioneer Rd Nth,JURONG WEST,WEST REGION,270.6,179
27331,West Grove Pr Sch,Jurong West St 72,JURONG WEST,WEST REGION,783.4,99;242
27341,Blk 729,Jurong West St 72,JURONG WEST,WEST REGION,550.3,99;242
27349,Blk 745,Jurong West St 72,JURONG WEST,WEST REGION,545.6,99
27351,Blk 715,Jurong West Ave 5,JURONG WEST,WEST REGION,585.1,99;185;242;502
27359,Blk 817,Jurong West Ave 5,JURONG WEST,WEST REGION,561.6,99;185;502;502A
27361,Blk 710,Jurong West Ave 5,JURONG WEST,WEST REGION,560.2,99;185;243G;502
27369,Blk 834,Jurong West Ave 5,JURONG WEST,WEST REGION,535.2,99;185;243W;502;502A
27371,Opp Blk 755,Jurong West St 75,JURONG WEST,WEST REGION,796.7,181;181A;181M;243G;258;258M;502
27379,Blk 755,Jurong West St 75,JURONG WEST,WEST REGION,749.6,181;181M;243W;258;258M;502;502A
27381,Blk 749,Jurong West St 75,JURONG WEST,WEST REGION,490.4,181;181A;181M;243G;258;258M;502;651
27389,Gek Poh Shop Ctr,Jurong West St 75,JURONG WEST,WEST REGION,460.9,181;181M;243W;258;258M;502;502A;651
27391,Blk 857,Jurong West St 82,JURONG WEST,WEST REGION,283.6,243G;258;258M;651
27399,Bet Blks 859/860,Jurong West St 82,JURONG WEST,WEST REGION,294.2,243W;258;258M;651
27401,Opp Blk 821,Jurong West St 81,JURONG WEST,WEST REGION,187.8,243W;258;258M;651
27409,Blk 821,Jurong West St 81,JURONG WEST,WEST REGION,202.7,243G;258;258M;651
27411,Blk 844A CP,Jurong West St 81,JURONG WEST,WEST REGION,184.7,243W;258;258M;651
27419,Blk 827,Jurong West St 81,JURONG WEST,WEST REGION,203.4,243G;258;258M;651
27421,Blk 701,Jurong West St 71,JURONG WEST,WEST REGION,633.9,258;258M;651
27429,Blk 711,Jurong West St 71,JURONG WEST,WEST REGION,646.4,242;258;258M;651
27431,Blk 762,Jurong West Ave 5,JURONG WEST,WEST REGION,310.5,181;181M;185
27439,Blk 861,Jurong West Ave 5,JURONG WEST,WEST REGION,308.2,181;181A;181M;185
27441,Bet Blks 757/758,Jurong West Ave 5,JURONG WEST,WEST REGION,583.7,181;181M;185;651
27449,Aft Westwood Ave,Jurong West Ave 5,JURONG WEST,WEST REGION,596.5,181;181A;181M;185;651
27451,Bet Blks 272D/271A,Jurong West Ave 3,JURONG WEST,WEST REGION,804.3,181;181M;185;651
27459,Blk 273B,Jurong West Ave 3,JURONG WEST,WEST REGION,778.9,181;181A;181M;185;651
27461,Opp Blk 276B,Jurong West Ave 3,JURONG WEST,WEST REGION,740.1,181;185;651
27469,Blk 276B,Jurong West Ave 3,JURONG WEST,WEST REGION,747.1,181;181A;181M;185;651
27471,Corporation Pr Sch,Jurong West St 23,JURONG WEST,WEST REGION,894.8,185
27479,Opp Corporation Pr Sch,Jurong West St 23,JURONG WEST,WEST REGION,892.3,181M;185
27501,NTUC Health Nursing Hme,Jurong West St 93,JURONG WEST,WEST REGION,526.7,99
27509,Bef Yunnan Cres,Jurong West St 93,JURONG WEST,WEST REGION,552.2,99
27511,Blk 974,Jurong West St 93,JURONG WEST,WEST REGION,775.8,99
27519,Opp Blk 974,Jurong West St 93,JURONG WEST,WEST REGION,694.0,99
27521,Blk 986 CP,Jurong West St 93,JURONG WEST,WEST REGION,1006.7,99
27529,Opp Blk 987A,Jurong West St 93,JURONG WEST,WEST REGION,949.8,99
27531,Blk 918,Jurong West St 91,JURONG WEST,WEST REGION,243.9,99;241;241A
27539,Bef Xingnan Pr Sch,Jurong West St 91,JURONG WEST,WEST REGION,221.8,99
27601,Bef Jurong West St 22,Bulim Walk,JURONG WEST,WEST REGION,629.4,181
27609,Aft Jurong West St 25,Bulim Walk,JURONG WEST,WEST REGION,602.4,181
27611,Bef Bulim Walk,Bulim Dr,JURONG WEST,WEST REGION,360.9,181
27619,Aft Bulim Walk,Bulim Dr,JURONG WEST,WEST REGION,329.2,181
28009,Jurong East Int,Jurong Gateway Rd,JURONG EAST,WEST REGION,966.2,41;49;51;51A;52;66;98;98M;105;105B;143;143M;183;183B;197;333;334;335;506;993
28011,Bef Toh Tuck Ave,C'wealth Ave West,CLEMENTI,WEST REGION,790.2,52;99;105;106;173;183;188;963
28019,Aft Toh Tuck Ave,C'wealth Ave West,CLEMENTI,WEST REGION,786.0,52;99;105;105B;106;106A;173;183;188;963
28021,Opp 8 @Tradehub 21,Boon Lay Way,CLEMENTI,WEST REGION,496.3,52;99;105;188
28029,8 @ Tradehub 21,Boon Lay Way,CLEMENTI,WEST REGION,432.6,52;99;105;105B;188
28031,Bef The Synergy,Boon Lay Way,CLEMENTI,WEST REGION,123.9,52;99;105;188
28039,Aft Boon Lay Sub Stn,Boon Lay Way,CLEMENTI,WEST REGION,169.6,52;99;105;105B;188
28041,The Synergy,Boon Lay Way,JURONG EAST,WEST REGION,150.1,52;99;105;188;502
28049,Opp The Synergy,Boon Lay Way,JURONG EAST,WEST REGION,162.7,52;99;105;105B;188;502
28051,Opp Ng Teng Fong Gen Hosp,Boon Lay Way,JURONG EAST,WEST REGION,415.2,49;99;333;990
28059,Ng Teng Fong General Hosp,Boon Lay Way,JURONG EAST,WEST REGION,394.0,49;99;333;990
28061,J Gateway,Boon Lay Way,JURONG EAST,WEST REGION,713.9,49;98;98M;99;990
28069,Blk 203,Boon Lay Way,JURONG EAST,WEST REGION,707.0,49;99
28071,Blk 105,Boon Lay Way,JURONG EAST,WEST REGION,831.3,99;160;160A;334;506;993
28079,Blk 210,Boon Lay Way,JURONG EAST,WEST REGION,755.1,99;160;334;506;993
28081,Blk 112,Boon Lay Way,JURONG EAST,WEST REGION,688.2,99;160;160A;334;506;993
28089,Bef Yuhua CC,Boon Lay Way,JURONG EAST,WEST REGION,630.5,99;160;334;506;993
28091,Lakeside Stn,Boon Lay Way,JURONG WEST,WEST REGION,192.3,49;98;98A;98B;98M;154;154A;180;187;240;240A;240M;246
28099,Opp Lakeside Stn,Boon Lay Way,JURONG WEST,WEST REGION,280.5,49;98;98M;154;154B;180;180A;187;240;240M;246
28101,Opp SMRT Ulu Pandan Depot,Toh Tuck Ave,CLEMENTI,WEST REGION,259.2,41;106;173;963
28109,SMRT Ulu Pandan Depot,Toh Tuck Ave,CLEMENTI,WEST REGION,229.6,41;106;106A;173;963
28181,Bef Toh Tuck Lk,Toh Tuck Ave,CLEMENTI,WEST REGION,612.1,106;173;183;963
28189,Aft Toh Tuck Lk,Toh Tuck Ave,CLEMENTI,WEST REGION,600.2,106;106A;173;183;183B;963
28199,Opp Jem,Jurong Gateway Rd,JURONG EAST,WEST REGION,610.9,333
28201,Opp The JTC Summit,Jurong Gateway Rd,JURONG EAST,WEST REGION,838.4,990
28211,Bef Jurong East Stn,Jurong Gateway Rd,JURONG EAST,WEST REGION,939.0,41;51;52;78;79;97;97e;98;98M;105;143;143M;160;183;334;335;870;984;990
28221,Opp Intl Business Pk,Jurong Town Hall Rd,JURONG EAST,WEST REGION,533.6,51;78;79;97;143;143M;176;178;197;198
28229,German Ctr,Jurong Town Hall Rd,JURONG EAST,WEST REGION,480.3,51;51A;78;78A;79;79T;97;97e;143;143M;176;197;198;647
28231,Jurong Town Hall,Jurong Town Hall Rd,JURONG EAST,WEST REGION,794.7,51;78;79;143;143M;176;178;198
28239,Jurong Town Hall Int,Jurong Town Hall Rd,JURONG EAST,WEST REGION,722.5,51;51A;78;78A;79;79T;97;97e;143;143M;176;178;197;198
28241,Opp Jurong East Lib,Jurong Town Hall Rd,JURONG EAST,WEST REGION,1093.7,51;78;79;143;143M;176;178;198
28249,Jurong East Lib,Jurong Town Hall Rd,JURONG EAST,WEST REGION,1142.2,51;51A;78;78A;79;79T;143;143M;176;178;198
28251,S'pore Science Ctr,Jurong Town Hall Rd,JURONG EAST,WEST REGION,1288.6,66;97;178;198;335;984
28259,Opp S'pore Science Ctr,Jurong Town Hall Rd,JURONG EAST,WEST REGION,1253.0,66;97;178;198;335;984
28261,Aft S'pore Science Ctr,Jurong Town Hall Rd,JURONG EAST,WEST REGION,1091.9,66;97;178;198;335;984
28269,Blk 118,Jurong Town Hall Rd,JURONG EAST,WEST REGION,1061.8,66;97;178;198;335;984
28271,Opp Blk 114,Jurong Town Hall Rd,JURONG EAST,WEST REGION,864.0,66;97;178;198;335;984
28279,Blk 114,Jurong Town Hall Rd,JURONG EAST,WEST REGION,798.4,66;97;178;198;335;984
28281,Opp Blk 227,Jurong Town Hall Rd,JURONG EAST,WEST REGION,485.9,66;97;99;160;160A;178;180;180A;198;334;506;872;984;993
28289,Blk 228,Jurong Town Hall Rd,JURONG EAST,WEST REGION,465.1,66;97;99;160;178;180;198;334;506;872;872A;984;993
28291,Blk 303,Jurong Town Hall Rd,JURONG EAST,WEST REGION,197.7,66;97;157;160;160A;178;180;180A;185;506;872;984;993
28299,Blk 253,Jurong Town Hall Rd,JURONG EAST,WEST REGION,156.3,66;97;157;160;178;180;185;506;872;872A;984;993
28301,Blk 131,Jurong Gateway Rd,JURONG EAST,WEST REGION,960.1,51;51A;66;78;78A;79;79T;97;97e;143;143M;335;984
28309,Intl Business Pk,Jurong Town Hall Rd,JURONG EAST,WEST REGION,475.7,49;178
28311,Blk 209,Jurong East Ctrl,JURONG EAST,WEST REGION,746.0,41;52;98;98M;105;105B;176;183;183B;870
28319,Blk 207,Jurong East Ctrl,JURONG EAST,WEST REGION,678.5,41;52;98;98M;105;176;183;870
28321,Blk 239,Jurong East Ave 1,JURONG EAST,WEST REGION,418.4,98;98M;187;333;502;657
28329,Blk 246,Jurong East Ave 1,JURONG EAST,WEST REGION,398.8,98;98M;187;333;502;657
28331,Blk 229,Jurong East Ave 1,JURONG EAST,WEST REGION,372.7,98;98M;187;333;502;657
28339,Blk 252,Jurong East Ave 1,JURONG EAST,WEST REGION,325.5,98;98M;187;333;502;657
28341,Chinese Gdn Stn,Boon Lay Way,JURONG EAST,WEST REGION,548.7,180;335;872;872A
28349,Opp Chinese Gdn Stn,Boon Lay Way,JURONG EAST,WEST REGION,575.7,180;180A;335;872
28351,Opp Blk 350,Boon Lay Way,JURONG EAST,WEST REGION,332.8,180;335
28359,Blk 350,Boon Lay Way,JURONG EAST,WEST REGION,342.3,180;180A;335;872
28361,Jurong Lake,Boon Lay Way,JURONG EAST,WEST REGION,19.5,180;335
28369,Opp Jurong Lake,Boon Lay Way,JURONG WEST,WEST REGION,14.8,180;180A;335
28371,Bef Jurong West St 51,Boon Lay Way,JURONG EAST,WEST REGION,12.7,180;335
28379,Aft Jurong West St 51,Boon Lay Way,JURONG WEST,WEST REGION,8.3,180;180A;335
28381,Blk 515,Jurong West St 51,JURONG WEST,WEST REGION,162.8,49;98;98M;187;335
28389,Opp Blk 515,Jurong West St 51,JURONG WEST,WEST REGION,177.1,49;98;98B;98M;187;335
28391,Blk 501,Jurong West St 51,JURONG WEST,WEST REGION,607.8,49;98;98M;187
28399,Blk 458,Jurong West St 51,JURONG WEST,WEST REGION,591.2,98;98B;98M;187
28401,Blk 502,Jurong West Ave 1,JURONG WEST,WEST REGION,557.4,49;99;157;185;198;334;502;657
28409,Blk 454,Jurong West Ave 1,JURONG WEST,WEST REGION,548.1,99;157;185;198;198A;335;502;657
28411,Blk 526,Jurong West St 52,JURONG WEST,WEST REGION,586.6,335
28421,Blk 517,Jurong West St 52,JURONG WEST,WEST REGION,300.3,335
28431,Blk 134,Jurong East Ctrl,JURONG EAST,WEST REGION,1144.4,51;51A;66;78;78A;79;79T;97;97e;143;143M;176;335;984
28439,Blk 124,Jurong East Ctrl,JURONG EAST,WEST REGION,1170.8,51;66;78;79;97;97e;143;143M;176;335;984
28441,Seventh-Day Advent Ch,Jurong East Ctrl,JURONG EAST,WEST REGION,1042.2,41;49;52;105;105B;160;160A;176;183;183B;334;506;870;993
28449,Bef Seventh-Day Advent Ch,Jurong East Ctrl,JURONG EAST,WEST REGION,991.7,41;49;52;98;98M;105;160;176;183;334;506;870;990;993
28451,Parc Oasis,Jurong East Ave 1,JURONG EAST,WEST REGION,351.8,98;98M;99;157;185;187;198;333;334;502;657
28459,Opp Parc Oasis,Jurong East Ave 1,JURONG EAST,WEST REGION,336.4,98;98M;99;157;185;187;198;198A;333;334;502;657
28461,Blk 347,Jurong East Ave 1,JURONG EAST,WEST REGION,434.0,98;98M;99;157;185;187;198;333;334;502;657;872
28469,Blk 316,Jurong East Ave 1,JURONG EAST,WEST REGION,397.9,98;98M;99;157;185;187;198;198A;334;502;657
28471,Opp Blk 311,Jurong East St 32,JURONG EAST,WEST REGION,220.4,333;872
28481,Blk 306,Jurong East St 32,JURONG EAST,WEST REGION,205.3,333;872
28491,Opp Jurong Polyclinic,Jurong East Ave 1,JURONG EAST,WEST REGION,264.1,98;98M;99;157;185;187;198;334;502;657
28499,Jurong Polyclinic,Jurong East Ave 1,JURONG EAST,WEST REGION,242.6,98;98M;99;157;185;187;198;198A;334;502;657
28501,Blk 490,Jurong West Ave 1,JURONG WEST,WEST REGION,82.9,98;98B;98M;99;157;185;187;198;334;502;657
28509,Blk 422,Jurong West Ave 1,JURONG WEST,WEST REGION,175.9,98;98M;99;157;185;187;198;198A;334;502;657
28511,Blk 463,Jurong West Ave 1,JURONG WEST,WEST REGION,488.9,98;98B;98M;99;157;185;187;198;334;502;657
28519,Blk 425,Jurong West Ave 1,JURONG WEST,WEST REGION,399.8,98;98M;99;157;185;187;198;198A;335;502;657
28521,Blk 457,Jurong West Ave 1,JURONG WEST,WEST REGION,508.9,98;98B;98M;99;157;185;187;198;334;502;657
28529,Blk 441,Jurong West Ave 1,JURONG WEST,WEST REGION,488.8,98;98M;99;157;185;187;198;198A;335;502;657
28531,Blk 536,Jurong West Ave 1,JURONG WEST,WEST REGION,659.0,99;157;185;198;502;657
28539,Blk 538,Jurong West Ave 1,JURONG WEST,WEST REGION,723.2,99;157;185;198;198A;502;657
28541,Blk 551,Jurong West St 42,JURONG WEST,WEST REGION,391.9,49;334
28551,Blk 560A,Jurong West St 42,JURONG WEST,WEST REGION,278.7,49;334
28561,Blk 402,Jurong West St 42,JURONG WEST,WEST REGION,256.8,49;334
28571,Blk 416,Jurong West St 42,JURONG WEST,WEST REGION,251.5,49;334
28581,Blk 491,Jurong West St 41,JURONG WEST,WEST REGION,269.4,49;335
28591,Opp Blk 481,Jurong West St 41,JURONG WEST,WEST REGION,180.9,49;335
28601,Yuhua Sec Sch,Jurong West St 41,JURONG WEST,WEST REGION,257.8,49;335
28611,Opp Blk 461,Jurong West St 41,JURONG WEST,WEST REGION,493.2,49;335
28621,Blk 241,Jurong East Ctrl,JURONG EAST,WEST REGION,208.7,176;187;188;647;870;990
28629,Blk 266,Jurong East Ctrl,JURONG EAST,WEST REGION,123.2,176;187;188;188e;647;870;990
28631,Opp Blk 288D,Toh Guan Rd,JURONG EAST,WEST REGION,362.1,41;52;105;105B;183;183B;188;188e;333;502;647;657;990
28639,Blk 288E,Toh Guan Rd,JURONG EAST,WEST REGION,381.9,41;52;105;183;188;333;502;647;657;990
28641,Blk 284,Toh Guan Rd,JURONG EAST,WEST REGION,283.1,41;52;105;105B;183;183B;188;188e;333;502;647;657;990
28649,Blk 286A,Toh Guan Rd,JURONG EAST,WEST REGION,292.0,41;52;105;183;188;333;502;647;657;990
28651,Opp IMM Bldg,Toh Guan Rd,JURONG EAST,WEST REGION,126.9,52;105;105B;188;188e;333;502;657;990
28659,IMM Bldg,Toh Guan Rd,JURONG EAST,WEST REGION,164.6,52;105;188;333;502;657;990
28661,Opp Jurong East Warehse,Toh Guan Rd East,CLEMENTI,WEST REGION,65.8,41;183;183B
28669,Jurong East Warehse,Toh Guan Rd East,CLEMENTI,WEST REGION,45.0,41;183
28671,Alliance Bldg,Toh Guan Rd East,CLEMENTI,WEST REGION,236.6,41;183;183B
28679,Bef Toh Guan Rd East,Toh Guan Rd East,CLEMENTI,WEST REGION,240.6,41;183
28681,Toh Guan Ctr,Toh Guan Rd East,CLEMENTI,WEST REGION,89.9,41;183;183B
28689,Opp Toh Guan Ctr,Toh Guan Rd East,CLEMENTI,WEST REGION,107.7,41;183
28691,Wang-Fu Ind Pte Ltd,Toh Guan Rd East,CLEMENTI,WEST REGION,100.0,41;183;183B
28699,Opp Uni-Tech Ctr,Toh Guan Rd East,CLEMENTI,WEST REGION,112.3,41;183
28701,Aft Old Toh Tuck Rd,Toh Tuck Link,CLEMENTI,WEST REGION,489.4,41;183;183B
28709,Bef Old Toh Tuck Rd,Toh Tuck Link,CLEMENTI,WEST REGION,496.9,41;183
29009,Jurong Town Hall Int,Venture Dr,JURONG EAST,WEST REGION,700.0,78;78A;79;79T;160;160A;870;984
29011,Opp Sanmina-SCI,Penjuru Rd,JURONG EAST,WEST REGION,863.4,78
29019,Sanmina-SCI,Penjuru Rd,JURONG EAST,WEST REGION,815.4,78;78A
29021,Aft Jln Buroh,Penjuru Rd,JURONG EAST,WEST REGION,1332.4,78;79
29029,Bef Penjuru Cl,Penjuru Rd,JURONG EAST,WEST REGION,1395.7,78;78A;79;79T
29031,Aft Penjuru Pl,Penjuru Rd,JURONG EAST,WEST REGION,1396.8,78;79
29039,Bef Penjuru Wk,Penjuru Rd,JURONG EAST,WEST REGION,1355.9,78;78A;79;79T
29041,Ban Joo,Tg Penjuru,JURONG EAST,WEST REGION,676.6,78;78A
29049,LTH Logistics,Tg Penjuru,JURONG EAST,WEST REGION,658.8,78
29051,Opp Caltex S'pore,Jln Buroh,JURONG EAST,WEST REGION,372.8,78
29059,Caltex S'pore,Jln Buroh,JURONG EAST,WEST REGION,354.2,78
29069,Aft Pandan Rd,Jln Buroh,JURONG EAST,WEST REGION,270.3,78
29071,Gas Svc Intl,Pandan Rd,JURONG EAST,WEST REGION,277.4,78
29081,Franklin Offshore,Pandan Rd,JURONG EAST,WEST REGION,274.7,78
29089,Swanson Plastics,Pandan Rd,JURONG EAST,WEST REGION,302.4,78
29091,Opp Sia Huat,Pandan Rd,JURONG EAST,WEST REGION,287.6,78
29099,Bef Sia Huat,Pandan Rd,JURONG EAST,WEST REGION,293.7,78
29101,PPL Shipyard,Pandan Rd,JURONG EAST,WEST REGION,216.3,78
29109,Opp PPL Shipyard,Pandan Rd,JURONG EAST,WEST REGION,245.4,78
29111,Transerve,Pandan Rd,JURONG EAST,WEST REGION,243.6,78
29119,ComfortDelGro Engrg,Pandan Rd,JURONG EAST,WEST REGION,264.2,78
29121,Opp CLP Intl,Tg Penjuru,JURONG EAST,WEST REGION,738.3,78;78A
29129,CLP Intl,Tg Penjuru,JURONG EAST,WEST REGION,714.6,78
29139,Opp Foh Foh Pte Ltd,Pandan Ave,JURONG EAST,WEST REGION,374.9,78
29149,Senkee Logistics Hub,Pandan Ave,JURONG EAST,WEST REGION,436.9,78
29159,Aft Teban Gdns Cres,Penjuru Rd,JURONG EAST,WEST REGION,1279.1,201
29161,Bef Pandan Rd,Jln Buroh,JURONG EAST,WEST REGION,403.5,78
30011,Tengah Air Base,Old Choa Chu Kang Rd,WESTERN WATER CATCHMENT,WEST REGION,609.9,172;975
30019,Opp Tengah Air Base,Old Choa Chu Kang Rd,WESTERN WATER CATCHMENT,WEST REGION,591.7,172;975;975B;975C
30021,Opp Keat Hong Camp,Old Choa Chu Kang Rd,WESTERN WATER CATCHMENT,WEST REGION,598.6,172;975
30029,Keat Hong Camp,Old Choa Chu Kang Rd,WESTERN WATER CATCHMENT,WEST REGION,566.7,172;975;975B;975C
30031,Opp Army Logistics Base,Old Choa Chu Kang Rd,WESTERN WATER CATCHMENT,WEST REGION,525.1,172;975
30039,Army Logistics Base,Old Choa Chu Kang Rd,WESTERN WATER CATCHMENT,WEST REGION,495.1,172;975;975B;975C
30041,Opp Home Team Acad,Old Choa Chu Kang Rd,WESTERN WATER CATCHMENT,WEST REGION,426.0,172;975
30049,Home Team Acad,Old Choa Chu Kang Rd,WESTERN WATER CATCHMENT,WEST REGION,277.7,172;975;975B;975C
30051,Aft Track 14,Old Choa Chu Kang Rd,WESTERN WATER CATCHMENT,WEST REGION,197.9,172;975
30059,Opp Track 14,Old Choa Chu Kang Rd,WESTERN WATER CATCHMENT,WEST REGION,129.8,172;975;975B;975C
30081,Opp Hai Inn See Tp,Brickland Rd,CHOA CHU KANG,WEST REGION,15.0,172;975
30089,Aft Hai Inn See Tp,Brickland Rd,TENGAH,WEST REGION,12.1,172;975;975A;975B;975C
30091,Chengtai Nursery,Sg Tengah Rd,WESTERN WATER CATCHMENT,WEST REGION,174.1,172;975
30099,Opp Chengtai Nursery,Sg Tengah Rd,WESTERN WATER CATCHMENT,WEST REGION,171.3,172;975;975B;975C
30101,Blk 485B,Brickland Rd,CHOA CHU KANG,WEST REGION,13.3,451;991
30109,Opp Blk 485A,Brickland Rd,TENGAH,WEST REGION,9.6,451;991
30111,Blk 804B,Brickland Rd,CHOA CHU KANG,WEST REGION,10.0,451;684;984;984A;991
30119,Aft Choa Chu Kang Ave 6,Brickland Rd,TENGAH,WEST REGION,10.4,451;991
30121,Blk 805D,Brickland Rd,CHOA CHU KANG,WEST REGION,10.2,451;684;984;984A;991
30129,Opp Blk 805D,Brickland Rd,TENGAH,WEST REGION,12.9,451;684;984;991
31009,Choa Chu Kang Rd End,Old Choa Chu Kang Rd,WESTERN WATER CATCHMENT,WEST REGION,2357.4,405
31011,Aft Nanyang Ave,Jln Bahar,WESTERN WATER CATCHMENT,WEST REGION,609.7,172;405
31019,Bef Nanyang Ave,Jln Bahar,WESTERN WATER CATCHMENT,WEST REGION,688.9,172;405
31031,Civil Defence Acad,Jln Bahar,WESTERN WATER CATCHMENT,WEST REGION,1178.7,172;405
31039,Opp Civil Defence Acad,Jln Bahar,WESTERN WATER CATCHMENT,WEST REGION,1150.4,172;405
31041,Bef Muslim Cemy Path 7,Jln Bahar,WESTERN WATER CATCHMENT,WEST REGION,1338.1,172;405
31049,Aft Chr Cemy Path 9,Jln Bahar,WESTERN WATER CATCHMENT,WEST REGION,1346.1,172;405
31051,Pusara Aman Mque,Jln Bahar,WESTERN WATER CATCHMENT,WEST REGION,1544.6,172;405
31059,Aft Cemy Chapel,Jln Bahar,WESTERN WATER CATCHMENT,WEST REGION,1513.0,172;405
31121,Nirvana Memorial Gdn,Old Choa Chu Kang Rd,WESTERN WATER CATCHMENT,WEST REGION,1940.3,405;975
31129,Aft Nirvana Memorial Gdn,Old Choa Chu Kang Rd,WESTERN WATER CATCHMENT,WEST REGION,1963.2,405;975;975B;975C
31131,CCK Cemy Office,Old Choa Chu Kang Rd,WESTERN WATER CATCHMENT,WEST REGION,1886.9,405;975
31139,Opp CCK Cemy Office,Old Choa Chu Kang Rd,WESTERN WATER CATCHMENT,WEST REGION,1868.2,405;975;975B;975C
31141,Aft Gdn of Remembrance,Old Choa Chu Kang Rd,WESTERN WATER CATCHMENT,WEST REGION,1768.9,405;975
31149,Bef Gdn of Remembrance,Old Choa Chu Kang Rd,WESTERN WATER CATCHMENT,WEST REGION,1710.8,405;975;975B;975C
31151,Aft Lim Chu Kang Rd,Old Choa Chu Kang Rd,WESTERN WATER CATCHMENT,WEST REGION,1534.3,172;975
31159,Bef Lim Chu Kang Rd,Old Choa Chu Kang Rd,WESTERN WATER CATCHMENT,WEST REGION,1495.2,172;975;975B;975C
31161,Opp Teen Challenge,Old Choa Chu Kang Rd,WESTERN WATER CATCHMENT,WEST REGION,1003.0,172;975
31169,Teen Challenge,Old Choa Chu Kang Rd,WESTERN WATER CATCHMENT,WEST REGION,1053.5,172;975;975B;975C
31171,Opp Jln Berseri,Old Choa Chu Kang Rd,WESTERN WATER CATCHMENT,WEST REGION,858.9,172;975
31179,Aft Jln Berseri,Old Choa Chu Kang Rd,WESTERN WATER CATCHMENT,WEST REGION,894.5,172;975;975B;975C
31191,B26 Old Choa Chu Kang Rd,Old Choa Chu Kang Rd,WESTERN WATER CATCHMENT,WEST REGION,504.4,172;975
31199,B25 Old Choa Chu Kang Rd,Old Choa Chu Kang Rd,WESTERN WATER CATCHMENT,WEST REGION,459.7,172;975;975B;975C
32071,Aft Track 13,Lim Chu Kang Rd,WESTERN WATER CATCHMENT,WEST REGION,94.7,975;975B;975C
32081,Sg Gedong Camp,Lim Chu Kang Rd,WESTERN WATER CATCHMENT,WEST REGION,8.2,975;975B;975C
32089,Aft Sg Gedong Camp,Lim Chu Kang Rd,LIM CHU KANG,NORTH REGION,9.2,975
32121,Aft Old Choa Chu Kang Rd,Lim Chu Kang Rd,WESTERN WATER CATCHMENT,WEST REGION,2365.6,975;975B;975C
32129,Bef Old Choa Chu Kang Rd,Lim Chu Kang Rd,WESTERN WATER CATCHMENT,WEST REGION,2386.8,975
32131,Bef Chinese & Muslim Cemy,Lim Chu Kang Rd,WESTERN WATER CATCHMENT,WEST REGION,2629.2,975;975B;975C
32139,Aft Chinese & Muslim Cemy,Lim Chu Kang Rd,WESTERN WATER CATCHMENT,WEST REGION,2709.9,975
32141,B27 Lim Chu Kang Rd,Lim Chu Kang Rd,WESTERN WATER CATCHMENT,WEST REGION,2421.8,975;975B;975C
32149,B26 Lim Chu Kang Rd,Lim Chu Kang Rd,WESTERN WATER CATCHMENT,WEST REGION,2416.2,975
32151,Opp Lim Chu Kang Substation No. 1,Lim Chu Kang Rd,WESTERN WATER CATCHMENT,WEST REGION,555.4,975;975B;975C
32159,Bef Lim Chu Kang Substation No. 1,Lim Chu Kang Rd,WESTERN WATER CATCHMENT,WEST REGION,506.9,975
33011,B19 Lim Chu Kang Rd,Lim Chu Kang Rd,LIM CHU KANG,NORTH REGION,186.2,975;975B;975C
33019,B20 Lim Chu Kang Rd,Lim Chu Kang Rd,LIM CHU KANG,NORTH REGION,143.7,975
33021,Opp Neo Tiew Rd,Lim Chu Kang Rd,LIM CHU KANG,NORTH REGION,379.9,975;975B;975C
33029,Aft Neo Tiew Rd,Lim Chu Kang Rd,LIM CHU KANG,NORTH REGION,341.2,975
33031,Aft Jln Bahtera,Lim Chu Kang Rd,LIM CHU KANG,NORTH REGION,466.4,975;975B;975C
33039,Opp Jln Bahtera,Lim Chu Kang Rd,LIM CHU KANG,NORTH REGION,441.9,975
33041,Opp Lim Chu Kang Lane 3,Lim Chu Kang Rd,LIM CHU KANG,NORTH REGION,815.3,975;975B;975C
33049,Aft Lim Chu Kang Lane 3,Lim Chu Kang Rd,LIM CHU KANG,NORTH REGION,682.1,975
33051,Bef Lim Chu Kang Lane 3A,Lim Chu Kang Rd,LIM CHU KANG,NORTH REGION,1085.3,975;975C
33059,Aft Lim Chu Kang Lane 3A,Lim Chu Kang Rd,LIM CHU KANG,NORTH REGION,999.3,975
34009,Police Coast Guard,Lim Chu Kang Rd,LIM CHU KANG,NORTH REGION,73.0,975;975C
34011,Opp Lim Chu Kang Lane 4,Lim Chu Kang Rd,LIM CHU KANG,NORTH REGION,1045.2,975;975C
34019,Aft Lim Chu Kang Lane 4,Lim Chu Kang Rd,LIM CHU KANG,NORTH REGION,1100.3,975
34021,Opp Lim Chu Kang Lane 5,Lim Chu Kang Rd,LIM CHU KANG,NORTH REGION,887.1,975;975C
34029,Bef Lim Chu Kang Lane 5,Lim Chu Kang Rd,LIM CHU KANG,NORTH REGION,914.8,975
34031,Aft Lim Chu Kang Lane 6,Lim Chu Kang Rd,LIM CHU KANG,NORTH REGION,687.8,975;975C
34039,Bef Lim Chu Kang Lane 6,Lim Chu Kang Rd,LIM CHU KANG,NORTH REGION,783.8,975
34041,B03 Lim Chu Kang Rd,Lim Chu Kang Rd,LIM CHU KANG,NORTH REGION,596.2,975;975C
34049,Aft Lim Chu Kang Lane 8,Lim Chu Kang Rd,LIM CHU KANG,NORTH REGION,645.0,975
34051,Aft Lim Chu Kang Lane 8,Lim Chu Kang Rd,LIM CHU KANG,NORTH REGION,265.5,975;975C
34059,Yishun Dairy Farm,Lim Chu Kang Rd,LIM CHU KANG,NORTH REGION,308.5,975
40011,Little India Stn Exit A,Bt Timah Rd,ROCHOR,CENTRAL REGION,71.9,48;56;57;67;166;170;851;851e;960;960e;980
40019,Little India Stn,Bt Timah Rd,ROCHOR,CENTRAL REGION,37.1,48;56;57;67;131;131A;166;170;851;851e;960;960e;980
40021,Bef Winstedt Rd,Bt Timah Rd,NEWTON,CENTRAL REGION,14.9,48;67;170;960;960e
40029,Aft Makepeace Rd,Bt Timah Rd,NOVENA,CENTRAL REGION,17.8,48;67;170;960;960e
40031,Newton FC,Bt Timah Rd,NEWTON,CENTRAL REGION,21.5,48;67;170;960;960e
40039,Opp Newton FC,Bt Timah Rd,NOVENA,CENTRAL REGION,20.9,48;67;170;960;960e
40041,Newton Stn Exit C,Bt Timah Rd,NEWTON,CENTRAL REGION,42.5,48;67;170;960;960e;972M
40049,Opp Newton Stn Exit C,Dunearn Rd,NOVENA,CENTRAL REGION,43.5,48;67;170;960;960e;972M
40051,Balmoral Plaza,Bt Timah Rd,NEWTON,CENTRAL REGION,29.3,48;67;170;960;960e;972M
40059,Chancery Ct,Dunearn Rd,NOVENA,CENTRAL REGION,27.7,48;67;170;960;960e;972M
40069,Anglo-Chinese Sch,Dunearn Rd,NOVENA,CENTRAL REGION,53.5,48;67;170;960;960e;972M
40071,Leng Kwang Baptist Ch,Bt Timah Rd,TANGLIN,CENTRAL REGION,33.8,48;67;170;960;960e;972M
40079,Bef Swiss Cottage Est,Dunearn Rd,NOVENA,CENTRAL REGION,48.0,48;67;170;960;960e;972M
40081,Stevens Stn Exit 1,Bt Timah Rd,TANGLIN,CENTRAL REGION,43.5,48;67;170;960;960e;972M
40089,Aft Stevens Stn Exit 5,Dunearn Rd,NOVENA,CENTRAL REGION,43.5,48;67;170;960;960e;972M
40091,Bef Lewis Rd,Bt Timah Rd,TANGLIN,CENTRAL REGION,40.1,48;67;151;153;154;156;170;186
40099,Aft Dunkirk Ave,Dunearn Rd,NOVENA,CENTRAL REGION,46.0,48;67;151;153;154;156;170;186
40101,KK Women & Children Hosp,Kg Java Rd,KALLANG,CENTRAL REGION,214.8,56;57;166;851;980
40109,Opp KK Women & Child Hosp,Kg Java Rd,KALLANG,CENTRAL REGION,149.3,56;57;131;131A;166;851;980
40111,Ferrell Residences,Bt Timah Rd,TANGLIN,CENTRAL REGION,32.0,48;67;170;960;960e;972M
40119,Bef Goldhill Ave,Dunearn Rd,NOVENA,CENTRAL REGION,51.5,48;67;170;960;960e;972M
40121,Opp Newton Life Ch,Newton Rd,NOVENA,CENTRAL REGION,229.6,5;54;124;143;167
40129,Newton Life Ch,Newton Rd,NOVENA,CENTRAL REGION,246.8,5;54;124;143;167
40171,Opp Env Bldg,Scotts Rd,NEWTON,CENTRAL REGION,195.3,5;54;124;143;167;972M
40179,Env Bldg,Scotts Rd,NEWTON,CENTRAL REGION,292.9,5;54;124;143;167;518;518A;680;681;682;683;972M
40181,Newton Stn Exit A,Scotts Rd,NEWTON,CENTRAL REGION,130.7,5;54;124;143;167;680;681;682;683;972M
40189,Newton Stn Exit B,Scotts Rd,NEWTON,CENTRAL REGION,143.3,5;54;124;143;167;518;518A;972M
40191,Aft Draycott Pk,Stevens Rd,NEWTON,CENTRAL REGION,65.8,105;132;190;972
40199,Aft Balmoral Rd,Stevens Rd,NEWTON,CENTRAL REGION,182.1,105;132;190;190A;972;972A
40201,Chelsea Gdns Condo,Stevens Rd,TANGLIN,CENTRAL REGION,174.9,105;132;190;972
40209,Novotel Mercure @ Stevens,Stevens Rd,TANGLIN,CENTRAL REGION,206.7,105;132;190;190A;972;972A
40211,Opp Met YMCA,Stevens Rd,TANGLIN,CENTRAL REGION,428.1,105;132;190;972
40219,Bef Met YMCA,Stevens Rd,TANGLIN,CENTRAL REGION,371.0,105;132;190;190A;972;972A
40221,Stevens Stn Exit 3,Stevens Rd,TANGLIN,CENTRAL REGION,181.2,105;132;190;972
40229,Bef Stevens Stn Exit 2,Stevens Rd,TANGLIN,CENTRAL REGION,149.3,105;132;190;190A;972;972A
40231,Raffles Town Club,Whitley Rd,NOVENA,CENTRAL REGION,176.5,105;132;151;153;154;156;186;190;960;960e;972;972M
40239,Bef Stevens Stn Exit 4,Whitley Rd,NOVENA,CENTRAL REGION,221.4,105;132;151;153;154;156;186;190;190A;960;960e;972;972A;972M
40249,St. Joseph's Instn,Whitley Rd,NOVENA,CENTRAL REGION,508.5,105;132;151;153;154;156;186
40251,Aft Wallace Way,Lornie Rd,CENTRAL WATER CATCHMENT,NORTH REGION,15.9,157;165
40259,Bef Wallace Way,Lornie Rd,NOVENA,CENTRAL REGION,17.2,157;165
40261,LP 52,Lornie Rd,CENTRAL WATER CATCHMENT,NORTH REGION,9.6,157;165
40269,LP 57,Lornie Rd,NOVENA,CENTRAL REGION,20.1,157;165
40271,Opp KK Women & Child Hosp,Bt Timah Rd,NEWTON,CENTRAL REGION,17.7,48;67;170;960;960e
40279,KK Women & Children Hosp,Bt Timah Rd,KALLANG,CENTRAL REGION,22.5,48;67;170;960;960e
40281,Blk 467B,Bukit Batok West Avenue 9,BUKIT BATOK,WEST REGION,595.4,871;871A
40289,Opp Blk 467B,Bukit Batok West Avenue 9,BUKIT BATOK,WEST REGION,594.2,871
40301,Blk 451A,Bt Batok West Ave 6,BUKIT BATOK,WEST REGION,629.3,992
40309,Opp Blk 451A,Bt Batok West Ave 6,BUKIT BATOK,WEST REGION,655.3,992
40311,Blk 439C,Bt Batok West Ave 6,BUKIT BATOK,WEST REGION,119.1,871;871A;993
40319,Blk 441A,Bt Batok West Ave 6,BUKIT BATOK,WEST REGION,209.9,871
40321,Dulwich College,Bt Batok West Ave 8,BUKIT BATOK,WEST REGION,213.2,684;941;991;993
40329,Millennia Institute,Bt Batok West Ave 8,BUKIT BATOK,WEST REGION,203.5,684;941;991;993
40331,Blk 460D,Bukit Batok West Avenue 9,BUKIT BATOK,WEST REGION,361.0,993
40339,Blk 448B,Bukit Batok West Avenue 9,BUKIT BATOK,WEST REGION,427.3,941;993
40341,Bef Blk 440A,Bt Batok West Ave 8,BUKIT BATOK,WEST REGION,264.3,684;941;991
40349,Blk 461,Bt Batok West Ave 8,BUKIT BATOK,WEST REGION,318.8,684;991
40351,Blk 461C,Bt Batok West Ave 6,BUKIT BATOK,WEST REGION,465.9,871;992;993
40359,Opp Blk 461C,Bt Batok West Ave 6,BUKIT BATOK,WEST REGION,402.8,871;871A;941;992;993
40361,Blk 438A,Bt Batok West Ave 8,BUKIT BATOK,WEST REGION,288.4,684;991;992;993
40369,Blk 464A,Bt Batok West Ave 8,BUKIT BATOK,WEST REGION,295.6,684;991;992
40371,Opp Blk 465A,Bt Batok West Ave 5,BUKIT BATOK,WEST REGION,399.3,991
40379,Blk 467 CP,Bt Batok West Ave 5,BUKIT BATOK,WEST REGION,485.6,991
40381,Blk 111,Plantation Cres,TENGAH,WEST REGION,271.2,452;453;674;870;871;992
40389,Tengah CC,Plantation Cres,TENGAH,WEST REGION,257.7,452;453;674;870;871;871A;992
40391,Blk 231B,Tengah Blvd,TENGAH,WEST REGION,510.7,181;870;872
40399,Blk 123B,Tengah Blvd,TENGAH,WEST REGION,452.0,181;870;872;872A
40401,Blk 224A,Tengah Blvd,TENGAH,WEST REGION,501.3,181;452;453;674;871;871A;872;992
40409,Blk 132B,Tengah Blvd,TENGAH,WEST REGION,565.5,181;452;453;674;871;872;872A;992
40411,Blk 221B,Tengah Gdn Ave,TENGAH,WEST REGION,455.0,452;453;674;831W;871;871A;992
40419,Blk 215,Tengah Gdn Ave,TENGAH,WEST REGION,418.6,452;453;674;831G;871;992
40421,Blk 220A,Tengah Garden Walk,TENGAH,WEST REGION,651.4,452;453;674;871;871A;992
40429,Blk 242,Tengah Garden Walk,TENGAH,WEST REGION,634.3,452;453;674;871;992
40431,Blk 237A,Tengah Garden Walk,TENGAH,WEST REGION,789.4,452;453;674;871;871A;992
40439,Opp Blk 236A,Tengah Garden Walk,TENGAH,WEST REGION,826.1,452;453;674;871;992
40441,Blk 238,Tengah Dr,TENGAH,WEST REGION,675.1,452;453;674;831W;871;871A;992
40449,Blk 324B,Tengah Dr,TENGAH,WEST REGION,682.0,452;453;674;831G;871;992
40451,Blk 306B,Tengah Blvd,TENGAH,WEST REGION,456.5,97;97e;181;452;453;674;831W;870;871;871A;872;872A;992
40459,Blk 321,Tengah Blvd,TENGAH,WEST REGION,484.4,97;97e;181;452;453;674;831G;870;871;872;992
40461,Blk 308A,Tengah Pk Ave,TENGAH,WEST REGION,274.3,831W
40469,Blk 319A,Tengah Pk Ave,TENGAH,WEST REGION,264.5,831G
40471,Blk 126A,Tengah Dr,TENGAH,WEST REGION,241.0,97;97e
40479,Blk 307B,Tengah Dr,TENGAH,WEST REGION,256.0,97;97e
40481,Bef Blk 113,Plantation Cres,TENGAH,WEST REGION,207.7,831W;872;872A
40489,Opp Blk 113,Plantation Cres,TENGAH,WEST REGION,136.6,831G;872
40491,Bef Plantation Cres,Tengah Gdn Ave,TENGAH,WEST REGION,270.2,831W;872;872A
40499,Aft Plantation Cres,Tengah Gdn Ave,TENGAH,WEST REGION,265.0,831G;872
40501,Blk 131D,Tengah Gdn Ave,TENGAH,WEST REGION,322.1,831W;872;872A
40509,Opp Blk 131D,Tengah Gdn Ave,TENGAH,WEST REGION,303.7,831G;872
41009,Tengah Int,Tengah Blvd,TENGAH,WEST REGION,530.8,97;97e;181;452;453;831G;831W;870;871;871A;872;872A;992
41011,NUS Bt Timah Campus,Bt Timah Rd,TANGLIN,CENTRAL REGION,32.8,48;67;151;153;154;156;170;186
41019,Aft Kheam Hock Rd,Dunearn Rd,NOVENA,CENTRAL REGION,37.6,48;67;151;153;154;156;170;186
41021,Botanic Gdns Stn,Bt Timah Rd,TANGLIN,CENTRAL REGION,41.6,48;67;151;153;154;156;170;186
41029,Opp Botanic Gdns Stn,Dunearn Rd,NOVENA,CENTRAL REGION,43.5,48;67;151;153;154;156;170;186
41031,Bef Crown Ctr,Bt Timah Rd,BUKIT TIMAH,CENTRAL REGION,145.5,67;74;151;154;156;157;170;174;852;961;961M
41041,Coronation Plaza,Bt Timah Rd,BUKIT TIMAH,CENTRAL REGION,348.8,67;74;151;154;156;157;170;174;852;961;961M
41049,Opp Coronation Plaza,Dunearn Rd,BUKIT TIMAH,CENTRAL REGION,368.8,67;74;151;154;156;157;170;174;852;961;961M
41051,Tan Kah Kee Stn,Bt Timah Rd,BUKIT TIMAH,CENTRAL REGION,736.3,67;74;151;154;156;157;170;174;852;961;961M
41061,Chinese High Sch,Bt Timah Rd,BUKIT TIMAH,CENTRAL REGION,903.9,67;74;151;154;156;157;170;174;852;961;961M
41069,Opp Tan Kah Kee Stn,Dunearn Rd,BUKIT TIMAH,CENTRAL REGION,693.0,67;74;151;154;156;157;170;174;852;961;961M
41071,Opp Natl JC,Bt Timah Rd,BUKIT TIMAH,CENTRAL REGION,1257.8,67;74;151;154;156;157;170;174;852;961;961M
41079,Natl JC,Dunearn Rd,BUKIT TIMAH,CENTRAL REGION,1220.9,67;74;151;154;156;157;170;174;852;961;961M
41081,Sixth Ave Stn,Bt Timah Rd,BUKIT TIMAH,CENTRAL REGION,1403.7,67;74;151;154;156;157;170;174;852;961;961M
41089,Aft Jln Naga Sari,Dunearn Rd,BUKIT TIMAH,CENTRAL REGION,1303.9,67;74;151;154;156;157;170;174;852;961;961M
41101,St. Margaret's Sec Sch,Farrer Rd,BUKIT TIMAH,CENTRAL REGION,21.5,48;93;153;165;174;186;855;961;961M
41109,Opp St. Margaret's Sec Sch,Farrer Rd,TANGLIN,CENTRAL REGION,11.7,48;93;153;165;174;186;855;961;961M
41111,Lutheran Twrs,Farrer Rd,BUKIT TIMAH,CENTRAL REGION,30.2,48;93;153;165;174;186;855;961;961M
41119,Opp Lutheran Twrs,Farrer Rd,TANGLIN,CENTRAL REGION,23.8,48;93;153;165;174;186;855;961;961M
41121,S'pore Bible Coll,Adam Rd,BUKIT TIMAH,CENTRAL REGION,26.3,74;93;157;165;852;855
41129,Opp S'pore Bible Coll,Adam Rd,NOVENA,CENTRAL REGION,29.4,74;93;157;165;852;855
41131,Opp The Japanese Assn,Adam Rd,BUKIT TIMAH,CENTRAL REGION,19.0,74;93;157;165;852;855
41139,Aft The Japanese Assn,Adam Rd,NOVENA,CENTRAL REGION,19.7,74;93;157;165;852;855
41141,Aft Adam Dr,Adam Rd,BUKIT TIMAH,CENTRAL REGION,27.3,157;165
41151,Aft Sime Rd,Lornie Rd,CENTRAL WATER CATCHMENT,NORTH REGION,17.2,157;165
41159,Aft Lornie Wk,Lornie Rd,NOVENA,CENTRAL REGION,10.7,157;165
41161,Aft Kheam Hock Rd,Lornie Highway,NOVENA,CENTRAL REGION,42.9,52;74;93;852;855
41169,Bef Kheam Hock Rd,Lornie Highway,NOVENA,CENTRAL REGION,183.9,52;74;93;157;165;852;855
42011,Sixth Ave Ctr,Bt Timah Rd,BUKIT TIMAH,CENTRAL REGION,1489.8,67;74;77;151;154;157;170;174;852;961;961M;970
42019,Opp Sixth Ave Stn,Dunearn Rd,BUKIT TIMAH,CENTRAL REGION,1370.1,67;74;151;154;156;157;170;174;852;961;961M
42021,Aft Maple Ave,Bt Timah Rd,BUKIT TIMAH,CENTRAL REGION,1459.2,67;74;77;151;154;157;170;174;852;961;961M;970
42029,Aft Swiss Club Rd,Dunearn Rd,BUKIT TIMAH,CENTRAL REGION,1373.4,67;74;77;151;154;157;170;174;852;961;961M;970
42031,The Tessarina,Bt Timah Rd,BUKIT TIMAH,CENTRAL REGION,1272.0,67;74;77;151;154;157;170;174;852;961;961M;970
42039,Opp The Nexus,Dunearn Rd,BUKIT TIMAH,CENTRAL REGION,1031.4,67;74;77;151;154;157;170;174;852;961;961M;970
42041,The Nexus,Bt Timah Rd,BUKIT TIMAH,CENTRAL REGION,1026.5,67;74;77;151;154;157;170;174;852;961;961M;970
42049,Hua Guan Gdns,Dunearn Rd,BUKIT TIMAH,CENTRAL REGION,802.4,67;74;77;151;154;157;170;174;852;961;961M;970
42051,King Albert Pk Stn,Bt Timah Rd,BUKIT TIMAH,CENTRAL REGION,719.7,67;74;77;151;154;157;170;174;852;961;961M;970
42059,Opp King Albert Pk Stn,Dunearn Rd,BUKIT TIMAH,CENTRAL REGION,613.7,67;74;77;151;154;157;170;174;852;961;961M;970
42061,King Albert Pk,Bt Timah Rd,BUKIT TIMAH,CENTRAL REGION,606.2,67;74;77;151;154;157;170;174;852;961;961M;970
42071,Pei Hwa Presby Pr Sch,Upp Bt Timah Rd,BUKIT TIMAH,CENTRAL REGION,358.1,41;52;61;67;75;77;157;170;174;184;852;961;961M;970;985
42079,Opp Pei Hwa Presby Pr Sch,Upp Bt Timah Rd,BUKIT TIMAH,CENTRAL REGION,304.3,66;67;75;170;871
42089,Opp Bt Timah Plaza,Jln Anak Bt,BUKIT TIMAH,CENTRAL REGION,259.8,41;52;61;77;157;174;184;852;961;961M;970;985
42091,Beauty World Stn Exit B,Upp Bt Timah Rd,BUKIT TIMAH,CENTRAL REGION,140.6,67;75;170;173;184;852;961;961M
42099,Beauty World Stn Exit A,Upp Bt Timah Rd,BUKIT TIMAH,CENTRAL REGION,191.4,67;75;170;173
42109,Opp Beauty World Ctr,Jln Anak Bt,BUKIT PANJANG,WEST REGION,25.7,184;852;961;961M
42111,Woh Hup Bldg,Upp Bt Timah Rd,BUKIT TIMAH,CENTRAL REGION,12.8,67;75;170;173;184;852;961;961M
42119,Southaven II,Upp Bt Timah Rd,BUKIT PANJANG,WEST REGION,21.7,67;75;170;173;184;852;961;961M
42129,Sixth Ave Ville,Sixth Ave,BUKIT TIMAH,CENTRAL REGION,1602.5,77;156;970
42131,Aft Lantana Ave,Sixth Ave,BUKIT TIMAH,CENTRAL REGION,1651.8,77;156;970
42139,Avenue Villa,Sixth Ave,BUKIT TIMAH,CENTRAL REGION,1683.3,77;156;970
42141,Bef Dunearn Rd,Clementi Rd,BUKIT TIMAH,CENTRAL REGION,643.5,52;61;74;75;151;154;184
42149,Aft Bt Timah Rd,Clementi Rd,BUKIT TIMAH,CENTRAL REGION,649.7,52;61;74;75;151;154;184
42151,Beauty World Stn Exit C,Jln Jurong Kechil,BUKIT TIMAH,CENTRAL REGION,340.0,41;61;66;77;157;173;174;174e;452;871;970;985
42159,Opp Beauty World Stn,Jln Jurong Kechil,BUKIT TIMAH,CENTRAL REGION,321.2,41;61;66;77;157;173;174;174e;871;970;985
42161,Blk 18,Jln Jurong Kechil,BUKIT TIMAH,CENTRAL REGION,552.6,41;61;66;77;157;173;174;174e;871;970;985
42169,Opp Blk 19,Jln Jurong Kechil,BUKIT TIMAH,CENTRAL REGION,460.2,41;61;66;77;157;173;174;174e;871;970;985
42171,Signature Pk Condo,Jln Jurong Kechil,BUKIT TIMAH,CENTRAL REGION,348.8,61;66;157;174;174e;871;970;985
42179,Aft Chun Tin Rd,Jln Jurong Kechil,BUKIT TIMAH,CENTRAL REGION,440.5,61;66;157;174;174e;871;970;985
42181,Opp The Hillford,Jln Jurong Kechil,BUKIT TIMAH,CENTRAL REGION,272.1,61;66;157;174;174e;871;970;985
42189,The Hillford,Jln Jurong Kechil,BUKIT TIMAH,CENTRAL REGION,296.0,61;66;157;174;174e;871;970;985
42191,Bef Bt Batok East Ave 6,Jln Jurong Kechil,BUKIT TIMAH,CENTRAL REGION,89.4,61;66;157;174;871;970;985
42199,Aft Bt Batok East Ave 6,Jln Jurong Kechil,BUKIT TIMAH,CENTRAL REGION,143.8,61;66;157;174;871;970;985
42201,Bef Toh Tuck Rise,Toh Tuck Rd,BUKIT BATOK,WEST REGION,35.4,41;77;173
42209,Aft Toh Tuck Rise,Toh Tuck Rd,BUKIT BATOK,WEST REGION,58.0,41;77;173
42211,Highgate Pk,Toh Tuck Rd,BUKIT TIMAH,CENTRAL REGION,96.8,41;77
42219,Opp Highgate Pk,Toh Tuck Rd,BUKIT TIMAH,CENTRAL REGION,73.0,41;77
42221,Forett @ Bt Timah,Toh Tuck Rd,BUKIT TIMAH,CENTRAL REGION,301.0,41;77
42229,Aft Toh Tuck Terr,Toh Tuck Rd,BUKIT TIMAH,CENTRAL REGION,345.8,41;77
42231,Bef Jln Jurong Kechil,Toh Tuck Rd,BUKIT TIMAH,CENTRAL REGION,451.9,41;77;173
42239,Aft Jln Jurong Kechil,Toh Tuck Rd,BUKIT TIMAH,CENTRAL REGION,423.0,41;77;173
42241,Aft Eng Kong Pl,Lor Kismis,BUKIT TIMAH,CENTRAL REGION,221.8,173
42249,Bef Eng Kong Pl,Lor Kismis,BUKIT TIMAH,CENTRAL REGION,201.2,173
42259,Aft Upp Bt Timah Rd,Jln Jurong Kechil,BUKIT TIMAH,CENTRAL REGION,121.6,41;52;61;77;157;174;970;985
42291,Opp Toh Tuck Cres,Toh Tuck Rise,BUKIT BATOK,WEST REGION,1.1,173
42299,Aft Toh Tuck Cres,Toh Tuck Rise,BUKIT TIMAH,CENTRAL REGION,11.7,173
42301,Opp Hse No. 19,Toh Tuck Terr,BUKIT TIMAH,CENTRAL REGION,433.8,173
42309,Hse No. 45,Toh Tuck Terr,BUKIT TIMAH,CENTRAL REGION,446.7,173
42311,Opp Burgundy Hill,Bt Batok East Ave 3,BUKIT BATOK,WEST REGION,343.8,77;106;189;506;653;963
42319,Burgundy Hill,Bt Batok East Ave 3,BUKIT BATOK,WEST REGION,400.5,77;106;106A;189;506;653;963
42991,Bef Hillview Stn Exit B,Upp Bt Timah Rd,BUKIT BATOK,WEST REGION,23.2,973
43009,Bt Batok Int,Bt Batok Ctrl,BUKIT BATOK,WEST REGION,933.0,61;77;106;106A;173;173A;177;189;189A;453;852;941;945;947;990;991;991A;992
43011,Bt Regency,Upp Bt Timah Rd,BUKIT TIMAH,CENTRAL REGION,15.5,67;75;170;173;184;852;961;961M
43019,Springdale Condo,Upp Bt Timah Rd,BUKIT PANJANG,WEST REGION,20.3,67;75;170;173;184;852;961;961M
43021,Aft Old Jurong Rd,Upp Bt Timah Rd,BUKIT BATOK,WEST REGION,8.0,67;75;170;173;178;184;961;961M
43029,Opp The Hillside,Upp Bt Timah Rd,BUKIT PANJANG,WEST REGION,19.1,67;75;170;173;178;184;961;961M
43041,Hume Stn Exit 1,Upp Bt Timah Rd,BUKIT BATOK,WEST REGION,12.3,67;75;170;178;184;961;961M;973
43049,Opp Hume Stn Exit 1,Upp Bt Timah Rd,BUKIT PANJANG,WEST REGION,15.0,67;75;170;178;184;961;961M
43051,Opp The Rail Mall,Upp Bt Timah Rd,BUKIT BATOK,WEST REGION,26.4,67;75;170;178;184;961;961M;973
43059,The Rail Mall,Upp Bt Timah Rd,BUKIT PANJANG,WEST REGION,20.8,67;75;170;178;184;961;961M
43061,Hillview Stn Exit B,Upp Bt Timah Rd,BUKIT BATOK,WEST REGION,18.3,67;75;170;176;178;184;961;961M;963;970
43069,Hillview Stn Exit A,Upp Bt Timah Rd,BUKIT PANJANG,WEST REGION,14.7,67;75;170;178;184;961;961M;973
43071,Opp Dairy Farm Rd,Upp Bt Timah Rd,BUKIT BATOK,WEST REGION,24.9,67;75;170;176;178;184;961;961M;963;970
43081,Opp St. Joseph's Ch (Bt Timah),Upp Bt Timah Rd,BUKIT BATOK,WEST REGION,21.6,67;75;170;176;178;184;961;961M;963;970
43089,St. Joseph's Ch (Bt Timah),Upp Bt Timah Rd,BUKIT PANJANG,WEST REGION,6.0,67;75;170;176;178;184;961;961M;963;970
43091,Opp Cashew Stn,Upp Bt Timah Rd,BUKIT BATOK,WEST REGION,19.9,67;170;176;178;961;961M;963;970
43099,Assumption Eng Sch,Upp Bt Timah Rd,BUKIT PANJANG,WEST REGION,8.4,67;75;170;176;178;184;961;961M;963;970
43109,Cashew Stn,Upp Bt Timah Rd,BUKIT PANJANG,WEST REGION,9.6,67;170;176;178;961;961M;963;970
43111,Min of Defence,Upp Bt Timah Rd,BUKIT BATOK,WEST REGION,13.2,67;170;176;177;178;961;961M;963;970
43119,Bef Hazel Pk Terr,Upp Bt Timah Rd,BUKIT PANJANG,WEST REGION,14.7,67;170;176;177;178;961;961M;963;970
43121,Aft Cashew Terr,Cashew Rd,BUKIT PANJANG,WEST REGION,314.8,75;184
43129,Cashew Pk Condo,Cashew Rd,BUKIT PANJANG,WEST REGION,426.4,75;184
43131,Bt Panjang Pr Sch,Cashew Rd,BUKIT PANJANG,WEST REGION,758.4,75;184
43139,Opp Bt Panjang Pr Sch,Cashew Rd,BUKIT PANJANG,WEST REGION,774.2,75;184
43141,Opp Blk 291A,Bt Batok East Ave 6,BUKIT BATOK,WEST REGION,645.1,66;990
43149,Blk 291A,Bt Batok East Ave 6,BUKIT BATOK,WEST REGION,636.6,66;990
43151,Opp Glendale Pk Condo,Hillview Ave,BUKIT BATOK,WEST REGION,311.5,177
43159,Bef Glendale Pk Condo,Hillview Ave,BUKIT BATOK,WEST REGION,216.8,177
43161,Blk 272,Bt Batok East Ave 4,BUKIT BATOK,WEST REGION,658.2,173;177;963;963e
43169,Blk 254,Bt Batok East Ave 4,BUKIT BATOK,WEST REGION,648.8,173;173A;177;963;963e
43171,Blk 229,Bt Batok East Ave 3,BUKIT BATOK,WEST REGION,977.4,61;77;106;157;174;174e;177;178;506;653;852;871;990
43179,Blk 231,Bt Batok East Ave 3,BUKIT BATOK,WEST REGION,1013.2,61;77;106;106A;157;174;174e;177;178;506;653;852;871;990
43181,Keming Pr Sch,Bt Batok East Ave 3,BUKIT BATOK,WEST REGION,708.9,61;77;106;157;174;174e;178;506;653;852;871;963;963e;990
43189,Blk 283,Bt Batok East Ave 3,BUKIT BATOK,WEST REGION,709.4,61;77;106;106A;157;174;174e;178;506;653;852;871;963;963e;990
43191,Blk 288C,Bt Batok East Ave 6,BUKIT BATOK,WEST REGION,442.8,61;66;157;174;174e;178;852;871
43199,Ch of St. Mary,Bt Batok East Ave 6,BUKIT BATOK,WEST REGION,443.3,61;66;157;174;174e;178;852;871
43201,Park Natura,Bt Batok East Ave 6,BUKIT TIMAH,CENTRAL REGION,14.8,61;66;157;174;178;852;871;970;985
43209,Autobacs,Bt Batok East Ave 6,BUKIT BATOK,WEST REGION,12.9,61;66;157;174;178;852;871;970;985
43211,SBST Bt Batok Depot,Bt Batok St 23,BUKIT BATOK,WEST REGION,278.1,189
43219,Opp SBST Bt Batok Depot,Bt Batok St 23,BUKIT BATOK,WEST REGION,293.2,189;189A
43221,Blk 267,Bt Batok East Ave 2,BUKIT BATOK,WEST REGION,367.6,970;985
43229,Opp Blk 266,Bt Batok East Ave 2,BUKIT BATOK,WEST REGION,359.0,970;985
43231,Opp The Petals Condo,Hillview Ave,BUKIT BATOK,WEST REGION,875.9,173;176;177;653;963;970
43239,The Petals Condo,Hillview Ave,BUKIT BATOK,WEST REGION,791.6,173;176;177;653;963;970
43241,Opp Hillview Apts,Hillview Ave,BUKIT BATOK,WEST REGION,658.4,173;176;177;653;963;970
43249,Hillview Apts,Hillview Ave,BUKIT BATOK,WEST REGION,648.1,173;176;177;653;963;970
43251,Hillbrooks,Hillview Ave,BUKIT BATOK,WEST REGION,459.0,176;177;653;963;970
43259,Opp Hillbrooks,Hillview Ave,BUKIT BATOK,WEST REGION,533.3,176;177;653;963;970
43261,Opp Hillview Hts,Hillview Ave,BUKIT BATOK,WEST REGION,331.1,173;176;177;963;963e;970
43267,Hillview Hts,Hillview Ave,BUKIT BATOK,WEST REGION,284.6,173
43268,Hillington Green Condo,Hillview Ave,BUKIT BATOK,WEST REGION,314.1,176;177;653;963;963e;970;973
43271,Glendale Pk Condo,Hillview Rd,BUKIT BATOK,WEST REGION,155.8,176;963;970
43279,Aft Hillview Stn,Hillview Rd,BUKIT BATOK,WEST REGION,146.9,176;653;963;970;973
43289,Mont Botanik Residence,Jln Remaja,BUKIT BATOK,WEST REGION,671.1,173
43291,Aft Jln Remaja,Jln Batu Nilam,BUKIT BATOK,WEST REGION,668.8,173
43301,Opp Hillbrooks,Jln Batu Nilam,BUKIT BATOK,WEST REGION,577.6,173
43309,Hillbrooks,Jln Batu Nilam,BUKIT BATOK,WEST REGION,589.8,173
43311,Midview Bldg,Bt Batok St 23,BUKIT BATOK,WEST REGION,274.2,189
43319,Opp Midview Bldg,Bt Batok St 23,BUKIT BATOK,WEST REGION,290.3,189;189A
43321,Opp Blk 144,Bt Batok West Ave 6,BUKIT BATOK,WEST REGION,626.2,176;188;188e;647;870;991;991A
43329,Blk 146,Bt Batok West Ave 6,BUKIT BATOK,WEST REGION,601.6,176;188;647;870;991
43331,Opp Bt Batok Presby Ch,Bt Batok St 11,BUKIT BATOK,WEST REGION,465.3,991;991A
43339,Blk 148,Bt Batok St 11,BUKIT BATOK,WEST REGION,494.4,991
43341,Princess E Pr Sch,Bt Batok West Ave 3,BUKIT BATOK,WEST REGION,360.6,157;174;174e;178;506;870;991;991A
43349,Opp Princess E Pr Sch,Bt Batok West Ave 3,BUKIT BATOK,WEST REGION,292.7,157;174;174e;178;506;870;991
43351,Blk 168,Bt Batok West Ave 8,BUKIT BATOK,WEST REGION,220.1,66;941
43359,Blk 169,Bt Batok West Ave 8,BUKIT BATOK,WEST REGION,207.4,66;941
43361,Blk 154A,Bt Batok West Ave 8,BUKIT BATOK,WEST REGION,252.5,66;941
43369,Blk 183,Bt Batok West Ave 8,BUKIT BATOK,WEST REGION,252.7,66;941
43371,Blk 109,Bt Batok West Ave 6,BUKIT BATOK,WEST REGION,345.1,66;176;188;188e;647;870;941
43379,Blk 185,Bt Batok West Ave 6,BUKIT BATOK,WEST REGION,345.1,66;176;188;647;870;941
43381,Blk 102,Bt Batok Ave 1,BUKIT BATOK,WEST REGION,451.5,173;187;189;941
43389,Opp Blk 102,Bt Batok Ave 1,BUKIT BATOK,WEST REGION,551.2,173;173A;187;189;189A;941
43391,Bt Batok CC,Bt Batok Ctrl,BUKIT BATOK,WEST REGION,744.9,173;941
43399,Opp Blk 120,Bt Batok Ctrl,BUKIT BATOK,WEST REGION,836.4,173;173A;941
43401,Bt Batok Polyclinic,Bt Batok West Ave 3,BUKIT BATOK,WEST REGION,938.6,157;174;174e;176;178;188;188e;506;647;991;991A;992
43409,Opp Blk 122,Bt Batok West Ave 3,BUKIT BATOK,WEST REGION,924.6,157;174;174e;176;178;188;506;647;991;992
43411,Opp Blk 628,Bt Batok Ctrl,BUKIT BATOK,WEST REGION,1055.4,157;173;174;174e;176;178;187;506;941;947;985;991;992
43419,Aft Bt Batok Stn/Blk 628,Bt Batok Ctrl,BUKIT BATOK,WEST REGION,1026.9,157;173;173A;174;174e;176;178;187;506;941;947;985;991;991A;992
43421,Blk 503,Bt Batok East Ave 2,BUKIT BATOK,WEST REGION,1170.6,176;653;871;945;985
43429,Blk 240,Bt Batok East Ave 2,BUKIT BATOK,WEST REGION,1143.1,176;653;871;871A;945;985
43431,Opp Blk 242,Bt Batok East Ave 2,BUKIT BATOK,WEST REGION,912.8,176;653;985
43439,Blk 242,Bt Batok East Ave 2,BUKIT BATOK,WEST REGION,911.8,176;653;985
43441,Opp Blk 258,Bt Batok East Ave 2,BUKIT BATOK,WEST REGION,729.1,176;653;985
43449,Blk 258,Bt Batok East Ave 2,BUKIT BATOK,WEST REGION,704.2,176;653;985
43452,Aft Bt Batok West Ave 3,Bt Batok Rd,BUKIT BATOK,WEST REGION,33.1,174
43453,Bef PIE,Bt Batok Rd,BUKIT BATOK,WEST REGION,29.3,66;97;157;160;178;180;506;872;872A;984;993
43459,Aft PIE,Bt Batok Rd,TENGAH,WEST REGION,21.9,66;97;157;160;160A;174;178;180;180A;506;872;984;993
43461,Aft Bt Batok West Ave 5,Bt Batok West Ave 2,BUKIT BATOK,WEST REGION,999.6,187;188;188e;947;985
43469,Bef Bt Batok West Ave 5,Bt Batok West Ave 2,BUKIT BATOK,WEST REGION,954.1,187;188;947;985
43471,Blk 306,Bt Batok West Ave 2,BUKIT BATOK,WEST REGION,778.9,187;188;188e;647;947;985
43479,Opp Blk 305,Bt Batok West Ave 2,BUKIT BATOK,WEST REGION,795.0,187;188;647;947;985
43481,Blk 315,Bt Batok West Ave 2,BUKIT BATOK,WEST REGION,523.7,187;188;188e;647;947;985
43489,Opp Blk 315,Bt Batok West Ave 2,BUKIT BATOK,WEST REGION,569.2,187;188;647;947;985
43491,Blk 331,Bt Batok West Ave 4,BUKIT BATOK,WEST REGION,328.5,187;188;188e;647;945;985
43499,Blk 419,Bt Batok West Ave 4,BUKIT BATOK,WEST REGION,417.3,187;188;647;947;985
43501,Opp Blk 291E,Bt Batok St 23,BUKIT BATOK,WEST REGION,510.2,189
43509,Blk 291E,Bt Batok St 23,BUKIT BATOK,WEST REGION,500.7,189;189A
43511,Bt Batok Swim Cplx,Bt Batok East Ave 6,BUKIT BATOK,WEST REGION,306.5,66;173;189;990
43519,Opp Bt Batok Swim Cplx,Bt Batok East Ave 6,BUKIT BATOK,WEST REGION,327.6,66;173;173A;189;189A;990
43521,Bt Batok Driving Ctr,Bt Batok West Ave 5,BUKIT BATOK,WEST REGION,249.2,187;188;985;991
43529,Opp Bt Batok Driving Ctr,Bt Batok West Ave 5,BUKIT BATOK,WEST REGION,244.0,187;188;985;991
43531,Blk 140,Bt Batok West Ave 3,BUKIT BATOK,WEST REGION,664.3,157;174;174e;178;506;870
43539,Opp Blk 140,Bt Batok West Ave 3,BUKIT BATOK,WEST REGION,616.8,157;174;174e;178;506;870
43541,Blk 510,Bt Batok East Ave 5,BUKIT BATOK,WEST REGION,1138.2,871;945
43549,Regent Hts,Bt Batok East Ave 5,BUKIT BATOK,WEST REGION,1105.8,871;871A;945
43551,Opp Blk 435A,Bt Batok West Ave 5,BUKIT BATOK,WEST REGION,98.4,684;992
43559,Bef Blk 435A,Bt Batok West Ave 5,BUKIT BATOK,WEST REGION,175.9,992
43561,Opp Bt Gombak Stadium,Bt Batok East Ave 5,BUKIT BATOK,WEST REGION,1292.8,871;945
43569,Bt Gombak Stadium,Bt Batok East Ave 5,BUKIT BATOK,WEST REGION,1324.5,871;871A;945
43571,Opp Bt Gombak Stn,Bt Batok West Ave 5,BUKIT BATOK,WEST REGION,1045.0,451;945;991
43579,Bt Gombak Stn,Bt Batok West Ave 5,BUKIT BATOK,WEST REGION,1064.7,451;945;991
43581,Blk 347,Bt Batok West Ave 5,BUKIT BATOK,WEST REGION,757.8,647;945;991
43589,Opp Blk 347,Bt Batok West Ave 5,BUKIT BATOK,WEST REGION,789.3,647;945;991
43591,Opp Bt View Sec Sch,Bt Batok East Ave 6,BUKIT BATOK,WEST REGION,485.1,66;189;990
43599,Bt View Sec Sch,Bt Batok East Ave 6,BUKIT BATOK,WEST REGION,510.1,66;189;189A;990
43601,Opp Blk 532,Bt Batok West Ave 5,BUKIT BATOK,WEST REGION,1074.3,871;871A;991
43609,Blk 531,Bt Batok West Ave 5,BUKIT BATOK,WEST REGION,1105.2,871;991
43611,Blk 290H,Bt Batok East Ave 3,BUKIT BATOK,WEST REGION,618.3,77;106;506;653;963;963e
43619,Blk 289E,Bt Batok East Ave 3,BUKIT BATOK,WEST REGION,587.9,77;106;106A;506;653;963;963e
43621,Opp Parkview Apts,Bt Batok East Ave 3,BUKIT BATOK,WEST REGION,571.7,77;106;506;653;963
43629,St. Andrew's Mission Sch,Bt Batok East Ave 3,BUKIT BATOK,WEST REGION,631.9,77;106;106A;506;653;963
43631,PPIS Bt Batok,Old Jurong Rd,BUKIT TIMAH,CENTRAL REGION,15.2,178;852
43639,Opp PPIS Bt Batok,Old Jurong Rd,BUKIT BATOK,WEST REGION,15.6,178;852
43641,Opp HomeTeamNS,Bt Batok West Ave 7,BUKIT BATOK,WEST REGION,443.2,187;188;188e;647;945;985
43649,HomeTeamNS,Bt Batok West Ave 7,BUKIT BATOK,WEST REGION,455.3,187;188;647;985
43659,St. Anthony's Pr Sch,Bt Batok St 34,BUKIT BATOK,WEST REGION,503.4,945
43669,Blk 406,Bt Batok West Ave 7,BUKIT BATOK,WEST REGION,126.4,947
43671,Opp Dunearn Sec Sch,Bt Batok Rd,TENGAH,WEST REGION,17.9,160;160A;180;180A;684;984
43679,Blk 402,Bt Batok Rd,BUKIT BATOK,WEST REGION,14.7,160;180;684;947;984
43681,Bt Batok Hme for the Aged,Bt Batok West Ave 2,BUKIT BATOK,WEST REGION,189.4,947
43691,Blk 190,Bt Batok Ave 1,BUKIT BATOK,WEST REGION,163.2,176;187;188;647;870;990
43699,Blk 298,Bt Batok Ave 1,BUKIT BATOK,WEST REGION,161.6,176;187;188;188e;647;870;990
43701,Blk 225,Bt Batok Ctrl,BUKIT BATOK,WEST REGION,839.7,187;189;189A
43709,Blk 644,Bt Batok Ctrl,BUKIT BATOK,WEST REGION,863.5,187;189
43719,MINDEF Pick-Up/Drop-Off,Gombak Dr,BUKIT BATOK,WEST REGION,326.4,177
43721,MINDEF Pass Office,Gombak Dr,BUKIT BATOK,WEST REGION,101.1,177
43731,Opp Blk 217,Bt Batok St 21,BUKIT BATOK,WEST REGION,751.9,173
43739,Blk 217,Bt Batok St 21,BUKIT BATOK,WEST REGION,786.0,173;173A
43741,Bt View Sec Sch,Bt Batok St 21,BUKIT BATOK,WEST REGION,641.2,173
43749,Opp Bt View Sec Sch,Bt Batok St 21,BUKIT BATOK,WEST REGION,639.5,173;173A
43751,Opp Blk 443D,Bt Batok Rd,TENGAH,WEST REGION,18.0,97;97e;160;160A;180;180A;453;649;831W;871;871A;984;992
43759,Blk 443D,Bt Batok Rd,BUKIT BATOK,WEST REGION,22.9,97;97e;160;180;649;984
43761,Opp Dulwich Coll,Bt Batok Rd,TENGAH,WEST REGION,11.5,97;97e;160;160A;180;180A;452;674;872;984
43769,Dulwich Coll/Blk 445,Bt Batok Rd,BUKIT BATOK,WEST REGION,26.0,97;97e;160;180;452;674;870;872;872A;984
43771,Opp Blk 433B,Bt Batok Rd,TENGAH,WEST REGION,18.2,160;160A;180;180A;984
43779,Blk 433C,Bt Batok Rd,BUKIT BATOK,WEST REGION,20.2,160;180;684;984;993
43781,Opp Blk 437A,Bt Batok Rd,TENGAH,WEST REGION,15.6,160;160A;180;180A;649;831W;984;992
43789,Blk 436A,Bt Batok Rd,BUKIT BATOK,WEST REGION,26.0,160;180;649;831G;984;992;993
43799,Blk 432A,Bt Batok West Ave 8,BUKIT BATOK,WEST REGION,262.3,684;993
43801,Ren Ci @ Bt Batok St 52,Bt Batok St 52,BUKIT BATOK,WEST REGION,1355.4,871;945
43809,Blk 514,Bt Batok St 52,BUKIT BATOK,WEST REGION,1399.7,871;871A;945
43811,Bef Summerhill,Hume Ave,BUKIT BATOK,WEST REGION,274.3,173;653;973
43819,Hillview Green,Hume Ave,BUKIT BATOK,WEST REGION,255.8,173
43821,Bef Hume Stn Exit 2,Hume Ave,BUKIT BATOK,WEST REGION,36.7,173;653;973
43829,Aft Hume Stn Exit 2,Hume Ave,BUKIT BATOK,WEST REGION,51.5,173
43831,Blk 334,Bt Batok West Ave 7,BUKIT BATOK,WEST REGION,283.6,187;188;188e;647;945;985
43839,Opp Blk 336,Bt Batok West Ave 7,BUKIT BATOK,WEST REGION,297.6,187;188;647;985
43841,Blk 324,Bt Batok St 33,BUKIT BATOK,WEST REGION,519.1,945
43891,Aft Dairy Farm Cres,Dairy Farm Rd,BUKIT PANJANG,WEST REGION,174.8,973
43899,Bef Dairy Farm Cres,Dairy Farm Rd,BUKIT PANJANG,WEST REGION,149.8,973
43961,Aft Dairy Farm Hts,Dairy Farm Rd,BUKIT PANJANG,WEST REGION,600.6,973
43969,Bef Dairy Farm Hts,Dairy Farm Rd,BUKIT PANJANG,WEST REGION,554.2,973
43991,Opp Blk 635A,Woodlands Rd,CHOA CHU KANG,WEST REGION,18.0,75;160;170;178;184;960;961;961M;979;984
44009,Choa Chu Kang Int,Choa Chu Kang Loop,CHOA CHU KANG,WEST REGION,476.8,67;172;188;188e;190;190A;300;301;302;307;307A;307T;925;927;976;983;983A;985;991;991B
44011,Opp The Linear,Upp Bt Timah Rd,BUKIT BATOK,WEST REGION,13.4,67;170;176;177;178;961;961M;963;970
44019,The Linear,Upp Bt Timah Rd,BUKIT PANJANG,WEST REGION,18.6,67;170;176;177;178;961;961M;963;970
44021,Bt Panjang Stn Exit B,Upp Bt Timah Rd,BUKIT BATOK,WEST REGION,25.9,67;170;176;177;178;961;961M;963;970
44029,Bt Panjang Stn Exit A/LRT,Upp Bt Timah Rd,BUKIT PANJANG,WEST REGION,41.4,67;170;171;176;178;180;180A;961;961M;963;970;974;974A
44031,Aft Bt Panjang Stn,Upp Bt Timah Rd,BUKIT PANJANG,WEST REGION,26.2,455;979;983
44041,Junction 10,Woodlands Rd,CHOA CHU KANG,WEST REGION,20.5,75;160;170;178;184;960;961;961M;979
44049,Opp Junction 10,Woodlands Rd,BUKIT PANJANG,WEST REGION,32.1,75;160;170;178;184;960;961;961M;979
44051,Opp Blk 632 CP,Woodlands Rd,CHOA CHU KANG,WEST REGION,14.6,75;160;170;178;184;960;961;961M;979;984
44059,Blk 632 CP,Woodlands Rd,BUKIT PANJANG,WEST REGION,4.9,75;160;170;178;184;960;961;961M;979;984;984A
44061,Bef Yew Tee Flyover,Woodlands Rd,CHOA CHU KANG,WEST REGION,18.9,160;170;178;925;927;960;961;961M;979
44069,Blk 634 CP,Woodlands Rd,BUKIT PANJANG,WEST REGION,23.9,75;160;170;178;184;960;961;961M;979;984;984A
44071,Blk 464,Choa Chu Kang Ave 3,CHOA CHU KANG,WEST REGION,121.3,172;451;975;991
44079,Opp Blk 464,Choa Chu Kang Ave 3,CHOA CHU KANG,WEST REGION,112.2,172;451;975;975A;975B;975C;991
44081,Blk 296A,Choa Chu Kang Ave 1,CHOA CHU KANG,WEST REGION,410.6,172;451;991
44089,Opp Blk 296A,Choa Chu Kang Ave 1,CHOA CHU KANG,WEST REGION,386.6,172;301;451;991
44091,Choa Chu Kang Mkt,Choa Chu Kang Ave 1,CHOA CHU KANG,WEST REGION,479.3,172;451;684;983;983A;983M;984;991
44099,Opp Choa Chu Kang Mkt,Choa Chu Kang Ave 1,CHOA CHU KANG,WEST REGION,472.1,172;451;684;983;984;984A;991;991B
44101,Aft Hong San Terr,Choa Chu Kang Ave 1,CHOA CHU KANG,WEST REGION,618.2,172
44109,Opp Hong San Terr,Choa Chu Kang Ave 1,CHOA CHU KANG,WEST REGION,626.2,172
44111,Opp Blk 203,Choa Chu Kang Ave 1,CHOA CHU KANG,WEST REGION,688.0,172;307;307T;649;984;984A;991;991B
44119,Blk 204,Choa Chu Kang Ave 1,CHOA CHU KANG,WEST REGION,685.9,172;307;307T;649;983M;984;991
44121,Blk 113,Choa Chu Kang Way,CHOA CHU KANG,WEST REGION,350.3,67;188;188e;974;974A;976;BPB
44129,Sol Acres Condo,Choa Chu Kang Way,CHOA CHU KANG,WEST REGION,330.6,67;188;974;974A;976;983M;984;991;BPB
44131,Blk 26,Choa Chu Kang Rd,CHOA CHU KANG,WEST REGION,16.8,67;160;180;180A;187;649;974;974A;976;983;983A;985;BPB
44139,Opp Blk 26,Choa Chu Kang Rd,BUKIT BATOK,WEST REGION,15.8,67;160;180;187;649;974;974A;976;983;985;BPB
44141,Phoenix Stn,Choa Chu Kang Rd,CHOA CHU KANG,WEST REGION,19.0,67;160;180;180A;187;190;190A;974;974A;975;976;983;984;BPB
44149,Opp Phoenix Stn,Choa Chu Kang Rd,BUKIT BATOK,WEST REGION,19.6,67;160;180;187;190;974;974A;975;975C;976;983;984;984A;BPB
44151,Opp Bt Batok Fire Stn,Bt Batok Rd,CHOA CHU KANG,WEST REGION,18.5,160;180;180A;187;188;649;985
44159,Bt Batok Fire Stn,Bt Batok Rd,BUKIT BATOK,WEST REGION,16.6,160;180;187;188;649;985
44161,Aft Bt Batok West Ave 5,Bt Batok Rd,CHOA CHU KANG,WEST REGION,20.2,160;180;180A;187;188;649;985
44169,Bef Bt Batok West Ave 5,Bt Batok Rd,BUKIT BATOK,WEST REGION,15.6,160;180;187;188;649;985
44171,Bef Bt Batok West Ave 5,Bt Batok Rd,TENGAH,WEST REGION,20.1,160;180;180A;984
44179,Aft Bt Batok West Ave 5,Bt Batok Rd,BUKIT BATOK,WEST REGION,17.9,160;180;984
44181,Blk 802B,Keat Hong Cl,CHOA CHU KANG,WEST REGION,228.6,301;684;983;983A;983M
44189,Blk 803,Keat Hong Cl,CHOA CHU KANG,WEST REGION,214.3,301;684;983;983A;983M
44191,Opp Blk 171,Gangsa Rd,BUKIT PANJANG,WEST REGION,559.8,970
44199,Blk 171,Gangsa Rd,BUKIT PANJANG,WEST REGION,529.1,970
44201,Aft Petir Stn,Petir Rd,BUKIT PANJANG,WEST REGION,553.4,75;171;960;963;963e;976;BPB
44209,Opp Petir Stn,Petir Rd,BUKIT PANJANG,WEST REGION,519.9,75;171;960;963;963e;976
44211,Blk 127,Petir Rd,BUKIT PANJANG,WEST REGION,745.2,75;171;960;963;963e;976
44219,Bet Blks 139/140,Petir Rd,BUKIT PANJANG,WEST REGION,754.5,75;171;960;963;963e;976
44221,Opp Pending Stn,Pending Rd,BUKIT PANJANG,WEST REGION,639.3,171;184;960;963;963e;966;972M;973;976;BPB
44229,Bef Pending Stn,Pending Rd,BUKIT PANJANG,WEST REGION,581.7,171;184;960;963;963e;966;966A;972M;973;973A;976
44231,Zhenghua Pr Sch,Bt Panjang Rd,BUKIT PANJANG,WEST REGION,740.1,184;187;190;190A;973;973A
44239,Opp Zhenghua Pr Sch,Bt Panjang Rd,BUKIT PANJANG,WEST REGION,700.7,184;187;190;973
44241,Opp Lompang Rd,Bt Panjang Rd,BUKIT PANJANG,WEST REGION,533.7,184;187;190;190A;970;973;973A
44249,Blk 174,Bt Panjang Rd,BUKIT PANJANG,WEST REGION,562.1,184;187;190;970;973
44251,Bt Panjang Stn/Blk 604,Bt Panjang Rd,BUKIT PANJANG,WEST REGION,138.7,75;176;177;184;187;190;190A;960;963;963e;970;975;976;984
44259,Blk 183,Bt Panjang Rd,BUKIT PANJANG,WEST REGION,203.1,75;180;180A;184;187;190;960;963;963e;974;974A;975;975C;976;979;983;984;984A
44261,Blk 270,Bt Panjang Rd,BUKIT PANJANG,WEST REGION,293.7,171;187;190;190A;960;963;963e;966;972;972A
44269,Blk 223,Bt Panjang Rd,BUKIT PANJANG,WEST REGION,308.4,171;187;190;960;963;963e;966;966A;972
44271,Bet Blks 13/14,Teck Whye Ave,CHOA CHU KANG,WEST REGION,130.9,190;649;975;975C;984;984A;985
44279,Blk 157,Teck Whye Ave,CHOA CHU KANG,WEST REGION,162.3,190;190A;649;975;984;985
44281,Blk 8,Teck Whye Ave,CHOA CHU KANG,WEST REGION,466.0,190;649;975;975C;984;984A;985
44289,Blk 6,Teck Whye Ave,CHOA CHU KANG,WEST REGION,521.3,190;190A;649;975;984;985
44291,Opp CCK Polyclinic,Teck Whye Ave,CHOA CHU KANG,WEST REGION,632.6,190;307;307T;649;975;975C;984;984A;985
44299,CCK Polyclinic,Teck Whye Ave,CHOA CHU KANG,WEST REGION,661.8,190;190A;307;307T;649;975;984;985
44301,Opp Blk 271,Bangkit Rd,BUKIT PANJANG,WEST REGION,295.1,920;922
44311,Opp Blk 253,Bangkit Rd,BUKIT PANJANG,WEST REGION,190.1,920;922
44321,Opp Bangkit Stn,Bt Panjang Ring Rd,BUKIT PANJANG,WEST REGION,399.2,920;922;972;972M;976;BPB
44329,Bangkit Stn,Bt Panjang Ring Rd,BUKIT PANJANG,WEST REGION,364.0,920;922;972;972A;972M;976
44331,Blk 239,Fajar Rd,BUKIT PANJANG,WEST REGION,552.8,920;922;972;972M
44339,Blk 442D,Fajar Rd,BUKIT PANJANG,WEST REGION,507.1,920;922;972;972A;972M
44341,Blk 401A CP,Fajar Rd,BUKIT PANJANG,WEST REGION,716.1,920;922;972;972M
44349,Bet Blks 443A/443B,Fajar Rd,BUKIT PANJANG,WEST REGION,696.3,920;922;972;972A;972M
44351,Aft Chestnut Ave,Petir Rd,BUKIT PANJANG,WEST REGION,383.9,966;966A;972M;973
44359,Bef Chestnut Ave,Petir Rd,BUKIT PANJANG,WEST REGION,426.7,966;972M;973
44361,Opp Dairy Farm Mall,Petir Rd,BUKIT PANJANG,WEST REGION,429.1,966;966A;972M;973
44369,Dairy Farm Mall,Petir Rd,BUKIT PANJANG,WEST REGION,459.2,966;972M;973
44371,Blk 219,Petir Rd,BUKIT PANJANG,WEST REGION,530.7,966;966A;972M;973
44379,Opp Blk 219,Petir Rd,BUKIT PANJANG,WEST REGION,513.1,966;972M;973
44381,Blk 202,Petir Rd,BUKIT PANJANG,WEST REGION,388.4,966;966A;972M;973
44389,Opp Blk 201,Petir Rd,BUKIT PANJANG,WEST REGION,392.8,966;972M;973
44391,Aft Blk 202,Choa Chu Kang Dr,CHOA CHU KANG,WEST REGION,857.0,172;190;975;975C;985;991
44399,Opp Blk 210,Choa Chu Kang Dr,CHOA CHU KANG,WEST REGION,850.5,172;190;190A;975;985;991;991B
44411,Blk 108,Teck Whye Lane,CHOA CHU KANG,WEST REGION,242.1,307;307T
44421,Blk 25,Teck Whye Lane,CHOA CHU KANG,WEST REGION,141.8,307;307T
44439,Blk 9,Teck Whye Lane,CHOA CHU KANG,WEST REGION,339.6,307;307T
44441,Blk 239,Choa Chu Kang Way,CHOA CHU KANG,WEST REGION,752.6,67;188;188e;649;974;974A;976
44449,Palm Gdns,Choa Chu Kang Way,CHOA CHU KANG,WEST REGION,722.3,67;188;649;974;974A;976
44451,Bef South View Stn,Choa Chu Kang Way,CHOA CHU KANG,WEST REGION,687.1,67;188;188e;301;649;974;974A;976;BPB
44459,Opp South View Stn,Choa Chu Kang Way,CHOA CHU KANG,WEST REGION,750.1,67;188;300;301;649;974;974A;976;BPB
44461,Blk 352,Choa Chu Kang Way,CHOA CHU KANG,WEST REGION,445.5,67;188;188e;301;307;307T;649;974;974A;975;975A;975B;975C;976
44469,Blk 414,Choa Chu Kang Way,CHOA CHU KANG,WEST REGION,438.3,67;188;301;307;307T;649;974;974A;975;976
44471,Blk 234,Choa Chu Kang Ctrl,CHOA CHU KANG,WEST REGION,794.7,307;307T
44479,Blk 206,Choa Chu Kang Ctrl,CHOA CHU KANG,WEST REGION,772.7,307;307T
44481,Blk 223,Choa Chu Kang Ctrl,CHOA CHU KANG,WEST REGION,648.6,307;307T
44489,Blk 220,Choa Chu Kang Ctrl,CHOA CHU KANG,WEST REGION,675.4,307;307T
44491,Bet Blks 416/417,Choa Chu Kang Ave 4,CHOA CHU KANG,WEST REGION,280.2,300;649;983;983A
44499,Blk 429A CP,Choa Chu Kang Ave 4,CHOA CHU KANG,WEST REGION,244.4,300;649;983
44501,Blk 426,Choa Chu Kang Ave 4,CHOA CHU KANG,WEST REGION,284.3,300;649;983;983A
44509,Blk 442,Choa Chu Kang Ave 4,CHOA CHU KANG,WEST REGION,264.1,300;649;983
44511,Blk 289,Choa Chu Kang Ave 3,CHOA CHU KANG,WEST REGION,529.1,300;975;975A;975B;975C
44519,Blk 408,Choa Chu Kang Ave 3,CHOA CHU KANG,WEST REGION,515.7,975
44521,Blk 280,Choa Chu Kang Ave 3,CHOA CHU KANG,WEST REGION,562.0,300;975;975A;975B;975C
44529,Blk 410,Choa Chu Kang Ave 3,CHOA CHU KANG,WEST REGION,531.7,975
44531,Opp Choa Chu Kang Stn,Choa Chu Kang Ave 4,CHOA CHU KANG,WEST REGION,427.7,307;307A;307T;974;974A;975;975A;975B;975C;BPB
44539,Lot 1/Choa Chu Kang Stn,Choa Chu Kang Ave 4,CHOA CHU KANG,WEST REGION,443.2,172;190;190A;307;307A;974;974A;975;985;991;991B
44541,Northvale Condo,Choa Chu Kang Dr,CHOA CHU KANG,WEST REGION,499.2,307;307A;925;927;974
44549,Opp Northvale Condo,Choa Chu Kang Dr,CHOA CHU KANG,WEST REGION,523.2,307;307A;974;974A
44551,Opp Blk 486,Choa Chu Kang Ave 5,CHOA CHU KANG,WEST REGION,206.7,301;649;983;983A;983M
44559,Blk 483,Choa Chu Kang Ave 5,CHOA CHU KANG,WEST REGION,186.6,649;983
44561,Opp Blk 295,Choa Chu Kang Ave 2,CHOA CHU KANG,WEST REGION,552.9,301
44569,Blk 295,Choa Chu Kang Ave 2,CHOA CHU KANG,WEST REGION,567.3,300;301
44571,Blk 297D,Choa Chu Kang Ave 2,CHOA CHU KANG,WEST REGION,662.1,301
44579,Aft Blk 272,Choa Chu Kang Ave 2,CHOA CHU KANG,WEST REGION,684.2,300;301
44581,Blk 489A,Choa Chu Kang Ave 5,CHOA CHU KANG,WEST REGION,240.9,301;649;983;983A;983M
44589,Opp Blk 489A,Choa Chu Kang Ave 5,CHOA CHU KANG,WEST REGION,215.1,649;983
44591,Blk 490B,Choa Chu Kang Ave 6,CHOA CHU KANG,WEST REGION,311.1,301;684;983;983A;983M;984
44599,Bet Blks 801B/801C,Choa Chu Kang Ave 6,CHOA CHU KANG,WEST REGION,326.8,684;983;984;984A
44601,Blk 413,Saujana Rd,BUKIT PANJANG,WEST REGION,776.6,920
44609,Blk 408,Saujana Rd,BUKIT PANJANG,WEST REGION,805.0,920
44611,Blk 516,Jelapang Rd,BUKIT PANJANG,WEST REGION,398.2,922;972;972A;972M
44619,Blk 506,Jelapang Rd,BUKIT PANJANG,WEST REGION,417.2,922;972;972M
44621,Opp Concord Pr Sch,Choa Chu Kang Ave 4,CHOA CHU KANG,WEST REGION,300.0,300;649;983;983A
44629,Blk 457,Choa Chu Kang Ave 4,CHOA CHU KANG,WEST REGION,282.3,300;649;983
44631,Opp Bt Panjang Plaza,Jelebu Rd,BUKIT PANJANG,WEST REGION,261.1,920;922
44639,Bt Panjang Plaza,Jelebu Rd,BUKIT PANJANG,WEST REGION,289.3,920;922;972;972M;973
44641,Blk 602,Bt Panjang Ring Rd,BUKIT PANJANG,WEST REGION,268.0,920;922;972;972A;972M;976;984
44649,Blk 541A CP,Bt Panjang Ring Rd,BUKIT PANJANG,WEST REGION,293.1,920;922;972;972M;976;984;984A;BPB
44651,Blk 617,Bt Panjang Ring Rd,BUKIT PANJANG,WEST REGION,462.7,922
44659,Blk 537A CP,Bt Panjang Ring Rd,BUKIT PANJANG,WEST REGION,443.9,922
44661,Blk 532,Jelapang Rd,BUKIT PANJANG,WEST REGION,618.0,920;922;972;972A;972M
44669,Opp Blk 532,Jelapang Rd,BUKIT PANJANG,WEST REGION,598.1,920;922;972;972M
44671,Bet Blks 502/503,Saujana Rd,BUKIT PANJANG,WEST REGION,683.8,920
44679,Opp Blk 502,Saujana Rd,BUKIT PANJANG,WEST REGION,667.7,920
44689,Sunshine Pl,Choa Chu Kang Ave 3,CHOA CHU KANG,WEST REGION,394.7,172;300;301;451;975;975A;975B;975C;991
44691,Blk 485,Segar Rd,BUKIT PANJANG,WEST REGION,237.0,922;972;972A;972M;976
44699,Blk 457,Segar Rd,BUKIT PANJANG,WEST REGION,259.4,922;972;972M;976
44701,Blk 548B,Bt Panjang Ring Rd,BUKIT PANJANG,WEST REGION,151.4,922;972;972A;972M;976
44709,Blk 547C,Segar Rd,BUKIT PANJANG,WEST REGION,235.0,922;972;972M;976
44711,Opp Segar Stn,Bt Panjang Ring Rd,BUKIT PANJANG,WEST REGION,321.0,BPB
44721,Opp Jelapang Stn,Bt Panjang Ring Rd,BUKIT PANJANG,WEST REGION,437.9,920;972;972A;972M;976;BPB
44731,Opp Blk 180,Jelebu Rd,BUKIT PANJANG,WEST REGION,272.2,75;171;960;963;963e;BPB
44739,Blk 180,Jelebu Rd,BUKIT PANJANG,WEST REGION,297.8,75;177;960;963;963e
44771,Fajar Stn,Fajar Rd,BUKIT PANJANG,WEST REGION,483.5,922;972;972A;972M
44779,Opp Fajar Stn,Fajar Rd,BUKIT PANJANG,WEST REGION,553.5,922;972;972M;BPB
44791,West View Pr Sch,Senja Rd,BUKIT PANJANG,WEST REGION,159.5,920;972;972A;972M;976;984
44799,Blk 610,Senja Rd,BUKIT PANJANG,WEST REGION,167.0,920;972;972M;976;984;984A
44801,Opp Blk 628,Senja Rd,BUKIT PANJANG,WEST REGION,119.9,920;972;972A;972M;976
44809,Blk 628,Senja Rd,BUKIT PANJANG,WEST REGION,171.0,920;972;972M;976
44811,Senja FC,Senja Rd,BUKIT PANJANG,WEST REGION,265.5,972;972A;972M;976
44819,Opp West Spring Sec Sch,Senja Rd,BUKIT PANJANG,WEST REGION,248.5,920;972;972M;976
44829,Opp Blk 650,Senja Link,BUKIT PANJANG,WEST REGION,416.1,920;972;972M;976
44831,Blk 519,Bt Panjang Ring Rd,BUKIT PANJANG,WEST REGION,324.0,976
44839,West Spring Pr Sch,Bt Panjang Ring Rd,BUKIT PANJANG,WEST REGION,248.9,976
44859,Opp Bt Panjang Stn,Petir Rd,BUKIT PANJANG,WEST REGION,118.6,177
44861,Blk 636A,Senja Rd,BUKIT PANJANG,WEST REGION,217.0,920;972;972A;972M;976
44869,Bef Blk 629A CP,Senja Rd,BUKIT PANJANG,WEST REGION,217.8,920;972;972M;976
44871,Blk 810 CP,Choa Chu Kang Ave 7,CHOA CHU KANG,WEST REGION,306.9,983;984;984A
44879,Opp Blk 810 CP,Choa Chu Kang Ave 7,CHOA CHU KANG,WEST REGION,334.5,983;983A;983M;984
44881,Blk 816B,Keat Hong Link,CHOA CHU KANG,WEST REGION,483.6,451;684;991
44889,Opp Blk 816A,Keat Hong Link,CHOA CHU KANG,WEST REGION,486.4,451;684;991;991B
44891,APSN,Choa Chu Kang Gr,CHOA CHU KANG,WEST REGION,333.0,983;984;984A
44899,Opp APSN,Choa Chu Kang Gr,CHOA CHU KANG,WEST REGION,322.0,983;983A;983M;984
44909,Blk 184,Bt Panjang Rd,BUKIT PANJANG,WEST REGION,117.0,171;176;970
44911,Blk 450,Bt Panjang Ring Rd,BUKIT PANJANG,WEST REGION,252.0,976
44919,Opp Blk 451,Bt Panjang Ring Rd,BUKIT PANJANG,WEST REGION,250.5,976
44921,Opp Greenridge Sec Sch,Bt Panjang Ring Rd,BUKIT PANJANG,WEST REGION,293.3,976
44929,Greenridge Sec Sch,Bt Panjang Ring Rd,BUKIT PANJANG,WEST REGION,256.2,976
44931,Blk 643 CP,Senja Close,BUKIT PANJANG,WEST REGION,312.0,920;972;972A;972M;976
44941,Opp Blk 502,KJE,CHOA CHU KANG,WEST REGION,348.6,974
44949,Aft Blk 503,KJE,CHOA CHU KANG,WEST REGION,220.1,974;974A
44951,Blk 638A,Senja Close,BUKIT PANJANG,WEST REGION,190.7,920
44959,Blk 643A,Senja Close,BUKIT PANJANG,WEST REGION,195.5,920
44969,Aft Teck Whye Walk,Teck Whye Cres,CHOA CHU KANG,WEST REGION,474.6,983M
44989,Gali Batu Ter,Jln Gali Batu,SUNGEI KADUT,NORTH REGION,216.3,75;184
44999,Bef Yew Tee Flyover,Woodlands Rd,SUNGEI KADUT,NORTH REGION,159.0,160;170;178;925;927;960;961;961M;979
45009,Bt Panjang Int,Petir Rd,BUKIT PANJANG,WEST REGION,137.4,176;180;180A;455;920;922;970;972;972A;972M;973;973A;975;975C;976;979;BPB
45011,Aft Yew Tee Flyover,Woodlands Rd,SUNGEI KADUT,NORTH REGION,146.7,160;170;178;925;927;960;961;961M;979
45019,Aft Yew Tee Flyover,Woodlands Rd,BUKIT PANJANG,WEST REGION,15.5,160;170;178;925;927;960;961;961M;979
45021,Heavy Veh Pk,Woodlands Rd,SUNGEI KADUT,NORTH REGION,129.6,160;170;178;925;927;960;961;961M;979
45029,Opp Heavy Veh Pk,Woodlands Rd,SUNGEI KADUT,NORTH REGION,151.0,160;170;178;925;927;960;961;961M;979
45031,Yew Tee Ind Est,Woodlands Rd,SUNGEI KADUT,NORTH REGION,212.2,160;170;178;925;927;960;961;961M
45039,Opp Yew Tee Ind Est,Woodlands Rd,SUNGEI KADUT,NORTH REGION,212.2,160;170;178;925;927;960;961;961M
45041,Thong Huat Bros Pte Ltd,Woodlands Rd,SUNGEI KADUT,NORTH REGION,362.8,160;170;178;927;960;961;961M
45049,Opp Yew Tee Ind Est Blk 1,Woodlands Rd,SUNGEI KADUT,NORTH REGION,324.3,160;170;178;925;927;960;961;961M
45051,Da Di Glass,Woodlands Rd,SUNGEI KADUT,NORTH REGION,357.3,160;170;178;927;960;961;961M
45059,Opp Da Di Glass,Woodlands Rd,SUNGEI KADUT,NORTH REGION,379.5,160;170;178;927;960;961;961M
45061,Opp Mandai Est,Woodlands Rd,SUNGEI KADUT,NORTH REGION,541.5,160;170;178;927;960;961;961M
45069,Aft Mandai Est,Woodlands Rd,SUNGEI KADUT,NORTH REGION,542.8,160;170;178;927;960;961;961M
45071,Bef Mandai Rd,Woodlands Rd,SUNGEI KADUT,NORTH REGION,703.5,160;170;178;927;960;961;961M
45079,Aft Mandai Rd,Woodlands Rd,SUNGEI KADUT,NORTH REGION,720.4,160;170;178;927;960;961;961M
45091,Opp Jln Bumbong,Woodlands Rd,SUNGEI KADUT,NORTH REGION,1131.3,160;170;178;960;961;961M
45099,Aft Jln Bumbong,Woodlands Rd,SUNGEI KADUT,NORTH REGION,1081.6,160;170;178;960;961;961M
45101,Aft LP 234,Woodlands Rd,SUNGEI KADUT,NORTH REGION,1479.2,160;170;178;960;961;961M
45109,Bef Jln Bumbong,Woodlands Rd,SUNGEI KADUT,NORTH REGION,1475.4,160;170;178;960;961;961M
45111,Opp Kranji War Memorial,Woodlands Rd,SUNGEI KADUT,NORTH REGION,1474.3,160;170;178;960;961;961M
45119,Kranji War Memorial,Woodlands Rd,SUNGEI KADUT,NORTH REGION,1502.3,160;170;178;960;961;961M
45121,Opp KF1 Karting Circuit,Woodlands Rd,SUNGEI KADUT,NORTH REGION,1345.5,160;170;178;925;925M;960;961;961M
45129,KF1 Karting Circuit,Woodlands Rd,SUNGEI KADUT,NORTH REGION,1352.9,160;170;178;925;925A;925M;960;961;961M
45131,Opp Kranji Stn,Woodlands Rd,SUNGEI KADUT,NORTH REGION,1051.4,160;170;170X;178;925;925M;960;961;961M
45139,Kranji Stn,Woodlands Rd,SUNGEI KADUT,NORTH REGION,969.1,160;170;170X;178;178A;925;925A;925M;960;961;961M
45141,Aft W'lands Rd,Kranji Rd,SUNGEI KADUT,NORTH REGION,1501.3,925;925A;925M
45149,Bef W'lands Rd,Kranji Rd,SUNGEI KADUT,NORTH REGION,1478.6,925;925M
45151,Opp Multistates Trading,Sg Kadut Ave,SUNGEI KADUT,NORTH REGION,219.3,925
45159,Multistates Trading,Sg Kadut Ave,SUNGEI KADUT,NORTH REGION,201.8,925
45161,Eurokars Ctr,Sg Kadut Ave,SUNGEI KADUT,NORTH REGION,203.2,925
45169,Opp Eurokars Ctr,Sg Kadut Ave,SUNGEI KADUT,NORTH REGION,197.9,925
45171,Sri Arasakesari Sivan Tp,Sg Kadut Ave,SUNGEI KADUT,NORTH REGION,400.2,925
45179,Sri Arasakesari Sivan Tp,Sg Kadut Ave,SUNGEI KADUT,NORTH REGION,389.6,925
45181,Bef Mandai Quarry Rd,Mandai Rd,SUNGEI KADUT,NORTH REGION,1136.2,927
45189,Aft Mandai Quarry Rd,Mandai Rd,SUNGEI KADUT,NORTH REGION,1167.5,927
45191,Opp Home Team Tactical Ctr,Mandai Rd,SUNGEI KADUT,NORTH REGION,894.9,927
45199,Home Team Tactical Ctr,Mandai Rd,SUNGEI KADUT,NORTH REGION,927.4,927
45201,Opp Mandai Hill Camp,Mandai Rd,SUNGEI KADUT,NORTH REGION,638.9,927
45209,Aft Mandai Hill Camp,Mandai Rd,SUNGEI KADUT,NORTH REGION,567.7,927
45211,Bef BKE,Mandai Rd,SUNGEI KADUT,NORTH REGION,204.0,927
45221,Aft W'lands Rd,Mandai Rd,SUNGEI KADUT,NORTH REGION,1054.5,927
45229,Bef W'lands Rd,Mandai Rd,SUNGEI KADUT,NORTH REGION,1036.8,927
45231,Blk 432,Choa Chu Kang Way,CHOA CHU KANG,WEST REGION,225.5,302
45239,Bet Blks 306/307,Choa Chu Kang Way,CHOA CHU KANG,WEST REGION,188.7,302
45241,Opp Blk 511A,Choa Chu Kang Way,WESTERN WATER CATCHMENT,WEST REGION,20.3,302
45249,Blk 511A,Choa Chu Kang Way,CHOA CHU KANG,WEST REGION,20.2,302
45251,Opp Kranji Sec Sch,Choa Chu Kang Way,WESTERN WATER CATCHMENT,WEST REGION,19.7,302
45259,Blk 523,Choa Chu Kang Way,CHOA CHU KANG,WEST REGION,20.8,302
45261,Blk 551,Choa Chu Kang St 52,CHOA CHU KANG,WEST REGION,167.0,302;979
45269,Blk 544,Choa Chu Kang St 52,CHOA CHU KANG,WEST REGION,181.9,302;979
45271,Blk 560,Choa Chu Kang St 52,CHOA CHU KANG,WEST REGION,291.8,302;979
45279,Blk 563,Choa Chu Kang St 52,CHOA CHU KANG,WEST REGION,308.4,302;979
45291,Opp Blk 704,Choa Chu Kang Dr,CHOA CHU KANG,WEST REGION,505.9,307;307A;455
45299,Blk 702,Choa Chu Kang Dr,CHOA CHU KANG,WEST REGION,483.7,307;307A;455
45301,Blk 708,Choa Chu Kang Nth 5,CHOA CHU KANG,WEST REGION,599.5,307;307A;979
45309,Blk 754,Choa Chu Kang Nth 5,CHOA CHU KANG,WEST REGION,592.1,307;307A;979
45311,Blk 547,Choa Chu Kang Nth 5,CHOA CHU KANG,WEST REGION,93.4,302
45319,Blk 530,Choa Chu Kang Nth 5,CHOA CHU KANG,WEST REGION,107.0,302
45321,Yew Tee Stn,Choa Chu Kang Dr,CHOA CHU KANG,WEST REGION,489.2,302;302A;307;307A;455;979
45329,Opp Yew Tee Stn,Choa Chu Kang Dr,CHOA CHU KANG,WEST REGION,465.3,302;302A;455;979
45339,Blk 625,Choa Chu Kang St 62,CHOA CHU KANG,WEST REGION,321.3,307;307A
45349,Opp Blk 604A,Choa Chu Kang St 62,CHOA CHU KANG,WEST REGION,290.8,307;307A
45351,Blk 634,Choa Chu Kang Nth 6,CHOA CHU KANG,WEST REGION,305.9,307;307A
45359,Blk 790,Choa Chu Kang Nth 6,CHOA CHU KANG,WEST REGION,312.5,307;307A
45361,Opp Blk 765,Choa Chu Kang Nth 5,CHOA CHU KANG,WEST REGION,313.9,307;307A;979
45369,Blk 765,Choa Chu Kang Nth 5,CHOA CHU KANG,WEST REGION,310.3,307;307A;979
45371,Opp Yew Mei Green Condo,Choa Chu Kang Nth 6,CHOA CHU KANG,WEST REGION,54.2,307;307A
45379,Yew Mei Green Condo,Choa Chu Kang Nth 6,CHOA CHU KANG,WEST REGION,72.3,307;307A
45389,Blk 619,Choa Chu Kang Nth 7,CHOA CHU KANG,WEST REGION,442.4,302;302A;455;979
45399,Regent Gr Condo,Choa Chu Kang Nth 7,CHOA CHU KANG,WEST REGION,238.1,302;302A;455;979
45401,Blk 681,Choa Chu Kang Cres,CHOA CHU KANG,WEST REGION,192.6,302;302A;455;979
45411,Opp Blk 670,Choa Chu Kang Cres,CHOA CHU KANG,WEST REGION,211.9,302;302A;455;979
45421,Blk 689A,Choa Chu Kang Cres,CHOA CHU KANG,WEST REGION,244.8,302;302A;455;979
45439,Blk 691A,Choa Chu Kang Cres,CHOA CHU KANG,WEST REGION,128.5,302;302A;455;979
45441,Opp Eng Hua Furniture Mfg Pte Ltd,Sg Kadut Dr,SUNGEI KADUT,NORTH REGION,468.2,925
45449,Eng Hua Furniture Mfg Pte Ltd,Sg Kadut Dr,SUNGEI KADUT,NORTH REGION,485.2,925
45451,Blk 293,Choa Chu Kang Ave 1,CHOA CHU KANG,WEST REGION,461.1,172;300;451;991
45461,Blk 540,Choa Chu Kang Nth 5,CHOA CHU KANG,WEST REGION,235.0,979
45469,Blk 537,Choa Chu Kang Nth 5,CHOA CHU KANG,WEST REGION,368.9,979
45489,Bef Choa Chu Kang Lk,Choa Chu Kang Nth 5,CHOA CHU KANG,WEST REGION,73.7,979
45491,Bef Choa Chu Kang Nth 5,Stagmont Ring,SUNGEI KADUT,NORTH REGION,38.0,979
45581,Blk 325,Woodlands St 32,WOODLANDS,NORTH REGION,513.6,913M
45589,Opp Blk 325,Woodlands St 32,WOODLANDS,NORTH REGION,490.1,913M
45591,Fuchun CC,Woodlands Ave 1,WOODLANDS,NORTH REGION,489.3,913M
45599,Opp Fuchun CC,Woodlands Ave 1,WOODLANDS,NORTH REGION,498.3,913M
46008,Woodlands Int,Woodlands Sq,WOODLANDS,NORTH REGION,1157.7,911;911A;911T;912;912A;912B;913;913M;913T
46009,Woodlands Int,Woodlands Sq,WOODLANDS,NORTH REGION,1170.0,161;168;168A;169;169A;169B;178;178A;187;856;856A;856B;858;858A;900;901;901M;902;903;903M;904;911;911T;912;912A;912B;913;913M;913T;960;960e;962;963;963e;964;966;966A;969
46011,Blk 188A,Marsiling Rd,WOODLANDS,NORTH REGION,645.3,913;913M;913T
46019,Aft W'lands Ctr Rd,Marsiling Rd,WOODLANDS,NORTH REGION,627.4,913;913M;913T
46021,Bef W'lands Ind Pk D St 2,Woodlands Rd,SUNGEI KADUT,NORTH REGION,831.8,170;170X
46029,Aft W'lands Ind Pk D St 2,Woodlands Rd,SUNGEI KADUT,NORTH REGION,795.5,160;170;170X;178;178A
46031,Kranji Lodge 1,Woodlands Rd,SUNGEI KADUT,NORTH REGION,739.9,170;170X
46039,Opp Kranji Lodge 1,Woodlands Rd,SUNGEI KADUT,NORTH REGION,736.0,160;170;170X;178;178A
46041,Opp GlobalFoundries,Woodlands Rd,SUNGEI KADUT,NORTH REGION,496.5,170;170X
46049,GlobalFoundries,Woodlands Rd,SUNGEI KADUT,NORTH REGION,417.5,160;170;170X;178;178A
46051,Bef BKE,Woodlands Rd,SUNGEI KADUT,NORTH REGION,190.5,170;170X
46059,GlobalFoundries/Aft BKE,Woodlands Rd,SUNGEI KADUT,NORTH REGION,209.0,160;170;170X;178;178A
46069,W'lands Train Checkpt,Woodlands Ctr Rd,WOODLANDS,NORTH REGION,284.0,170;178;856;856A;856B;903;911;911T;912;912B;950
46071,Blk 137,Marsiling Rd,WOODLANDS,NORTH REGION,924.6,913;913M;913T
46079,Opp Blk 137,Marsiling Rd,WOODLANDS,NORTH REGION,938.0,913;913M;913T
46088,Blk 25,Woodlands Ctr Rd,WOODLANDS,NORTH REGION,330.4,170;178;856;856B;903;911;911T;912;912B;950
46091,Bef BKE,Woodlands Ctr Rd,WOODLANDS,NORTH REGION,184.2,170;178;178A
46101,W'lands Checkpt,Woodlands Crossing,WOODLANDS,NORTH REGION,88.1,160;170;170X;950
46109,W'lands Checkpt,Woodlands Crossing,WOODLANDS,NORTH REGION,90.2,160;170;170X;950
46111,Blk 23,Admiralty Rd,WOODLANDS,NORTH REGION,597.5,178;856;856B;856C;903
46119,Marsiling CC,Admiralty Rd,WOODLANDS,NORTH REGION,460.4,178;178A;856;903
46121,Opp Marsiling Lane Mkt/FC,Admiralty Rd,WOODLANDS,NORTH REGION,780.0,856;856B;856C
46129,Marsiling Lane Mkt/FC,Admiralty Rd,WOODLANDS,NORTH REGION,807.0,856
46131,Aft Marsiling Lane,Admiralty Rd,WOODLANDS,NORTH REGION,552.6,856;856B;856C
46139,Aft Riverside Rd,Admiralty Rd,WOODLANDS,NORTH REGION,569.0,856
46141,Blk 32,Marsiling Dr,WOODLANDS,NORTH REGION,603.3,665;903;903M
46149,Blk 203,Marsiling Dr,WOODLANDS,NORTH REGION,633.5,665;903
46151,Blk 212,Marsiling Lane,WOODLANDS,NORTH REGION,405.5,665;903;903M
46159,Blk 206,Marsiling Lane,WOODLANDS,NORTH REGION,420.2,665;903
46161,GES S'pore,Marsiling Lane,WOODLANDS,NORTH REGION,591.7,665;903;903M
46169,Opp GES,Marsiling Lane,WOODLANDS,NORTH REGION,571.7,665;903
46171,Opp Blk 19,Marsiling Lane,WOODLANDS,NORTH REGION,811.1,665;903;903M
46179,Blk 18,Marsiling Lane,WOODLANDS,NORTH REGION,819.5,665;903;903M
46181,Opp Blk 12,Marsiling Rd,WOODLANDS,NORTH REGION,1160.7,178;178A;913;913M;913T
46189,Blk 12,Marsiling Rd,WOODLANDS,NORTH REGION,1123.9,178;913;913M;913T
46191,Opp Blk 120,Marsiling Rise,WOODLANDS,NORTH REGION,1344.8,178;665;913;913M;913T
46199,Blk 120,Marsiling Rise,WOODLANDS,NORTH REGION,1356.3,178;178A;665;913;913M;913T
46201,Blk 10,Marsiling Dr,WOODLANDS,NORTH REGION,933.3,178
46209,Blk 2,Marsiling Dr,WOODLANDS,NORTH REGION,984.0,178;178A
46211,Johor Bahru Checkpt,Johor Bahru,,,,160;170;170X;950
46219,Johor Bahru Checkpt,Johor Bahru,,,,160;170;170X;950
46221,Opp Casablanca,Woodlands Ave 2,WOODLANDS,NORTH REGION,531.1,161;168;168A
46229,Casablanca,Woodlands Ave 2,WOODLANDS,NORTH REGION,434.2,161;168
46239,Larkin Ter,Jln Datin Halimah,,,,170
46241,Opp Blk 15,Marsiling Lane,WOODLANDS,NORTH REGION,1055.4,665;903;903M
46249,Blk 15,Marsiling Lane,WOODLANDS,NORTH REGION,1049.7,665;903;903M
46251,Riverside Sec Sch,Woodlands St 81,WOODLANDS,NORTH REGION,1656.4,911
46261,Blk 808,Woodlands Ave 9,WOODLANDS,NORTH REGION,1446.6,169;911;965
46269,Republic Poly,Woodlands Ave 9,WOODLANDS,NORTH REGION,1428.1,169;169A;169B;902;965;965A
46271,Opp Blk 802,Woodlands Ave 2,WOODLANDS,NORTH REGION,1553.4,169;169A;169B;903;903M
46279,Blk 803,Woodlands Ave 2,WOODLANDS,NORTH REGION,1543.1,169;903;903M;911
46281,Blk 825,Woodlands Ave 7,WOODLANDS,NORTH REGION,1445.2,858;858A;900;904;911;913;964;969
46289,Blk 891C CP,Woodlands Ave 7,WOODLANDS,NORTH REGION,1461.5,858;900;904;911;913;964;969
46291,Blk 106,Woodlands Ave 5,WOODLANDS,NORTH REGION,1103.9,178;178A;665;913;913M;913T;965;965A
46299,Opp Blk 106,Woodlands Ave 5,WOODLANDS,NORTH REGION,1154.8,178;665;913;913M;913T;965
46301,Progen Bldg,Riverside Rd,WOODLANDS,NORTH REGION,1180.3,903;903M
46309,Opp Progen Bldg,Riverside Rd,WOODLANDS,NORTH REGION,1125.2,903;903M
46311,Blk 18,Marsiling Rd,WOODLANDS,NORTH REGION,1096.4,903;903M
46319,Opp Blk 18,Marsiling Rd,WOODLANDS,NORTH REGION,1091.5,903;903M
46321,W'lands Civic Ctr,Woodlands Ave 5,WOODLANDS,NORTH REGION,915.7,912;912B
46329,Opp W'lands Civic Ctr,Woodlands Ave 5,WOODLANDS,NORTH REGION,914.4,912;912B
46331,Blk 511,Woodlands Ave 2,WOODLANDS,NORTH REGION,787.7,161;168;168A;901;901M;912;912B
46339,Bef W'lands Stn Exit 7,Woodlands Ave 2,WOODLANDS,NORTH REGION,825.1,161;168;901;901M;912;912B
46341,Rosewood,Woodlands Ave 1,WOODLANDS,NORTH REGION,597.0,912;912B;967
46349,Aft Blk 353,Woodlands Ave 1,WOODLANDS,NORTH REGION,615.0,912;912B;967
46351,Woodhaven,Woodlands Ave 1,WOODLANDS,NORTH REGION,477.2,912;912B;967
46359,Aft Blk 336,Woodlands Ave 1,WOODLANDS,NORTH REGION,488.5,912;912B;967
46361,Blk 425,Woodlands St 41,WOODLANDS,NORTH REGION,367.2,912;912B;967
46369,Blk 413,Woodlands St 41,WOODLANDS,NORTH REGION,310.4,912;912B;967
46371,Blk 406,Woodlands St 41,WOODLANDS,NORTH REGION,304.0,912;912B;967
46379,Blk 409,Woodlands St 41,WOODLANDS,NORTH REGION,344.5,912;912B;967
46381,Opp W'lands Ind Pk D St 1,Woodlands Ave 3,SUNGEI KADUT,NORTH REGION,303.4,925;925A;925M;960;961;961M
46389,Aft W'lands Ind Pk D St 1,Woodlands Ave 3,SUNGEI KADUT,NORTH REGION,311.3,160;178;925;925M;960;961;961M
46391,Blk 853,Woodlands Ave 7,WOODLANDS,NORTH REGION,1389.9,858;858A;900;904;913;964;969
46399,Aft 888 Plaza,Woodlands Ave 7,WOODLANDS,NORTH REGION,1266.3,858;900;904;913;964;969
46401,Blk 864,Woodlands Ave 4,WOODLANDS,NORTH REGION,1275.7,648;858;858A;965
46409,Blk 701A CP,Woodlands Ave 4,WOODLANDS,NORTH REGION,1268.6,648;858;965;965A
46411,Blk 869,Woodlands Ave 4,WOODLANDS,NORTH REGION,1246.2,648;858;858A;911;965
46419,Evergreen Pr Sch,Woodlands Ave 4,WOODLANDS,NORTH REGION,1223.1,648;858;911;965;965A
46421,Evergreen Sec Sch,Woodlands St 83,WOODLANDS,NORTH REGION,1448.4,911
46429,Blk 856,Woodlands St 83,WOODLANDS,NORTH REGION,1485.3,911
46431,Blk 840,Woodlands St 82,WOODLANDS,NORTH REGION,1376.1,648;911;965
46439,Blk 880,Woodlands St 82,WOODLANDS,NORTH REGION,1329.0,648;911;965;965A
46441,Blk 816,Woodlands St 82,WOODLANDS,NORTH REGION,1645.0,648;911;965
46449,Blk 875,Woodlands St 82,WOODLANDS,NORTH REGION,1637.4,648;911;965;965A
46451,Opp Blk 872,Woodlands Ave 9,WOODLANDS,NORTH REGION,1384.9,169;169A;169B
46459,Blk 872,Woodlands Ave 9,WOODLANDS,NORTH REGION,1430.5,169
46461,Opp Blk 757A CP,Woodlands Ave 9,WOODLANDS,NORTH REGION,1087.6,169;169A;169B;858;858A
46469,Blk 759,Woodlands Ave 9,WOODLANDS,NORTH REGION,977.9,169;858
46471,Opp Blk 773,Woodlands Ave 9,WOODLANDS,NORTH REGION,648.4,169;169A;169B;858;858A;964
46479,Blk 774,Woodlands Ave 9,WOODLANDS,NORTH REGION,565.7,169;858;964
46481,Aft W'lands Ind Pk E6,Woodlands Ave 9,WOODLANDS,NORTH REGION,214.2,169;169A;169B;858;858A;964
46489,Aft Gambas Ave,Woodlands Ave 9,WOODLANDS,NORTH REGION,170.2,169;858;964
46491,Blk 402,Woodlands Ave 3,WOODLANDS,NORTH REGION,347.6,187;925;925A;925M;960;960e;961;961M;963;963e;966;966A
46499,Opp Blk 402,Woodlands Ave 3,WOODLANDS,NORTH REGION,379.3,160;178;187;925;925M;960;960e;961;961M;963;963e;966
46501,Opp Marsiling Pk,Woodlands Ctr Rd,WOODLANDS,NORTH REGION,299.2,856;911;911T;912;912B;950
46509,Marsiling Pk,Woodlands Ctr Rd,WOODLANDS,NORTH REGION,274.3,160;178;856;856A;856B;911;911T;912;912B;950
46511,Marsiling Pr Sch,Woodlands Ctr Rd,WOODLANDS,NORTH REGION,446.3,856;912;912B;913;913M;913T;950
46519,Opp Blk 144,Woodlands Ctr Rd,WOODLANDS,NORTH REGION,401.2,160;178;856;856A;856B;912;912B;913M;950
46521,Marsiling Stn,Woodlands Ave 3,WOODLANDS,NORTH REGION,606.9,187;856;913;913T;925;925M;950;960;960e;961;961M;963;963e;966;967
46529,Opp Marsiling Stn,Woodlands Ave 3,WOODLANDS,NORTH REGION,629.8,187;856;856A;856B;925;925A;925M;950;960;960e;961;961M;963;963e;966;966A;967
46531,Blk 173,Woodlands Ave 3,WOODLANDS,NORTH REGION,729.0,187;856;913M;925;925M;950;960;960e;961;961M;963;963e;966;967
46539,Blk 320,Woodlands Ave 3,WOODLANDS,NORTH REGION,676.3,187;856;856A;856B;925;925A;925M;950;960;960e;961;961M;963;963e;966;966A;967
46541,Marsiling Mall,Woodlands Ave 3,WOODLANDS,NORTH REGION,759.5,187;856;913M;925;925M;950;960;960e;961;961M;963;963e;966;967
46549,Blk 347,Woodlands Ave 3,WOODLANDS,NORTH REGION,746.1,187;856;856A;856B;925;925A;925M;950;960;960e;961;961M;963;963e;966;966A;967
46551,Blk 101,Woodlands St 13,WOODLANDS,NORTH REGION,963.2,911;911T
46559,Opp Blk 101,Woodlands St 13,WOODLANDS,NORTH REGION,971.2,911;911A;911T;913M
46561,Blk 183C,Woodlands St 13,WOODLANDS,NORTH REGION,968.6,911;911T
46569,Blk 178,Woodlands St 13,WOODLANDS,NORTH REGION,985.3,911;911A;911T;913M
46571,Blk 182,Woodlands St 13,WOODLANDS,NORTH REGION,813.9,911;911T
46579,Blk 154,Woodlands St 13,WOODLANDS,NORTH REGION,777.0,911;911A;911T;913;913T
46581,Blk 189B,Woodlands St 13,WOODLANDS,NORTH REGION,587.1,911;911T
46589,Blk 146,Woodlands St 13,WOODLANDS,NORTH REGION,621.7,911;911A;911T;913;913T
46591,Blk 303,Woodlands Ave 1,WOODLANDS,NORTH REGION,434.9,912;912B;913M;967
46611,W'lands Ring Sec Sch,Woodlands Ave 1,WOODLANDS,NORTH REGION,386.6,912;912B;913M;967
46619,Opp W'lands Ring Sec Sch,Woodlands Ave 1,WOODLANDS,NORTH REGION,364.9,912;912B;913M;967
46621,Blk 335,Woodlands Ave 1,WOODLANDS,NORTH REGION,348.9,912;912B;913M;967
46629,The Woodgrove,Woodlands Ave 1,WOODLANDS,NORTH REGION,336.5,912;912B;913M;967
46631,W'lands Stn Exit 5,Woodlands Ave 2,WOODLANDS,NORTH REGION,1218.3,161;168;168A;901;901M;912;912A;962
46639,W'lands Stn Exit 4,Woodlands Ave 2,WOODLANDS,NORTH REGION,1225.6,161;168;901;901M;912;912A;962
46641,Blk 894C,Woodlands Ave 5,WOODLANDS,NORTH REGION,1076.4,665;912;912A;962
46649,Blk 515,Woodlands Ave 5,WOODLANDS,NORTH REGION,1061.8,665;912;912A;962
46651,Blk 550,Woodlands Ave 4,WOODLANDS,NORTH REGION,804.9,665;900
46659,Opp Blk 550,Woodlands Ave 4,WOODLANDS,NORTH REGION,818.3,665;900
46661,Opp Blk 896B,Woodlands Dr 50,WOODLANDS,NORTH REGION,1331.6,912;912A
46669,W'lands Pr Sch,Woodlands Dr 50,WOODLANDS,NORTH REGION,1348.5,912;912A
46671,Bef 888 Plaza,Woodlands Dr 50,WOODLANDS,NORTH REGION,1083.8,912;912A
46679,Opp 888 Plaza,Woodlands Dr 50,WOODLANDS,NORTH REGION,1056.2,912;912A
46681,Blk 899A,Woodlands Ave 4,WOODLANDS,NORTH REGION,902.3,648;900
46689,Blk 609,Woodlands Ave 4,WOODLANDS,NORTH REGION,892.3,648;900
46691,Opp 888 Plaza,Woodlands Ave 4,WOODLANDS,NORTH REGION,1074.8,648;900
46699,888 Plaza,Woodlands Ave 4,WOODLANDS,NORTH REGION,1054.5,648;900
46709,Aft Blk 1,Marsiling Dr,WOODLANDS,NORTH REGION,800.3,178;178A
46711,Bef W'lands Ind Pk E3,Woodlands Ave 8,WOODLANDS,NORTH REGION,16.1,169;169A;169B
46719,Aft W'lands Ind Pk E3,Woodlands Ave 8,SEMBAWANG,NORTH REGION,13.1,169
46721,Bef W'lands Ind Pk E7,Woodlands Ave 8,WOODLANDS,NORTH REGION,13.2,169;169A;169B
46729,Aft W'lands Ind Pk E7,Woodlands Ave 8,SEMBAWANG,NORTH REGION,15.8,169
46731,Yew Huat Scaffolding Work,Gambas Ave,SEMBAWANG,NORTH REGION,14.9,858;858A
46739,Blk 782,Gambas Ave,WOODLANDS,NORTH REGION,11.9,858
46741,Seagate,Gambas Ave,SEMBAWANG,NORTH REGION,14.5,858;858A
46749,Opp Seagate,Gambas Ave,WOODLANDS,NORTH REGION,18.5,858
46759,Blk 676A,Woodlands Ring Rd,WOODLANDS,NORTH REGION,701.6,901M;912;912A
46761,Blk 706,Woodlands Ave 7,WOODLANDS,NORTH REGION,1060.4,904;913;964;965;965A;969
46769,Blk 666,Woodlands Ave 7,WOODLANDS,NORTH REGION,994.6,904;913;964;965;969
46771,Opp Admiralty Stn,Woodlands Ave 7,WOODLANDS,NORTH REGION,906.0,904;913;964;965;965A;969
46779,Admiralty Stn,Woodlands Ave 7,WOODLANDS,NORTH REGION,849.1,901M;904;912;912A;913;964;965;969
46781,Bef Admiralty Pr Sch,Woodlands Ave 6,WOODLANDS,NORTH REGION,702.0,913;964
46789,Opp Admiralty Pr Sch,Woodlands Ave 6,WOODLANDS,NORTH REGION,641.2,913;964
46791,Blk 722,Woodlands Ave 6,WOODLANDS,NORTH REGION,583.2,913;964
46799,Blk 786A CP,Woodlands Ave 6,WOODLANDS,NORTH REGION,564.8,913;964
46801,Aft W'lands Mart,Woodlands Ave 6,WOODLANDS,NORTH REGION,721.9,964
46809,Opp W'lands Mart,Woodlands Ave 6,WOODLANDS,NORTH REGION,672.9,964
46811,Blk 726,Woodlands Circle,WOODLANDS,NORTH REGION,749.1,913
46821,Blk 713,Woodlands Circle,WOODLANDS,NORTH REGION,1016.3,913
46831,Blk 747A CP,Woodlands Circle,WOODLANDS,NORTH REGION,1076.1,913
46841,Opp Blk 739A CP,Woodlands Circle,WOODLANDS,NORTH REGION,875.1,913
46851,Blk 664,Woodlands Ring Rd,WOODLANDS,NORTH REGION,775.8,912;912A
46859,Blk 608A,Woodlands Ring Rd,WOODLANDS,NORTH REGION,799.6,912;912A
46861,Opp Blk 624B,Woodlands Ring Rd,WOODLANDS,NORTH REGION,505.2,912;912A
46869,Blk 628A,Woodlands Ring Rd,WOODLANDS,NORTH REGION,452.1,912;912A
46871,Blk 644,Woodlands Ring Rd,WOODLANDS,NORTH REGION,474.9,912;912A
46879,Blk 637,Woodlands Ring Rd,WOODLANDS,NORTH REGION,461.9,912;912A
46881,Old Chang Kee Bldg,Woodlands Loop,SEMBAWANG,NORTH REGION,191.0,964
46891,Jordon Food Ind,Woodlands Loop,SEMBAWANG,NORTH REGION,181.7,964
46901,Blk 15,Woodlands Loop,SEMBAWANG,NORTH REGION,293.7,964
46911,Opp Blk 20,Woodlands Loop,SEMBAWANG,NORTH REGION,602.7,964
46921,Opp Blk 22,Woodlands Link,SEMBAWANG,NORTH REGION,891.2,964
46931,Opp W'lands Spectrum 1,Woodlands Ave 9,SEMBAWANG,NORTH REGION,630.6,964
46941,Opp Nylect Engrg,Woodlands Ave 9,SEMBAWANG,NORTH REGION,321.5,964
46951,Blk 536A,Woodlands Dr 14,WOODLANDS,NORTH REGION,700.8,900
46961,Blk 547,Woodlands Ave 4,WOODLANDS,NORTH REGION,668.7,665
46969,Blk 532,Woodlands Ave 4,WOODLANDS,NORTH REGION,671.6,665;900
46971,Woodgrove Pr Sch,Woodlands Ave 1,WOODLANDS,NORTH REGION,711.3,901;901M;967
46979,Opp Blk 507,Woodlands Ave 1,WOODLANDS,NORTH REGION,661.8,901;901M;967
46981,W'lands Sth Stn Exit 2,Woodlands Ave 1,WOODLANDS,NORTH REGION,403.9,665;901;901M;967
46989,W'lands Sth Stn Exit 1,Woodlands Ave 1,WOODLANDS,NORTH REGION,390.6,665;901;901M
46991,Blk 589,Woodlands Ave 1,WOODLANDS,NORTH REGION,303.9,665;900;967
46999,Opp Blk 589,Woodlands Ave 1,WOODLANDS,NORTH REGION,277.3,665;901
47009,Woodlands Temp Int,Woodlands Sq,WOODLANDS,NORTH REGION,1240.5,925;925A;925M;950;961;961M;965;965A;967
47011,Bef W'lands Waterfront Pk,Admiralty Rd,WOODLANDS,NORTH REGION,183.5,856;856B;856C
47019,Aft W'lands Waterfront Pk,Admiralty Rd,WOODLANDS,NORTH REGION,203.6,856
47021,Khalsa Cres Drug Rehab Ctr,Admiralty Rd West,WOODLANDS,NORTH REGION,423.9,856;856B;856C
47029,Opp Khalsa Cres Drug Rehab Ctr,Admiralty Rd West,WOODLANDS,NORTH REGION,397.5,856
47031,Bef Keramat Rd,Admiralty Rd West,WOODLANDS,NORTH REGION,670.2,856;856B;856C
47039,Aft View Rd,Admiralty Rd West,WOODLANDS,NORTH REGION,757.4,856
47041,Opp W'lands Auto Hub,Admiralty Rd West,WOODLANDS,NORTH REGION,667.8,856;856B;856C
47049,W'lands Auto Hub,Admiralty Rd West,WOODLANDS,NORTH REGION,611.9,856
47051,Aft W'lands Ind Pk E4,Admiralty Rd West,WOODLANDS,NORTH REGION,225.6,856;856B;856C
47059,Bef W'lands Ind Pk E4,Admiralty Rd West,WOODLANDS,NORTH REGION,281.0,856
47061,Aft Attap Valley Rd,Admiralty Rd West,SEMBAWANG,NORTH REGION,19.4,856;856B;856C
47069,Nth Tech,Admiralty Rd West,WOODLANDS,NORTH REGION,24.2,856
47071,Bef British American Tobacco,Admiralty Rd West,SEMBAWANG,NORTH REGION,211.5,169;169A;856;856B;856C
47079,Opp British American Tobacco,Admiralty Rd West,SEMBAWANG,NORTH REGION,308.2,169;856
47081,Aft Senoko Cres,Senoko Rd,SEMBAWANG,NORTH REGION,689.8,856;856B
47089,Aft Senoko Dr,Senoko Rd,SEMBAWANG,NORTH REGION,670.9,856
47091,Bef Senoko Cres,Senoko Dr,SEMBAWANG,NORTH REGION,556.6,856;856B;981
47099,Masterdon,Senoko Dr,SEMBAWANG,NORTH REGION,602.1,856;981
47101,Bef Senoko Ave,Senoko Dr,SEMBAWANG,NORTH REGION,368.1,856;856B;981
47109,MaxSteel Enterprise,Senoko Dr,SEMBAWANG,NORTH REGION,428.9,856;981
47111,Bef Senoko Way,Senoko Ave,SEMBAWANG,NORTH REGION,419.3,856;856B;981
47119,Aft Senoko Way,Senoko Ave,SEMBAWANG,NORTH REGION,384.4,856;981
47121,Opp Lian Aik Siong Machinery,Senoko Rd,SEMBAWANG,NORTH REGION,470.2,981
47129,Lian Aik Siong Machinery,Senoko Rd,SEMBAWANG,NORTH REGION,484.8,981
47131,Fuji Oil S'pore,Senoko Rd,SEMBAWANG,NORTH REGION,184.9,981
47141,Bef SC Auto,Senoko Rd,SEMBAWANG,NORTH REGION,176.0,981
47151,Aft Scania S'pore,Senoko Rd,SEMBAWANG,NORTH REGION,322.9,981
47169,Chuan Lim Constrn,Senoko Dr,SEMBAWANG,NORTH REGION,473.7,981
47179,ComfortDelGro Engrg,Senoko Loop,SEMBAWANG,NORTH REGION,222.4,981
47189,TAK Products & Svcs,Senoko Loop,SEMBAWANG,NORTH REGION,274.3,981
47199,Bef Senoko Dr,Senoko Loop,SEMBAWANG,NORTH REGION,562.4,981
47201,W'lands Nth Stn,Nth Woodlands Dr,WOODLANDS,NORTH REGION,770.9,856;856B;856C
47491,Twin Fountains,Woodlands Ave 6,WOODLANDS,NORTH REGION,155.7,648;901M
47499,Opp Twin Fountains,Woodlands Ave 6,WOODLANDS,NORTH REGION,153.6,648;901M
47501,Opp Blk 583,Woodlands Dr 16,WOODLANDS,NORTH REGION,608.4,901;901M
47509,Blk 583,Woodlands Dr 16,WOODLANDS,NORTH REGION,587.2,901M
47511,Blk 554,Woodlands Dr 16,WOODLANDS,NORTH REGION,567.0,901;901M
47521,Opp Blk 575,Woodlands Dr 16,WOODLANDS,NORTH REGION,406.9,901;901M
47529,Blk 573A,Woodlands Dr 16,WOODLANDS,NORTH REGION,400.0,901M
47539,Opp Woodgrove Sec Sch,Woodlands Ave 6,WOODLANDS,NORTH REGION,255.5,648;901
47541,Blk 639,Woodlands Ave 6,WOODLANDS,NORTH REGION,422.8,901M;962;962C
47549,Blk 693 CP,Woodlands Ave 6,WOODLANDS,NORTH REGION,408.1,901M;962
47551,Blk 630,Woodlands Ave 6,WOODLANDS,NORTH REGION,313.8,901M;962;962C
47559,Opp Blk 630,Woodlands Ave 6,WOODLANDS,NORTH REGION,292.3,901M;962
47561,Blk 620,Woodlands Ave 5,WOODLANDS,NORTH REGION,495.7,648;962;962C
47569,Opp Blk 620,Woodlands Ave 5,WOODLANDS,NORTH REGION,381.0,648;962
47571,Blk 618,Woodlands Ave 5,WOODLANDS,NORTH REGION,687.1,648;962;962C
47579,Blk 556,Woodlands Ave 5,WOODLANDS,NORTH REGION,710.0,648;962
47581,Opp Blk 521,Woodlands Ave 5,WOODLANDS,NORTH REGION,1012.5,665;962
47589,Blk 519A CP,Woodlands Ave 5,WOODLANDS,NORTH REGION,1097.8,665;962
47591,Bef Admiralty Stn/Blk 680,Woodlands Ave 6,WOODLANDS,NORTH REGION,625.7,901M;904;912;912A;962;962C
47599,Blk 683A,Woodlands Ave 6,WOODLANDS,NORTH REGION,628.6,904;962
47601,Blk 793,Woodlands Ave 7,WOODLANDS,NORTH REGION,629.4,962;965;965A;969
47609,Opp Blk 793,Woodlands Ave 7,WOODLANDS,NORTH REGION,651.2,962;965;969
47611,Northoaks Condo,Woodlands Ave 7,WOODLANDS,NORTH REGION,275.9,962;965;965A;969
47619,Blk 688 CP,Woodlands Ave 7,WOODLANDS,NORTH REGION,188.8,962;965;969
47621,Aft Gambas Ave,Woodlands Ave 7,SEMBAWANG,NORTH REGION,194.0,858;858A;962
47629,Seagate,Woodlands Ave 7,SEMBAWANG,NORTH REGION,173.0,858;962
47641,Blk 681A,Woodlands Dr 62,WOODLANDS,NORTH REGION,485.3,904
47649,Opp Blk 681B,Woodlands Dr 62,WOODLANDS,NORTH REGION,480.0,904
47651,Blk 684B,Woodlands Dr 73,WOODLANDS,NORTH REGION,536.5,904
47659,Blk 685A,Woodlands Dr 73,WOODLANDS,NORTH REGION,502.3,904
47661,Blk 788E,Woodlands Cres,WOODLANDS,NORTH REGION,442.7,904
47671,Opp Admiralty Sec Sch,Woodlands Cres,WOODLANDS,NORTH REGION,217.9,904
47681,Woodsvale Condo,Woodlands Cres,WOODLANDS,NORTH REGION,314.4,904
47711,JB Sentral Bus Ter,Jln Jim Quee,,,,160;170X;950
47721,Blk 568B,Woodlands Dr 17,WOODLANDS,NORTH REGION,283.2,967
47731,Opp Christ Ch Sec Sch,Woodlands Dr 17,WOODLANDS,NORTH REGION,175.9,900;967
47739,Blk 562A,Woodlands Dr 17,WOODLANDS,NORTH REGION,222.0,900
47749,W'lands Hosp,Woodlands Dr 17,WOODLANDS,NORTH REGION,263.0,900;967
47751,Blk 691D,Woodlands Dr 62,WOODLANDS,NORTH REGION,303.0,904
47759,Blk 694C,Woodlands Dr 62,WOODLANDS,NORTH REGION,322.7,904
47801,Opp North Link Bldg,Admiralty Rd West,SEMBAWANG,NORTH REGION,630.1,169;169A;856;856B;981
47809,North Link Bldg,Admiralty Rd West,SEMBAWANG,NORTH REGION,571.7,169;856;981
47811,W'lands Sunny Food,Admiralty Rd West,SEMBAWANG,NORTH REGION,828.3,169;169A
47819,Opp W'lands Sunny Food,Admiralty Rd West,SEMBAWANG,NORTH REGION,805.3,169
47821,Opp Sumitomo Bakelite S'pore,Admiralty Rd West,SEMBAWANG,NORTH REGION,749.1,169;169A
47829,Sumitomo Bakelite S'pore,Admiralty Rd West,SEMBAWANG,NORTH REGION,765.0,169
48011,Opp Mandai Camp 2,Mandai Rd,MANDAI,NORTH REGION,18.8,171;927
48019,Mandai Camp 2,Mandai Rd,CENTRAL WATER CATCHMENT,NORTH REGION,17.4,171;927
48021,Aft Mandai Lake Rd,Mandai Rd,MANDAI,NORTH REGION,21.9,138;138C;171
48029,Bef Mandai Lake Rd,Mandai Rd,CENTRAL WATER CATCHMENT,NORTH REGION,17.4,138;138A;171
48031,LP 162,Mandai Rd,MANDAI,NORTH REGION,21.3,138;138C;171
48039,LP 159,Mandai Rd,CENTRAL WATER CATCHMENT,NORTH REGION,16.3,138;138A;171
48041,Aft Jln Ulu Sembawang,Mandai Rd,MANDAI,NORTH REGION,16.8,138;138C;171
48049,Bef Jln Ulu Sembawang,Mandai Rd,CENTRAL WATER CATCHMENT,NORTH REGION,16.5,138;138A;171
48051,Mandai Agrotech Pk,Mandai Rd,MANDAI,NORTH REGION,18.9,138;138C;171
48059,Opp Mandai Agrotech Pk,Mandai Rd,CENTRAL WATER CATCHMENT,NORTH REGION,17.9,138;138A;171
48061,Bef Mandai Ave,Mandai Rd,MANDAI,NORTH REGION,18.1,138;138C;171
48069,Aft Mandai Ave,Mandai Rd,CENTRAL WATER CATCHMENT,NORTH REGION,16.5,138;138A;171
48071,Mandai Crematorium,Mandai Rd,CENTRAL WATER CATCHMENT,NORTH REGION,110.6,138;138C
48079,Opp Mandai Crematorium,Mandai Rd,CENTRAL WATER CATCHMENT,NORTH REGION,103.4,138;138A
48081,Opp Upp Seletar Resvr,Mandai Rd,CENTRAL WATER CATCHMENT,NORTH REGION,76.9,138;138C
48089,Upp Seletar Resvr,Mandai Rd,CENTRAL WATER CATCHMENT,NORTH REGION,152.3,138;138A
48091,Aft Bath Rd,Mandai Rd,YISHUN,NORTH REGION,57.3,138;138C
48099,Aft Mandai Rd Track 7,Mandai Rd,YISHUN,NORTH REGION,30.3,138;138A
48101,Aft Meng Suan Rd,Mandai Rd,YISHUN,NORTH REGION,238.9,138;138C
48109,Opp Meng Suan Rd,Mandai Rd,YISHUN,NORTH REGION,190.4,138;138A
48111,Opp Bird Paradise,Mandai Lake Rd,CENTRAL WATER CATCHMENT,NORTH REGION,142.4,138;138A;927
48119,Bird Paradise,Mandai Lake Rd,CENTRAL WATER CATCHMENT,NORTH REGION,85.0,138;138C;927
48131,S'pore Zoo,Mandai Lake Rd,CENTRAL WATER CATCHMENT,NORTH REGION,875.4,138;138A;138C;927
48141,Opp Mandai Crematorium & Columbarium,Mandai Ave,MANDAI,NORTH REGION,17.4,171
48149,Mandai Crematorium & Columbarium,Mandai Ave,YISHUN,NORTH REGION,15.5,171
49011,Opp Kim Hock Corp Pte Ltd,Sg Kadut St 1,SUNGEI KADUT,NORTH REGION,636.3,925
49019,Kim Hock Corp Pte Ltd,Sg Kadut St 1,SUNGEI KADUT,NORTH REGION,643.4,925
49021,Whye Wah Devt & Constrn,Sg Kadut St 1,SUNGEI KADUT,NORTH REGION,934.7,925
49029,Sit Ley Timber,Sg Kadut St 1,SUNGEI KADUT,NORTH REGION,961.1,925
49031,Opp Crown Alliance Industries,Sg Kadut St 1,SUNGEI KADUT,NORTH REGION,1051.3,925
49039,Asia Rattan Trading Co,Sg Kadut St 1,SUNGEI KADUT,NORTH REGION,1073.5,925
49041,DHdeco Pte Ltd,Sg Kadut St 1,SUNGEI KADUT,NORTH REGION,1097.7,925
49049,Sim Hup Co,Sg Kadut St 1,SUNGEI KADUT,NORTH REGION,1088.3,925
49051,Aft Sg Kadut Eating Hse,Sg Kadut St 1,SUNGEI KADUT,NORTH REGION,860.8,925
49059,Aft LCS Optiroc Pte Ltd,Sg Kadut St 1,SUNGEI KADUT,NORTH REGION,849.5,925
49061,Poh Cheong Concrete Products,Sg Kadut St 1,SUNGEI KADUT,NORTH REGION,619.2,925
49069,Tropical Furniture Ltd,Sg Kadut St 1,SUNGEI KADUT,NORTH REGION,605.5,925
49071,Opp Wason Wood Ind,Sg Kadut Dr,SUNGEI KADUT,NORTH REGION,394.0,925
49079,Wason Wood Ind,Sg Kadut Dr,SUNGEI KADUT,NORTH REGION,411.2,925
49081,Aft Kranji Cres,Sg Kadut Dr,SUNGEI KADUT,NORTH REGION,628.3,925
49089,Bef Kranji Cres,Sg Kadut Dr,SUNGEI KADUT,NORTH REGION,641.2,925
49091,Opp Kranji Wtr Reclam Plt,Kranji Rd,SUNGEI KADUT,NORTH REGION,1427.2,925;925A;925M
49099,Aft Kranji Wtr Reclam Plt,Kranji Rd,SUNGEI KADUT,NORTH REGION,1431.1,925;925M
49101,Aft Kranji Cl,Kranji Rd,SUNGEI KADUT,NORTH REGION,1375.7,925;925A;925M
49109,Kranji Wtr Reclam Plt,Kranji Rd,SUNGEI KADUT,NORTH REGION,1407.1,925;925M
49111,Aft Jln Lam Huat,Kranji Rd,SUNGEI KADUT,NORTH REGION,1246.8,925;925A;925M
49119,Blk 2,Kranji Rd,SUNGEI KADUT,NORTH REGION,1271.9,925;925M
49121,Aft SMRT Buses Kranji Depot,Kranji Rd,SUNGEI KADUT,NORTH REGION,949.0,925M
49129,Lip Guan Ind,Kranji Rd,SUNGEI KADUT,NORTH REGION,987.6,925M
49131,Tan Chiang Bros Marble,Sg Kadut Ave,SUNGEI KADUT,NORTH REGION,441.4,925
49139,Bef Sg Kadut Way,Sg Kadut Ave,SUNGEI KADUT,NORTH REGION,421.8,925
49141,Ctrl Granite Ind,Kranji Way,SUNGEI KADUT,NORTH REGION,88.6,925;925M
49149,Aft Kranji Lk,Kranji Way,SUNGEI KADUT,NORTH REGION,38.8,925;925A;925M
49151,Daiya Engrg,Kranji Way,SUNGEI KADUT,NORTH REGION,487.3,925;925M
49159,Aft Sg Kadut Dr,Kranji Way,SUNGEI KADUT,NORTH REGION,365.4,925;925A;925M
49171,Opp Shingda Constrn,Kranji Way,SUNGEI KADUT,NORTH REGION,908.9,925;925M
49179,Aft Kranji Cres,Kranji Way,SUNGEI KADUT,NORTH REGION,872.0,925;925A;925M
49181,Dapolite Ind,Kranji Loop,SUNGEI KADUT,NORTH REGION,793.9,925;925M
49189,Aft Kranji Rd,Kranji Loop,SUNGEI KADUT,NORTH REGION,848.7,925;925A;925M
49199,Kranji Resvr Pk B,Kranji Way,LIM CHU KANG,NORTH REGION,119.8,925;925A
49209,Sg Buloh Wetland Reserve,Neo Tiew Cres,LIM CHU KANG,NORTH REGION,192.2,925M
49211,PUB Quarter,Kranji Way,LIM CHU KANG,NORTH REGION,189.3,925M
49219,Opp PUB Quarter,Kranji Way,LIM CHU KANG,NORTH REGION,132.6,925M
49229,Long Kuan Hung Crocodile Farm,Neo Tiew Cres,LIM CHU KANG,NORTH REGION,494.3,925M
49239,Opp Nyee Phoe Group,Neo Tiew Cres,LIM CHU KANG,NORTH REGION,720.0,925M
49249,Aft Neo Tiew Rd,Neo Tiew Cres,LIM CHU KANG,NORTH REGION,1197.7,925M
49251,TimMac @ Kranji,Kranji Loop,SUNGEI KADUT,NORTH REGION,717.1,925
49259,Opp TimMac @ Kranji,Kranji Loop,SUNGEI KADUT,NORTH REGION,739.6,925;925A
50011,Opp Parish of Christ Ch,Kg Java Rd,KALLANG,CENTRAL REGION,266.8,56;57;166;851;980
50019,Parish of Christ Ch,Keng Lee Rd,KALLANG,CENTRAL REGION,309.6,56;57;166;851;980
50021,United Sq/Bef Novena Stn,Thomson Rd,NOVENA,CENTRAL REGION,314.2,56;57;131;141;166;851;980
50029,Opp United Sq,Thomson Rd,NOVENA,CENTRAL REGION,236.9,56;57;131;131A;141;166;851;980
50031,Opp Novena Ch,Thomson Rd,NOVENA,CENTRAL REGION,823.2,5;21;54;56;57;131;141;143;166;167;851;980
50037,Bef Novena Stn Exit B,Thomson Rd,NOVENA,CENTRAL REGION,763.2,5;54;143;167
50038,Novena Stn,Thomson Rd,NOVENA,CENTRAL REGION,656.2,21;56;57;131;131A;141;166;456;851;980
50041,Novena Lodge,Thomson Rd,NOVENA,CENTRAL REGION,592.8,5;21;54;56;57;131;141;143;166;167;851;980
50049,Opp Novena Lodge,Thomson Rd,NOVENA,CENTRAL REGION,608.4,5;21;54;56;57;131;131A;141;143;166;167;851;980
50051,Thomson Med Ctr,Thomson Rd,NOVENA,CENTRAL REGION,357.8,5;54;56;57;141;143;166;167;851;980
50059,Opp Thomson Med Ctr,Thomson Rd,NOVENA,CENTRAL REGION,438.0,5;21;54;56;57;131;131A;141;143;166;167;851;980
50061,Opp Hotel Royal,Newton Rd,NOVENA,CENTRAL REGION,510.3,5;54;124;143;167;680;681;682;683
50069,Hotel Royal,Newton Rd,NOVENA,CENTRAL REGION,496.9,5;54;124;143;167;518;518A;680;681;682;683
50071,Bef Carlisle Rd,Norfolk Rd,KALLANG,CENTRAL REGION,41.4,131;141
50079,Opp Carlisle Rd,Norfolk Rd,KALLANG,CENTRAL REGION,21.3,131;131A;141
50081,Pek Kio Mkt,Owen Rd,KALLANG,CENTRAL REGION,176.0,131;141
50089,Blk 51/Opp Pek Kio Mkt,Owen Rd,KALLANG,CENTRAL REGION,142.5,131;131A;141
50111,Revival Ctr Ch,Moulmein Rd,NOVENA,CENTRAL REGION,260.6,21;124;680;681;682;683
50119,St. Joseph Instn Jnr,Moulmein Rd,NOVENA,CENTRAL REGION,266.9,21;124;518;518A;680;681;682;683
50121,Natl Skin Ctr,Moulmein Rd,NOVENA,CENTRAL REGION,176.8,21;124
50129,Opp Natl Skin Ctr,Moulmein Rd,NOVENA,CENTRAL REGION,147.3,21;124;518;518A
50159,Bef Kim Keat Lane,Kim Keat Rd,NOVENA,CENTRAL REGION,468.3,21;124;125;131;131A;139;186;456
50161,Bef Jln Dusun,Balestier Rd,NOVENA,CENTRAL REGION,327.3,21;129;130;131;139;139A;145;186
50169,Aft Irrawaddy Rd,Balestier Rd,NOVENA,CENTRAL REGION,348.3,21;129;130;131;131A;139;145;186
50171,Zhongshan Mall,Balestier Rd,NOVENA,CENTRAL REGION,340.5,21;129;130;131;139;139A;145;186
50179,Opp Zhongshan Mall,Balestier Rd,NOVENA,CENTRAL REGION,366.1,21;130;131;131A;145;186
50189,Opp Public Mansion,Balestier Rd,NOVENA,CENTRAL REGION,407.2,21;130;131;131A;145;186
50191,Bef Balestier Plaza,Balestier Rd,NOVENA,CENTRAL REGION,405.1,21;130;131;145;186
50199,Opp Shaw Plaza,Balestier Rd,NOVENA,CENTRAL REGION,508.9,21;130;131;131A;145;186
50201,Shaw Plaza,Balestier Rd,NOVENA,CENTRAL REGION,507.0,21;130;131;145;186
50209,Aft Pegu Rd,Balestier Rd,NOVENA,CENTRAL REGION,526.9,21;130;131;131A;145;186
50211,Opp Balestier Pt,Balestier Rd,NOVENA,CENTRAL REGION,388.2,21;124;125;130;131;139;145;186
50221,Bef Blk 104,Balestier Rd,NOVENA,CENTRAL REGION,205.9,124;125;130;139;145
50229,Opp Blk 104,Balestier Rd,NOVENA,CENTRAL REGION,170.9,124;125;130;139;145;456
50231,NorthLight Sch,Balestier Rd,KALLANG,CENTRAL REGION,161.4,21;125;130;139;145
50239,S'pore Indian Assn,Balestier Rd,KALLANG,CENTRAL REGION,219.5,21;125;130;139;145
50241,Opp S'pore Khalsa Assn,Balestier Rd,KALLANG,CENTRAL REGION,443.3,125;130;140;145
50249,S'pore Khalsa Assn,Balestier Rd,KALLANG,CENTRAL REGION,431.4,21;125;130;139;145
50251,Farrer Pk Stn Exit A,Rangoon Rd,ROCHOR,CENTRAL REGION,11.1,131;141
50259,Opp Farrer Pk Stn,Rangoon Rd,KALLANG,CENTRAL REGION,6.4,141
50261,Kentish Lodge,Rangoon Rd,KALLANG,CENTRAL REGION,302.7,131;141
50279,Farrer Pk Stn Exit D,Gloucester Rd,KALLANG,CENTRAL REGION,66.7,141
50301,Kentish Green,Kent Rd,KALLANG,CENTRAL REGION,283.2,131;141
50321,Aft Gloucester Rd,Dorset Rd,KALLANG,CENTRAL REGION,309.3,131;131A
50331,Blk 122,Mcnair Rd,KALLANG,CENTRAL REGION,321.5,21;139
50339,Opp Blk 122,Mcnair Rd,KALLANG,CENTRAL REGION,335.9,140
50341,Opp Blk 108C,Towner Rd,KALLANG,CENTRAL REGION,412.3,140
50349,Blk 107,Towner Rd,KALLANG,CENTRAL REGION,445.3,21;139
50351,Farrer Pk Tennis Ctr,Dorset Rd,KALLANG,CENTRAL REGION,401.1,131;131A
50361,Opp Hong Wen Sch,Towner Rd,KALLANG,CENTRAL REGION,104.3,140
50991,Blk 82,Whampoa Dr,NOVENA,CENTRAL REGION,129.1,21;124;125;131;139;186;456
51011,Opp Tan Tong Meng Twr,Thomson Rd,NOVENA,CENTRAL REGION,111.9,5;54;56;57;129;130;139;141;143;145;166;167;851;980
51019,Thomson Flyover,Thomson Rd,TOA PAYOH,CENTRAL REGION,6.1,54;130;141;166;167;186;851;980
51021,Old Police Acad,Thomson Rd,NOVENA,CENTRAL REGION,13.5,54;130;132;141;156;166;167;851;980
51029,Opp Old Police Acad,Thomson Rd,TOA PAYOH,CENTRAL REGION,21.2,54;130;132;141;156;166;167;851;980
51031,S'pore Polo Club,Thomson Rd,NOVENA,CENTRAL REGION,12.1,54;130;132;141;156;166;167;851;980
51039,Opp S'pore Polo Club,Thomson Rd,TOA PAYOH,CENTRAL REGION,19.0,54;130;132;141;156;166;167;851;980
51049,SLF Cplx,Thomson Rd,TOA PAYOH,CENTRAL REGION,15.9,54;130;132;141;156;166;167;851;980
51051,Aft Andrew Rd,Thomson Rd,NOVENA,CENTRAL REGION,12.7,54;130;132;141;156;166;167;851;980
51059,Aft Toa Payoh Rise,Thomson Rd,TOA PAYOH,CENTRAL REGION,9.8,54;130;132;141;156;166;167;851;980
51069,Mt Alvernia Hosp,Thomson Rd,TOA PAYOH,CENTRAL REGION,34.3,130;132;156;166;167;980
51071,MacRitchie Resvr,Thomson Rd,CENTRAL WATER CATCHMENT,NORTH REGION,26.2,52;74;93;130;132;156;157;165;166;167;852;855;980
51079,Opp MacRitchie Resvr,Thomson Rd,CENTRAL WATER CATCHMENT,NORTH REGION,0.2,52;74;93;157;165;852;855
51081,Opp Marymount Convent Sch,Marymount Rd,TOA PAYOH,CENTRAL REGION,212.8,54;851
51089,Marymount Convent Sch,Marymount Rd,TOA PAYOH,CENTRAL REGION,213.8,54;851
51091,Opp Catholic JC,PIE,NOVENA,CENTRAL REGION,731.1,105;132;151;153;154;156;186;966;966A;985
51099,Catholic JC,Whitley Rd,NOVENA,CENTRAL REGION,731.0,105;132;151;153;154;156;186;966;985
51101,Bef Thomson Flyover,PIE,NOVENA,CENTRAL REGION,387.0,105;132;151;153;154;156;186;966;966A;985
51109,Bef Dyson Rd,Whitley Rd,NOVENA,CENTRAL REGION,217.9,132;156;186
51111,Opp Andrew Rd,Lornie Rd,CENTRAL WATER CATCHMENT,NORTH REGION,24.2,52;74;93;157;165;852;855
51119,Bef Andrew Rd,Lornie Rd,NOVENA,CENTRAL REGION,32.6,52;74;93;157;165;852;855
51131,Opp Braddell View,Braddell Rd,BISHAN,CENTRAL REGION,40.2,93;156;157;163
51139,Braddell View,Braddell Rd,TOA PAYOH,CENTRAL REGION,31.0,93;156;157;163
51199,Blk 131B,Toa Payoh Rise,TOA PAYOH,CENTRAL REGION,584.4,141;230;235
52009,Toa Payoh Int,Lor 6 Toa Payoh,TOA PAYOH,CENTRAL REGION,256.2,8;26;28;31;73;73T;88;90;90A;139;139A;141;142;142A;143;145;155;157;159;163;230M;231;232;235;238
52011,Opp Raffles Girls' Sch,Braddell Rd,BISHAN,CENTRAL REGION,28.3,93;156;157;163
52019,Raffles Girls' Sch,Braddell Rd,TOA PAYOH,CENTRAL REGION,19.7,93;156;157;163
52021,Opp Blk 1004,Braddell Rd,BISHAN,CENTRAL REGION,35.2,13;56;57;59;71;71A;88;93;157;163
52029,Blk 1004,Braddell Rd,TOA PAYOH,CENTRAL REGION,45.5,93;157;163
52031,Opp Blk 998,Braddell Rd,BISHAN,CENTRAL REGION,32.9,13;56;57;59;71;71A;88;93;157;163
52039,Aft Muhajirin Mque,Braddell Rd,TOA PAYOH,CENTRAL REGION,29.9,13;56;57;59;88;93;157;163
52049,Blk 19,Jln Tenteram,NOVENA,CENTRAL REGION,157.1,21;129;456
52051,Blk 147,Braddell Rd,BISHAN,CENTRAL REGION,19.2,13;28;71;71A;73;93;105;129;153;155;159
52059,Blk 219,Braddell Rd,TOA PAYOH,CENTRAL REGION,17.5,13;28;73;73T;93;105;129;153;155;159;238
52061,BCA Acad,Braddell Rd,BISHAN,CENTRAL REGION,21.6,13;28;73;93;105;129;153;155;159
52069,Opp BCA Acad,Braddell Rd,TOA PAYOH,CENTRAL REGION,19.9,13;28;73;73T;93;105;129;153;155;159
52071,Trellis Twrs,Jln Toa Payoh,TOA PAYOH,CENTRAL REGION,42.1,5;56;57;105;129;139;143;145;151;153;154;506;966;966A;985
52079,Opp Trellis Twrs,Jln Toa Payoh,NOVENA,CENTRAL REGION,31.7,5;56;57;105;129;139;139A;143;145;151;153;154;506;966;985
52081,Aft Blk 195,Jln Toa Payoh,TOA PAYOH,CENTRAL REGION,39.8,8;26;31;90;90A;142;142A;151;154;506;966;966A;985
52089,Opp Blk 195,Jln Toa Payoh,NOVENA,CENTRAL REGION,37.0,8;26;31;90;142;151;154;506;966;985
52099,Opp NKF,Kim Keat Rd,NOVENA,CENTRAL REGION,295.4,21;124;125;131;131A;139;186;456
52109,Bet Blks 33/34,Jln Bahagia,NOVENA,CENTRAL REGION,262.3,124;125;131;131A;139;139A;186
52119,Opp Blk 65,Jln Tenteram,NOVENA,CENTRAL REGION,177.0,21;129;456
52129,Blk 29,Jln Bahagia,NOVENA,CENTRAL REGION,46.1,21;124;125;129;131;131A;139;139A;186;456
52131,Blk 163,Lor 1 Toa Payoh,TOA PAYOH,CENTRAL REGION,289.6,59;141;231
52139,Oleander Twrs,Lor 1 Toa Payoh,TOA PAYOH,CENTRAL REGION,347.0,59;141;231
52141,Opp Blk 139A,Lor 1 Toa Payoh,TOA PAYOH,CENTRAL REGION,672.3,59;141;231
52149,Blk 139A,Lor 1 Toa Payoh,TOA PAYOH,CENTRAL REGION,702.5,59;141;231
52151,Blk 131,Lor 1 Toa Payoh,TOA PAYOH,CENTRAL REGION,631.6,59;141;230;231
52159,Blk 128,Lor 1 Toa Payoh,TOA PAYOH,CENTRAL REGION,654.4,59;141;230;231
52161,Braddell Stn/Blk 111,Lor 1 Toa Payoh,TOA PAYOH,CENTRAL REGION,333.2,59;231;235
52169,Blk 117,Lor 1 Toa Payoh,TOA PAYOH,CENTRAL REGION,423.6,59;231;235
52171,Braddell Stn/Blk 107,Lor 1 Toa Payoh,TOA PAYOH,CENTRAL REGION,338.4,59;129;231;232
52179,Braddell Stn/Blk 106,Lor 1 Toa Payoh,TOA PAYOH,CENTRAL REGION,366.2,59;129;231;232
52181,Opp Toa Payoh Stn,Lor 2 Toa Payoh,TOA PAYOH,CENTRAL REGION,366.2,56;105;129;153;230
52189,Toa Payoh Stn,Lor 2 Toa Payoh,TOA PAYOH,CENTRAL REGION,389.1,56;105;129;153;230;232
52191,Blk 138B,Lor 2 Toa Payoh,TOA PAYOH,CENTRAL REGION,742.9,129;230;232
52199,Blk 84B,Lor 2 Toa Payoh,TOA PAYOH,CENTRAL REGION,644.0,129;230;232
52201,Blk 121,Lor 2 Toa Payoh,TOA PAYOH,CENTRAL REGION,541.2,129;232;235
52209,Blk 101C CP,Lor 2 Toa Payoh,TOA PAYOH,CENTRAL REGION,528.7,129;232;235
52211,Lighthouse Sch,Toa Payoh Rise,TOA PAYOH,CENTRAL REGION,481.6,141;230;235
52219,Bef Caldecott Stn Exit 3,Toa Payoh Rise,TOA PAYOH,CENTRAL REGION,326.3,141;230;235
52221,Opp Jackson Sq,Lor 3 Toa Payoh,TOA PAYOH,CENTRAL REGION,664.2,235
52229,Jackson Sq,Lor 3 Toa Payoh,TOA PAYOH,CENTRAL REGION,683.7,235
52231,Blk 79C,Toa Payoh Ctrl,TOA PAYOH,CENTRAL REGION,510.5,56;105;153
52239,Blk 177,Toa Payoh Ctrl,TOA PAYOH,CENTRAL REGION,491.4,56;105;153;232
52241,Bef Caldecott Stn/SAVH,Toa Payoh Rise,TOA PAYOH,CENTRAL REGION,186.4,141
52249,Aft Caldecott Stn,Toa Payoh Rise,TOA PAYOH,CENTRAL REGION,114.1,141
52251,Chung Hwa Free Clinic,Lor 4 Toa Payoh,TOA PAYOH,CENTRAL REGION,387.2,28;73;155;159;232
52259,Opp Chung Hwa Free Clinic,Lor 4 Toa Payoh,TOA PAYOH,CENTRAL REGION,369.2,28;73;73T;155;159
52261,Opp Blk 73,Lor 4 Toa Payoh,TOA PAYOH,CENTRAL REGION,503.7,88;157;163
52269,Blk 73,Lor 4 Toa Payoh,TOA PAYOH,CENTRAL REGION,506.7,88;157;163;231
52271,Jackson Sq,Lor 4 Toa Payoh,TOA PAYOH,CENTRAL REGION,770.9,28;56;73;88;105;153;155;157;159;163
52279,Blk 56,Lor 4 Toa Payoh,TOA PAYOH,CENTRAL REGION,746.9,28;56;73;73T;88;105;153;155;157;159;163;231
52281,Blk 68,Lor 5 Toa Payoh,TOA PAYOH,CENTRAL REGION,563.5,231;235
52289,Blk 34,Lor 5 Toa Payoh,TOA PAYOH,CENTRAL REGION,621.7,235
52291,Blk 59,Lor 5 Toa Payoh,TOA PAYOH,CENTRAL REGION,716.0,231;235
52299,Blk 50,Lor 5 Toa Payoh,TOA PAYOH,CENTRAL REGION,700.6,235
52301,Blk 35,Toa Payoh East,TOA PAYOH,CENTRAL REGION,533.7,235
52309,Opp Blk 35,Toa Payoh East,TOA PAYOH,CENTRAL REGION,518.0,235
52311,Blk 23,Toa Payoh East,TOA PAYOH,CENTRAL REGION,543.2,230;230M;232;238
52319,Blk 25,Toa Payoh East,TOA PAYOH,CENTRAL REGION,522.0,230;230M;238
52321,Aft SAFRA Toa Payoh,Lor 6 Toa Payoh,TOA PAYOH,CENTRAL REGION,208.3,8;26;31;57;59;90;142;230;230M;235;238;506
52329,Aft Lor 4 Toa Payoh,Lor 6 Toa Payoh,TOA PAYOH,CENTRAL REGION,231.3,8;26;31;57;59;90;90A;142;142A;230;230M;235;238;506
52331,Blk 27,Lor 6 Toa Payoh,TOA PAYOH,CENTRAL REGION,372.5,57;230;230M;235;238
52339,Opp Blk 26,Lor 6 Toa Payoh,TOA PAYOH,CENTRAL REGION,418.3,57;230;230M;235;238
52341,Pei Chun Public Sch,Lor 6 Toa Payoh,TOA PAYOH,CENTRAL REGION,776.9,57;232
52349,United Medicare Ctr,Lor 6 Toa Payoh,TOA PAYOH,CENTRAL REGION,782.1,57
52351,Blk 2,Lor 6 Toa Payoh,TOA PAYOH,CENTRAL REGION,547.0,57;230;232
52359,Blk 52,Lor 6 Toa Payoh,TOA PAYOH,CENTRAL REGION,525.9,232
52361,Blk 1,Lor 6 Toa Payoh,TOA PAYOH,CENTRAL REGION,398.1,28;56;57;59;73;73T;88;105;129;153;155;157;159;163;230
52369,Blk 237,Lor 6 Toa Payoh,TOA PAYOH,CENTRAL REGION,372.4,28;56;57;59;73;88;105;129;153;155;157;159;163
52371,First Toa Payoh Pr Sch,Lor 8 Toa Payoh,TOA PAYOH,CENTRAL REGION,370.9,238
52381,Braddell Tech Bldg,Lor 8 Toa Payoh,TOA PAYOH,CENTRAL REGION,381.5,238
52389,Blk 227,Lor 8 Toa Payoh,TOA PAYOH,CENTRAL REGION,398.7,230;238
52391,Opp Blk 231,Lor 8 Toa Payoh,TOA PAYOH,CENTRAL REGION,635.5,238
52399,Blk 231,Lor 8 Toa Payoh,TOA PAYOH,CENTRAL REGION,711.4,230;238
52401,Blk 102,Jln Rajah,NOVENA,CENTRAL REGION,136.1,129;139;139A
52409,Opp Blk 102,Jln Rajah,NOVENA,CENTRAL REGION,165.3,129;139
52411,Blk 105,Jln Rajah,NOVENA,CENTRAL REGION,109.2,129;139;139A
52419,Opp Blk 105,Jln Rajah,NOVENA,CENTRAL REGION,137.7,129;139
52421,Blk 12,Lor 7 Toa Payoh,TOA PAYOH,CENTRAL REGION,731.1,230
52429,Blk 17A,Lor 7 Toa Payoh,TOA PAYOH,CENTRAL REGION,750.6,232
52431,Blk 5,Lor 7 Toa Payoh,TOA PAYOH,CENTRAL REGION,547.5,230
52439,Opp Blk 5,Lor 7 Toa Payoh,TOA PAYOH,CENTRAL REGION,554.5,232
52441,Blk 202,Lor 1 Toa Payoh,TOA PAYOH,CENTRAL REGION,329.4,59;129;231;232
52449,Bef Blk 105,Lor 1 Toa Payoh,TOA PAYOH,CENTRAL REGION,368.0,59;129;231;232
52451,Blk 114,Whampoa Rd,NOVENA,CENTRAL REGION,192.2,21;124;125;129;131;131A;139;139A;186;456
52479,Opp EAIM,Ah Hood Rd,NOVENA,CENTRAL REGION,241.7,129;139
52481,Toa Payoh Polyclinic,Lor 8 Toa Payoh,TOA PAYOH,CENTRAL REGION,583.9,238
52489,Opp Toa Payoh Polyclinic,Lor 8 Toa Payoh,TOA PAYOH,CENTRAL REGION,591.6,230;238
52499,St. Michael's Ter,Whampoa Rd,NOVENA,CENTRAL REGION,344.3,21;124;125;129;131;131A;186;456
52501,Bef Toa Payoh Pk,Lor 6 Toa Payoh,TOA PAYOH,CENTRAL REGION,145.4,8;26;28;31;57;59;73;73T;88;90;142;155;157;159;163;230;230M;235;238;506
52509,Aft HDB Hub,Lor 6 Toa Payoh,TOA PAYOH,CENTRAL REGION,174.3,8;26;28;31;57;59;73;88;90;90A;142;142A;155;157;159;163;230;230M;232;235;238;506
52529,Bef Blk 221,Lor 8 Toa Payoh,TOA PAYOH,CENTRAL REGION,218.2,238
52531,Opp Blk 210 Mkt/FC,Lor 8 Toa Payoh,TOA PAYOH,CENTRAL REGION,383.5,230
52539,Blk 210 Mkt/FC,Lor 8 Toa Payoh,TOA PAYOH,CENTRAL REGION,369.0,238
52551,Caldecott Stn Exit 4,Toa Payoh Lk,TOA PAYOH,CENTRAL REGION,294.4,235
52559,Caldecott Stn Exit 1,Toa Payoh Lk,TOA PAYOH,CENTRAL REGION,272.9,230;235
52561,Blk 269A,Kim Keat Ave,TOA PAYOH,CENTRAL REGION,328.9,230;230M
52569,Opp Blk 269A,Kim Keat Ave,TOA PAYOH,CENTRAL REGION,318.3,230
52571,Blk 268A,Toa Payoh East,TOA PAYOH,CENTRAL REGION,356.4,230;230M
52579,Blk 259,Toa Payoh East,TOA PAYOH,CENTRAL REGION,409.6,230
52581,Bef Caldecott Stn Exit 4,Toa Payoh Lk,TOA PAYOH,CENTRAL REGION,277.3,230
53009,Bishan Int,Bishan St 13,BISHAN,CENTRAL REGION,733.4,50;52;53;54;55;55B;56;57;58;59;410G;410W
53011,St. Theresa's Hme,Upp Thomson Rd,BISHAN,CENTRAL REGION,155.2,52;74;130;132;163;165;166;167;852;855;980
53019,Opp St. Theresa's Hme,Upp Thomson Rd,BISHAN,CENTRAL REGION,210.6,52;74;130;132;163;165;166;167;852;855;980
53021,Lakeview Est,Upp Thomson Rd,BISHAN,CENTRAL REGION,247.6,52;130;132;162;163;165;166;167;855;980
53029,Shunfu Est,Upp Thomson Rd,BISHAN,CENTRAL REGION,288.5,52;130;132;162;163;165;166;167;855;980
53039,Thomson CC,Upp Thomson Rd,BISHAN,CENTRAL REGION,310.8,52;130;132;162;163;165;166;167;855;980
53041,Bef Thomson Ridge,Upp Thomson Rd,BISHAN,CENTRAL REGION,357.6,52;132;162;163;165;166;167;410G;855;980
53049,Bef Jln Todak,Upp Thomson Rd,BISHAN,CENTRAL REGION,388.7,52;132;162;163;165;166;167;410W;855;980
53051,Upp Thomson Stn Exit 5,Upp Thomson Rd,BISHAN,CENTRAL REGION,288.0,52;132;162;163;165;166;167;410G;855;980
53059,Upp Thomson Stn Exit 2,Upp Thomson Rd,BISHAN,CENTRAL REGION,305.0,52;132;162;163;165;166;167;410W;855;980
53061,Bef Windsor Pk Rd,Upp Thomson Rd,BISHAN,CENTRAL REGION,388.6,52;132;162;163;165;166;167;410G;855;980
53069,Aft Windsor Pk Rd,Upp Thomson Rd,BISHAN,CENTRAL REGION,457.1,52;132;162;163;165;166;167;410W;855;980
53071,Opp Flame Tree Pk,Upp Thomson Rd,BISHAN,CENTRAL REGION,267.2,132;163;165;166;167;855;980
53079,Flame Tree Pk,Upp Thomson Rd,BISHAN,CENTRAL REGION,269.0,132;163;165;166;167;855;980
53081,Opp Faber Gdn,Upp Thomson Rd,BISHAN,CENTRAL REGION,75.6,132;163;165;166;167;855;980
53089,Faber Gdn,Upp Thomson Rd,BISHAN,CENTRAL REGION,70.9,132;163;165;166;167;855;980
53091,Bef Ang Mo Kio Ave 1,Upp Thomson Rd,BISHAN,CENTRAL REGION,22.5,132;163;165;166;167;855;980
53099,Aft Ang Mo Kio Ave 1,Upp Thomson Rd,BISHAN,CENTRAL REGION,20.5,132;163;165;166;167;855;980
53111,Bef Marymount Lane,Marymount Rd,BISHAN,CENTRAL REGION,168.9,54;851
53119,Aft Bishan St 21,Marymount Rd,BISHAN,CENTRAL REGION,273.6,54;851
53121,Marymount Stn,Marymount Rd,BISHAN,CENTRAL REGION,519.5,54;74;162;410G;851;852
53129,Opp Marymount Stn,Marymount Rd,BISHAN,CENTRAL REGION,498.5,54;410W;851
53131,Aft Jadescape,Marymount Rd,BISHAN,CENTRAL REGION,820.0,54;74;851;852
53139,Marymount View,Marymount Rd,BISHAN,CENTRAL REGION,833.6,54;74;851;852
53141,Opp Whitley Sec Sch,Marymount Rd,BISHAN,CENTRAL REGION,972.9,54;74;851;852
53149,Whitley Sec Sch,Marymount Rd,BISHAN,CENTRAL REGION,990.1,54;74;851;852
53151,Opp Blk 263A CP,Marymount Rd,BISHAN,CENTRAL REGION,719.5,54;74;851;852
53159,Blk 260,Marymount Rd,BISHAN,CENTRAL REGION,802.0,54;74;851;852
53161,Marymount CC,Marymount Rd,BISHAN,CENTRAL REGION,240.0,13;74;88;130;851;852
53169,Blk 254,Marymount Rd,BISHAN,CENTRAL REGION,269.1,13;13A;74;88;851;852
53171,Blk 23,Sin Ming Rd,BISHAN,CENTRAL REGION,629.4,130;162
53179,Sin Ming Plaza,Sin Ming Rd,BISHAN,CENTRAL REGION,445.9,130;162;410G
53181,Amtech Bldg,Sin Ming Rd,BISHAN,CENTRAL REGION,847.7,130;162
53189,Blk 25,Sin Ming Rd,BISHAN,CENTRAL REGION,685.1,130;162
53191,Blk 7 Ind Est,Sin Ming Rd,BISHAN,CENTRAL REGION,726.0,130;162
53199,Blk 22A CP,Sin Ming Rd,BISHAN,CENTRAL REGION,817.8,130
53201,Opp NEA Reg Off,Sin Ming Dr,BISHAN,CENTRAL REGION,443.8,130
53209,Aft NEA Reg Off,Sin Ming Dr,BISHAN,CENTRAL REGION,472.7,130
53211,Opp Raffles Instn,Bishan Rd,BISHAN,CENTRAL REGION,339.7,13;56;57;59;71;71A;88;156
53219,Raffles Instn,Bishan Rd,BISHAN,CENTRAL REGION,229.0,13;56;57;59;88;156
53221,Blk 115,Bishan St 11,BISHAN,CENTRAL REGION,467.5,50;52;54;55;55B;56;57;58;59;71;71A;410G
53229,Blk 501,Bishan St 11,BISHAN,CENTRAL REGION,478.1,50;52;54;55;56;57;58;59
53231,Bishan Stn,Bishan Rd,BISHAN,CENTRAL REGION,769.3,13;13A;50;52;54;55;58;71;71A;88;156
53239,Opp Bishan Stn,Bishan Rd,BISHAN,CENTRAL REGION,778.9,13;50;52;54;55;55B;58;71;71A;88;156
53241,Opp Blk 217,Bishan Rd,BISHAN,CENTRAL REGION,508.9,50;53;55;58;71;71A;156;162
53249,Blk 210,Bishan Rd,BISHAN,CENTRAL REGION,629.9,50;53;55;55B;58;71;156;162
53251,Blk 125,Bishan St 11,BISHAN,CENTRAL REGION,361.1,54;56;71;71A
53259,Opp Blk 125,Bishan St 11,BISHAN,CENTRAL REGION,397.2,54;56
53261,Opp Bishan Stadium,Bishan St 14,BISHAN,CENTRAL REGION,542.7,53;410W
53269,Bishan Stadium,Bishan St 14,BISHAN,CENTRAL REGION,557.3,53;410G
53271,Opp Kuo Chuan Presby Sch,Bishan St 13,BISHAN,CENTRAL REGION,461.1,54;56;410W
53279,Kuo Chuan Presby Sch,Bishan St 13,BISHAN,CENTRAL REGION,448.3,54;56;410G
53281,Blk 169,Bishan St 13,BISHAN,CENTRAL REGION,382.6,54;56;410W
53289,Zion Bible Presby Ch,Bishan St 13,BISHAN,CENTRAL REGION,444.4,54;56;410G
53291,Shunfu Mart,Shunfu Rd,BISHAN,CENTRAL REGION,475.2,162;410G
53299,Bef Jadescape,Shunfu Rd,BISHAN,CENTRAL REGION,516.7,162;410W
53301,Raffles Instn,Bishan St 21,BISHAN,CENTRAL REGION,516.9,410G
53309,Opp Raffles Instn,Bishan St 21,BISHAN,CENTRAL REGION,503.3,410W
53311,Opp Bosch,Bishan St 21,BISHAN,CENTRAL REGION,196.4,410G
53319,Bosch,Bishan St 21,BISHAN,CENTRAL REGION,239.0,410W
53321,Opp Eunoia JC,Sin Ming Ave,BISHAN,CENTRAL REGION,362.5,52;130;162;410W
53329,Eunoia JC,Sin Ming Ave,BISHAN,CENTRAL REGION,346.5,52;130;162;410G
53331,Bef Bright Hill Tp,Sin Ming Ave,BISHAN,CENTRAL REGION,336.6,52;162;410W
53339,Opp Bright Hill Tp,Sin Ming Ave,BISHAN,CENTRAL REGION,317.6,52;162;410G
53341,Bright Hill Stn Exit 2,Sin Ming Ave,BISHAN,CENTRAL REGION,376.9,52;162;410W
53349,Bright Hill Stn Exit 1,Sin Ming Ave,BISHAN,CENTRAL REGION,363.0,52;162;410G
53351,Ai Tong Sch,Sin Ming Ave,BISHAN,CENTRAL REGION,595.8,52;162;410W
53359,Opp Ai Tong Sch,Sin Ming Ave,BISHAN,CENTRAL REGION,563.6,52;162;410G
53361,Blk 454,Sin Ming Ave,BISHAN,CENTRAL REGION,520.3,52;162;410W
53369,Opp Blk 454,Sin Ming Ave,BISHAN,CENTRAL REGION,492.7,52;162;410G
53371,Blk 257,Bishan St 22,BISHAN,CENTRAL REGION,477.6,13;52;54;88;162;410W
53379,Blk 245,Bishan St 22,BISHAN,CENTRAL REGION,450.3,13;13A;52;54;88;162;410G
53381,Bishan Nth Shop Mall,Bishan St 22,BISHAN,CENTRAL REGION,649.0,13;52;54;88;162;410W
53389,Opp Bishan Nth Shop Mall,Bishan St 22,BISHAN,CENTRAL REGION,670.4,13;13A;52;54;88;162;410G
53391,Opp Blk 203,Bishan St 22,BISHAN,CENTRAL REGION,881.7,13;52;54;88;162;410W
53399,Blk 202,Bishan St 22,BISHAN,CENTRAL REGION,861.6,13;13A;52;54;88;162;410G
53401,Guangyang Sec Sch,Bishan St 12,BISHAN,CENTRAL REGION,187.2,410G
53409,Blk 131,Bishan St 12,BISHAN,CENTRAL REGION,191.1,410W
53419,Opp Guangyang Pr Sch,Bishan St 12,BISHAN,CENTRAL REGION,285.5,410W
53421,Blk 151A Mkt,Bishan St 11,BISHAN,CENTRAL REGION,270.0,71;71A
53439,Blk 228,Bishan St 23,BISHAN,CENTRAL REGION,591.6,410G
53509,LTA Sin Ming Office,Sin Ming Dr,BISHAN,CENTRAL REGION,860.7,162
53519,Sin Ming Autocity,Sin Ming Dr,BISHAN,CENTRAL REGION,600.3,162
54009,Ang Mo Kio Int,Ang Mo Kio Ave 8,ANG MO KIO,NORTH-EAST REGION,679.3,22;24;25;73;73T;86;130;133;135;136;138;138M;166;169;261;262;265;269;269A
54011,Blk 207,Ang Mo Kio Ave 6,ANG MO KIO,NORTH-EAST REGION,157.2,13;74;88;130;133;136;851;851e;852
54019,Blk 307A,Ang Mo Kio Ave 6,ANG MO KIO,NORTH-EAST REGION,262.1,13;13A;74;88;130;133;136;851;851e;852
54031,Opp Al-Muttaqin Mque,Ang Mo Kio Ave 6,ANG MO KIO,NORTH-EAST REGION,660.2,13;86;138;162;851;851e;852;853;853M
54039,Bef Al-Muttaqin Mque,Ang Mo Kio Ave 6,ANG MO KIO,NORTH-EAST REGION,755.3,13;86;138;138M;162;851;851e;852;853;853M
54041,Opp Courts Ang Mo Kio,Ang Mo Kio Ave 6,ANG MO KIO,NORTH-EAST REGION,1055.3,13;86;138;162;851;851e;852;853;853M
54049,Courts Ang Mo Kio,Ang Mo Kio Ave 6,ANG MO KIO,NORTH-EAST REGION,986.4,13;86;138;138M;162;851;851e;852;853;853M
54051,Bef Ang Mo Kio Ave 5,Ang Mo Kio Ave 6,ANG MO KIO,NORTH-EAST REGION,1375.0,13;86;138;162;851;851e;852;853;853M
54059,Bef Ang Mo Kio Lib,Ang Mo Kio Ave 6,ANG MO KIO,NORTH-EAST REGION,1344.8,13;86;138;138M;162;851;851e;852;853;853M
54061,Blk 244,Ang Mo Kio Ave 1,ANG MO KIO,NORTH-EAST REGION,19.2,132;165;166;169;262
54069,Opp Blk 244,Ang Mo Kio Ave 1,BISHAN,CENTRAL REGION,19.0,132;165;166;169
54071,Blk 310C,Ang Mo Kio Ave 1,ANG MO KIO,NORTH-EAST REGION,18.4,71;71A;133;136;262
54079,Opp Blk 315,Ang Mo Kio Ave 1,BISHAN,CENTRAL REGION,18.6,71;133;136;262
54081,Teck Ghee Ct,Ang Mo Kio Ave 1,ANG MO KIO,NORTH-EAST REGION,12.1,71;71A;133;136;262
54089,Opp Ang Mo Kio Swim Cplx,Ang Mo Kio Ave 1,BISHAN,CENTRAL REGION,19.0,71;133;136;262
54091,Blk 331,Ang Mo Kio Ave 1,ANG MO KIO,NORTH-EAST REGION,19.2,71;71A;133;136;262
54099,Opp Blk 333,Ang Mo Kio Ave 1,BISHAN,CENTRAL REGION,15.1,71;133;136;262
54101,Aft Ang Mo Kio Ave 10,Ang Mo Kio Ave 1,ANG MO KIO,NORTH-EAST REGION,18.0,22;24;45;53;58;133;135;136;156;159;853;853M
54109,Bef Ang Mo Kio Ave 10,Ang Mo Kio Ave 1,BISHAN,CENTRAL REGION,26.2,22;24;53;58;133;135;136;156;159;853;853M
54161,Opp Blk 255,Ang Mo Kio St 11,ANG MO KIO,NORTH-EAST REGION,446.3,265
54169,Blk 255,Ang Mo Kio St 11,ANG MO KIO,NORTH-EAST REGION,425.3,262;265
54181,Mayflower Stn Exit 6,Ang Mo Kio Ave 4,ANG MO KIO,NORTH-EAST REGION,451.4,71;76;262;265;268;268C;269;269A;652
54189,Mayflower Stn Exit 5,Ang Mo Kio Ave 4,ANG MO KIO,NORTH-EAST REGION,454.1,71;71A;76;265;268;268A;268B;269;652
54191,Mayflower Stn Exit 2,Ang Mo Kio Ave 4,ANG MO KIO,NORTH-EAST REGION,903.2,71;76;268;268C;269;269A;652
54199,Bef Mayflower Stn Exit 3,Ang Mo Kio Ave 4,ANG MO KIO,NORTH-EAST REGION,889.1,71;76;268;268A;268B;269;652
54201,Opp Blk 155,Ang Mo Kio Ave 4,ANG MO KIO,NORTH-EAST REGION,1122.9,71;76;268;268C;269;269A;652
54209,Bet Blks 152/155,Ang Mo Kio Ave 4,ANG MO KIO,NORTH-EAST REGION,1175.4,71;76;268;268A;268B;269;652
54211,Mayflower Sec Sch,Ang Mo Kio Ave 3,ANG MO KIO,NORTH-EAST REGION,242.6,71;132;165;166;169;262
54219,Opp Mayflower Sec Sch,Ang Mo Kio Ave 3,ANG MO KIO,NORTH-EAST REGION,279.4,71;71A;132;165;166;169
54221,Opp Ang Mo Kio Pr Sch,Ang Mo Kio Ave 3,ANG MO KIO,NORTH-EAST REGION,503.3,76;132;165;166;169;265;268;268A;268B;269;652
54229,Ang Mo Kio Pr Sch,Ang Mo Kio Ave 3,ANG MO KIO,NORTH-EAST REGION,479.3,76;132;165;166;169;265;268;268C;269;269A;652
54231,Blk 129,Ang Mo Kio Ave 3,ANG MO KIO,NORTH-EAST REGION,563.4,76;132;165;166;169;265;268;268A;268B;269;652
54239,Blk 209,Ang Mo Kio Ave 3,ANG MO KIO,NORTH-EAST REGION,546.7,76;132;165;166;169;265;268;268C;269;269A;652
54241,Blk 700B,Ang Mo Kio Ave 3,ANG MO KIO,NORTH-EAST REGION,563.5,74;76;86;88;130;132;133;136;138;138M;162;165;166;169;265;268;268A;268B;269;853;853M
54247,Blk 322,Ang Mo Kio Ave 3,ANG MO KIO,NORTH-EAST REGION,538.7,86;138;162;169;853;853M
54248,Blk 324,Ang Mo Kio Ave 3,ANG MO KIO,NORTH-EAST REGION,528.5,74;76;88;130;132;133;136;165;166;265;268;268C;269;269A
54251,Aft Grandeur 8,Ang Mo Kio Ave 5,ANG MO KIO,NORTH-EAST REGION,1356.4,45;668
54259,Opp Grandeur 8,Ang Mo Kio Ave 5,ANG MO KIO,NORTH-EAST REGION,1340.8,45;668
54261,Aft Ang Mo Kio Stn Exit A,Ang Mo Kio Ave 3,ANG MO KIO,NORTH-EAST REGION,741.1,25;73;73T;74;76;88;88B;132;165;261;268;268A;268B
54269,Opp Ang Mo Kio Stn,Ang Mo Kio Ave 3,ANG MO KIO,NORTH-EAST REGION,732.8,25;73;74;76;88;88A;132;165;261;268;268C
54271,Blk 586,Ang Mo Kio Ave 3,ANG MO KIO,NORTH-EAST REGION,760.1,25;73;73T;74;76;88;88B;132;165;261;268;268A;652
54279,Blk 427,Ang Mo Kio Ave 3,ANG MO KIO,NORTH-EAST REGION,723.4,25;73;74;76;88;88A;132;165;261;268;652
54281,Blk 570,Ang Mo Kio Ave 3,ANG MO KIO,NORTH-EAST REGION,609.3,25;73;73T;74;76;88;88B;132;165;261;268;268A;652
54289,Blk 452,Ang Mo Kio Ave 3,ANG MO KIO,NORTH-EAST REGION,547.7,25;73;74;76;88;88A;132;165;261;268;652
54291,Blk 564,Ang Mo Kio Ave 3,ANG MO KIO,NORTH-EAST REGION,263.2,25;55;73;73T;74;76;132;165;268;268A;668
54299,Opp Blk 565,Ang Mo Kio Ave 3,ANG MO KIO,NORTH-EAST REGION,288.1,25;55;73;74;76;132;165;268;668
54301,Blk 5022,Ang Mo Kio Ave 3,SERANGOON,NORTH-EAST REGION,223.8,25;55;73;73T;74;76;132;165;268;268A
54309,Opp Blk 5022,Ang Mo Kio Ave 3,SERANGOON,NORTH-EAST REGION,243.7,25;55;73;74;76;132;165;268
54311,Blk 332,Ang Mo Kio Ave 8,ANG MO KIO,NORTH-EAST REGION,112.0,22;24;50;135;159;162;262;853;853M
54319,Opp Christ The King Ch,Ang Mo Kio Ave 8,ANG MO KIO,NORTH-EAST REGION,199.6,22;24;50;135;159;162;262;853;853M
54321,Blk 354,Ang Mo Kio Ave 8,ANG MO KIO,NORTH-EAST REGION,320.3,22;24;50;135;159;162;262;853;853M
54329,Blk 420,Ang Mo Kio Ave 8,ANG MO KIO,NORTH-EAST REGION,372.0,22;24;50;135;159;162;262;853;853M
54331,Blk 346,Ang Mo Kio Ave 8,ANG MO KIO,NORTH-EAST REGION,504.9,22;24;50;135;159;162;262;853;853M
54339,Blk 422,Ang Mo Kio Ave 8,ANG MO KIO,NORTH-EAST REGION,570.0,22;24;50;135;159;162;262;853;853M
54341,Opp Blk 504,Ang Mo Kio Ave 8,ANG MO KIO,NORTH-EAST REGION,1194.7,50;159;159B;265
54349,Blk 504,Ang Mo Kio Ave 8,ANG MO KIO,NORTH-EAST REGION,1178.2,50;50A;159;159A;265
54351,Nanyang Poly,Ang Mo Kio Ave 5,ANG MO KIO,NORTH-EAST REGION,935.4,45;50;72;72A;72B;159;159B
54359,Blk 502,Ang Mo Kio Ave 5,ANG MO KIO,NORTH-EAST REGION,945.5,45;50;50A;72;159;159A;265;668
54369,Opp Blk 4025,Ang Mo Kio Ind Pk 1,ANG MO KIO,NORTH-EAST REGION,180.1,261
54371,Blk 409 Mkt/FC,Ang Mo Kio Ave 10,ANG MO KIO,NORTH-EAST REGION,336.8,45;55;55B;261;652
54379,Blk 475,Ang Mo Kio Ave 10,ANG MO KIO,NORTH-EAST REGION,327.9,45;55;261;652
54381,Blk 443,Ang Mo Kio Ave 10,ANG MO KIO,NORTH-EAST REGION,420.0,45;55;55B;261;652
54389,Blk 465,Ang Mo Kio Ave 10,ANG MO KIO,NORTH-EAST REGION,390.0,45;55;261;652
54391,Aft Ang Mo Kio Int,Ang Mo Kio Ave 8,ANG MO KIO,NORTH-EAST REGION,870.5,50;159;159B;265
54399,Bef Ang Mo Kio Stn Exit B,Ang Mo Kio Ave 8,ANG MO KIO,NORTH-EAST REGION,861.7,50;50A;159;159A;265
54401,Blk 522,Ang Mo Kio St 52,ANG MO KIO,NORTH-EAST REGION,843.8,265;668
54409,Jing Shan Pr Sch,Ang Mo Kio St 52,ANG MO KIO,NORTH-EAST REGION,798.4,265;668
54411,Blk 527,Ang Mo Kio St 52,ANG MO KIO,NORTH-EAST REGION,591.5,265;668
54419,Opp Blk 527,Ang Mo Kio St 52,ANG MO KIO,NORTH-EAST REGION,533.0,265;668
54429,Blk 561,Ang Mo Kio St 54,ANG MO KIO,NORTH-EAST REGION,272.4,265
54439,Blk 549,Ang Mo Kio St 54,ANG MO KIO,NORTH-EAST REGION,250.0,265
54441,Blk 507,Ang Mo Kio St 53,ANG MO KIO,NORTH-EAST REGION,903.8,265;668
54449,Opp Blk 507,Ang Mo Kio St 53,ANG MO KIO,NORTH-EAST REGION,879.1,265;668
54451,Blk 643,Ang Mo Kio Ave 5,ANG MO KIO,NORTH-EAST REGION,1304.0,138;269;269A;668;860
54459,Blk 151,Ang Mo Kio Ave 5,ANG MO KIO,NORTH-EAST REGION,1294.8,138;668;860;860T
54461,Blk 649,Ang Mo Kio Ave 5,ANG MO KIO,NORTH-EAST REGION,1434.6,138;269;269A;668;860
54469,Opp Blk 649,Ang Mo Kio Ave 5,ANG MO KIO,NORTH-EAST REGION,1409.1,138;668;860;860T
54471,Opp Blk 538,Ang Mo Kio Ave 5,ANG MO KIO,NORTH-EAST REGION,582.5,45;50;72;72A;72B;159;159B
54479,Blk 538,Ang Mo Kio Ave 5,ANG MO KIO,NORTH-EAST REGION,600.0,45;50;50A;72;159;159A
54481,ITE Coll Ctrl,Ang Mo Kio Ave 5,ANG MO KIO,NORTH-EAST REGION,315.3,50;72;72A;72B;88;88B;159;159B
54489,Opp ITE Coll Ctrl,Ang Mo Kio Ave 5,ANG MO KIO,NORTH-EAST REGION,360.9,50;50A;72;88;88A;159;159A
54491,Aft CTE,Ang Mo Kio Ave 5,SERANGOON,NORTH-EAST REGION,183.3,50;72;72A;88;88B;159
54499,Bef CTE,Ang Mo Kio Ave 5,SERANGOON,NORTH-EAST REGION,229.1,50;50A;72;88;88A;159;159A
54501,Opp AMK Ind Pk 2,Ang Mo Kio Ave 5,SERANGOON,NORTH-EAST REGION,477.3,50;72;72A;88;88B;159
54509,Aft Blk 5000,Ang Mo Kio Ave 5,SERANGOON,NORTH-EAST REGION,461.8,50;50A;72;88;88A;159;159A;268
54511,Blk 5032,Ang Mo Kio Ind Pk 2,SERANGOON,NORTH-EAST REGION,334.6,268;268A
54519,Extra Space,Ang Mo Kio Ind Pk 2,SERANGOON,NORTH-EAST REGION,459.7,268
54521,Blk 5046,Ang Mo Kio Ind Pk 2,SERANGOON,NORTH-EAST REGION,344.6,268;268A
54529,Opp Blk 5043,Ang Mo Kio Ind Pk 2,SERANGOON,NORTH-EAST REGION,356.8,268
54531,Opp Bishan Pk,Bishan Rd,BISHAN,CENTRAL REGION,231.2,50;53;55;58;71;71A;156;162
54539,Bishan Pk,Bishan Rd,BISHAN,CENTRAL REGION,236.8,50;53;55;55B;58;71;156;162
54571,Blk 532,Ang Mo Kio Ave 10,ANG MO KIO,NORTH-EAST REGION,453.4,45;88;88B
54579,Blk 540,Ang Mo Kio Ave 10,ANG MO KIO,NORTH-EAST REGION,446.6,45;88;88A
54581,Blk 574,Ang Mo Kio Ave 10,ANG MO KIO,NORTH-EAST REGION,396.1,45;88;88B;668
54589,Blk 555,Ang Mo Kio Ave 10,ANG MO KIO,NORTH-EAST REGION,359.6,45;88;88A;265;668
54591,Opp Blk 5060,Ang Mo Kio Ind Pk 2,SERANGOON,NORTH-EAST REGION,309.8,268
54599,Blk 5056,Ang Mo Kio Ind Pk 2,SERANGOON,NORTH-EAST REGION,297.3,268;268A
54601,Townsville Pr Sch,Ang Mo Kio Ave 10,ANG MO KIO,NORTH-EAST REGION,171.6,45;55;55B;652
54609,Opp Townsville Pr Sch,Ang Mo Kio Ave 10,ANG MO KIO,NORTH-EAST REGION,184.8,45;55;261;652
54611,Blk 220,Ang Mo Kio Ave 1,ANG MO KIO,NORTH-EAST REGION,12.9,71;71A;262
54619,Opp Blk 220,Ang Mo Kio Ave 1,BISHAN,CENTRAL REGION,13.1,71;262
54621,Blk 223,Ang Mo Kio Ave 1,ANG MO KIO,NORTH-EAST REGION,13.8,71;71A;262
54629,Opp Blk 223,Ang Mo Kio Ave 1,BISHAN,CENTRAL REGION,13.7,71;262
54631,Bef Ang Mo Kio Ind Pk 2A,Ang Mo Kio Ind Pk 2,SERANGOON,NORTH-EAST REGION,919.2,268;268A
54641,Sing Ind Cplx,Ang Mo Kio Ind Pk 2,SERANGOON,NORTH-EAST REGION,623.2,268;268A
54651,Opp Techplace 2,Ang Mo Kio Ave 5,SERANGOON,NORTH-EAST REGION,802.8,50;72;72A;88;88B;159
54659,Techplace 2,Ang Mo Kio Ave 5,SERANGOON,NORTH-EAST REGION,946.1,50;50A;72;88;88A;159;159A;268;268A
55011,Bef Lentor Stn Exit 5,Yio Chu Kang Rd,ANG MO KIO,NORTH-EAST REGION,987.5,163;265;855
55019,Aft Lentor Stn Exit 4,Yio Chu Kang Rd,ANG MO KIO,NORTH-EAST REGION,1019.9,163;163B;265;269;855
55021,Opp Seasons Pk,Yio Chu Kang Rd,ANG MO KIO,NORTH-EAST REGION,1060.7,71;163;668;825;855
55029,Seasons Pk,Yio Chu Kang Rd,ANG MO KIO,NORTH-EAST REGION,1079.4,71;163;163B;668;825;855
55031,Opp NCS Hub,Yio Chu Kang Rd,ANG MO KIO,NORTH-EAST REGION,783.2,86;86B;114;163;854;857;857A;857B
55039,NCS Hub,Yio Chu Kang Rd,ANG MO KIO,NORTH-EAST REGION,818.2,86;86A;114;163;163B;854;857
55041,Aft AMK St 64/Apple SG,Yio Chu Kang Rd,ANG MO KIO,NORTH-EAST REGION,599.4,70;70A;70M;86;86B;114;163;854;857;857A;857B
55049,Bef AMK St 64/Apple SG,Yio Chu Kang Rd,ANG MO KIO,NORTH-EAST REGION,612.0,70;70M;86;86A;114;163;163B;854;857
55051,Opp ST Engineering,Yio Chu Kang Rd,ANG MO KIO,NORTH-EAST REGION,457.3,70;70A;70M;86;86B;114;163;854;857;857A;857B
55059,ST Engineering,Yio Chu Kang Rd,ANG MO KIO,NORTH-EAST REGION,492.1,70;70M;86;86A;114;163;163B;854;857
55071,Bef ECON Medicare Ctr,Yio Chu Kang Rd,ANG MO KIO,NORTH-EAST REGION,490.8,70;70A;70M;86;86B;114;163;854;857;857A;857B
55079,Aft ECON Medicare Ctr,Yio Chu Kang Rd,ANG MO KIO,NORTH-EAST REGION,524.9,70;70M;86;86A;114;163;163B;854;857
55081,Opp Sunrise Gdns,Yio Chu Kang Rd,ANG MO KIO,NORTH-EAST REGION,235.5,70;70A;70M;86;86B;114;163;854;857;857A;857B
55089,Aft Sunrise Gdns,Yio Chu Kang Rd,ANG MO KIO,NORTH-EAST REGION,200.4,70;70M;86;86A;114;163;163B;854;857
55101,Opp Serenity Pk,Yio Chu Kang Rd,SENGKANG,NORTH-EAST REGION,20.6,70;70A;70B;70M;86;86B;114;163;679;854
55109,Serenity Pk,Yio Chu Kang Rd,SERANGOON,NORTH-EAST REGION,19.6,70;70M;86;86A;114;163;163B;679;854
55111,Blk 180,Ang Mo Kio Ave 5,ANG MO KIO,NORTH-EAST REGION,1107.6,138;652;860;860T
55119,Blk 617,Ang Mo Kio Ave 5,ANG MO KIO,NORTH-EAST REGION,1114.7,138;269;652;860
55121,Opp Blk 604,Ang Mo Kio Ave 5,ANG MO KIO,NORTH-EAST REGION,841.3,138;265;652;860;860T
55129,Blk 604,Ang Mo Kio Ave 5,ANG MO KIO,NORTH-EAST REGION,876.5,138;265;269;652;860
55131,Blk 612,Ang Mo Kio Ave 4,ANG MO KIO,NORTH-EAST REGION,1339.8,71;76;268;268C;668
55139,Blk 641,Ang Mo Kio Ave 4,ANG MO KIO,NORTH-EAST REGION,1373.1,71;76;268;268A;268B;668
55141,Opp Blk 622,Ang Mo Kio Ave 4,ANG MO KIO,NORTH-EAST REGION,1306.3,71;76;268;268C;668
55149,Blk 622,Ang Mo Kio Ave 4,ANG MO KIO,NORTH-EAST REGION,1331.8,71;76;268;268A;268B;668
55151,Ang Mo Kio Community Hosp,Ang Mo Kio Ave 9,ANG MO KIO,NORTH-EAST REGION,1354.5,76;265;268;268C
55159,Opp Ang Mo Kio Cmty Hosp,Ang Mo Kio Ave 9,ANG MO KIO,NORTH-EAST REGION,1366.6,76;265;268;268A;268B
55169,Opp Yio Chu Kang CC,Ang Mo Kio St 61,ANG MO KIO,NORTH-EAST REGION,1513.1,269;269A
55171,Castle Green,Ang Mo Kio Ave 6,ANG MO KIO,NORTH-EAST REGION,1167.3,71;86;86B;114;668;825;851;852;853;853M
55179,Opp Castle Green,Ang Mo Kio Ave 6,ANG MO KIO,NORTH-EAST REGION,1150.5,71;86;86A;114;668;825;851;852;853;853M
55181,Opp Yio Chu Kang Stn,Ang Mo Kio Ave 6,ANG MO KIO,NORTH-EAST REGION,1606.6,45;86;86B;668;851;851e;852;853;853M
55189,Yio Chu Kang Stn,Ang Mo Kio Ave 6,ANG MO KIO,NORTH-EAST REGION,1505.2,45;70;70M;71;76;86;86A;114;668;825;851;851e;852;853;853M
55199,Blk 645,Ang Mo Kio St 61,ANG MO KIO,NORTH-EAST REGION,1621.2,269;269A
55201,Aft Blk 648,Ang Mo Kio Ave 6,ANG MO KIO,NORTH-EAST REGION,1546.2,13;45;86;162;269;269A;668;851;851e;852;853;853M;860
55209,Opp Blk 646,Ang Mo Kio Ave 6,ANG MO KIO,NORTH-EAST REGION,1512.0,13;45;86;162;668;851;851e;852;853;853M;860;860T
55211,Aft Ang Mo Kio Fire Stn,Ang Mo Kio St 62,ANG MO KIO,NORTH-EAST REGION,1157.1,268
55219,Bef Ang Mo Kio Ave 9,Ang Mo Kio St 62,ANG MO KIO,NORTH-EAST REGION,1224.7,268;268A
55221,Aft Ang Mo Kio St 62,Ang Mo Kio St 64,ANG MO KIO,NORTH-EAST REGION,981.6,70;70M;268
55229,Bef Ang Mo Kio St 62,Ang Mo Kio St 64,ANG MO KIO,NORTH-EAST REGION,901.6,70;70A;70M;268;268A
55231,Liuxun Sanhemiao Tp,Ang Mo Kio St 63,ANG MO KIO,NORTH-EAST REGION,1112.6,45;70;70M;265;268
55239,Bef AMK St 64,Ang Mo Kio St 63,ANG MO KIO,NORTH-EAST REGION,1062.1,70;70A;70M;268;268A
55241,Aft Yio Chu Kang Rd,Lentor Ave,ANG MO KIO,NORTH-EAST REGION,689.8,851;852;853;853M;854;855;857
55249,Bef Yio Chu Kang Rd,Lentor Ave,ANG MO KIO,NORTH-EAST REGION,700.5,851;852;853;853M;854;857;857A;857B
55251,Countryside Est,Lentor Ave,ANG MO KIO,NORTH-EAST REGION,500.2,851;852;853;853M;854;855;857
55259,Opp Countryside Est,Lentor Ave,ANG MO KIO,NORTH-EAST REGION,440.2,851;852;853;853M;854;855;857;857A;857B
55261,Bullion Pk Condo,Lentor Ave,ANG MO KIO,NORTH-EAST REGION,328.5,851;852;853;853M;854;855;857
55269,Opp Bullion Pk Condo,Lentor Ave,ANG MO KIO,NORTH-EAST REGION,239.9,851;852;853;853M;854;855;857;857A;857B
55281,Aft SLE,Lentor Ave,YISHUN,NORTH REGION,551.1,39;85;858;965;969;969A
55289,LP 94,Lentor Ave,YISHUN,NORTH REGION,578.9,39;85;85A;858;965;969
55301,AMK Police Div HQ,Ang Mo Kio Ave 9,ANG MO KIO,NORTH-EAST REGION,1368.2,45;70;70A;70M;265;268;268C
55309,Opp AMK Police Div HQ,Ang Mo Kio Ave 9,ANG MO KIO,NORTH-EAST REGION,1388.1,45;70;70M;265;268;268A;268B
55311,Opp Yio Chu Kang Stadium,Ang Mo Kio Ave 9,ANG MO KIO,NORTH-EAST REGION,1283.2,45;70;70A;70M;265
55319,Yio Chu Kang Stadium,Ang Mo Kio Ave 9,ANG MO KIO,NORTH-EAST REGION,1290.2,45;70;70M;265
55321,Opp Nanyang Poly,Ang Mo Kio Ave 8,ANG MO KIO,NORTH-EAST REGION,1230.0,72
55329,Nanyang Poly,Ang Mo Kio Ave 8,ANG MO KIO,NORTH-EAST REGION,1228.6,72;72A;72B
55331,Aft Lentor Gr,Lentor Loop,ANG MO KIO,NORTH-EAST REGION,879.6,825
55339,Aft Florissa Pk,Lentor Loop,ANG MO KIO,NORTH-EAST REGION,861.7,825
55341,Lentor Stn Exit 3,Lentor Dr,ANG MO KIO,NORTH-EAST REGION,1077.6,825
55349,Lentor Stn Exit 5,Lentor Dr,ANG MO KIO,NORTH-EAST REGION,1092.4,825
55351,Opp Fudu Wk P/G,Lentor Rd,ANG MO KIO,NORTH-EAST REGION,573.8,825
55361,Countryside Gdn P/G,Lentor Loop,ANG MO KIO,NORTH-EAST REGION,612.2,825
55371,Aft Lentor St,Lentor Loop,ANG MO KIO,NORTH-EAST REGION,625.3,825
55381,Bef Bullion Pk,Lentor Loop,ANG MO KIO,NORTH-EAST REGION,533.2,825
55509,Yio Chu Kang Int,Ang Mo Kio Ave 8,ANG MO KIO,NORTH-EAST REGION,1420.4,13;70;70A;70M;71;72;72A;72B;76;114;162;825;860;860T
56011,Bef Adana @ Thomson,Upp Thomson Rd,ANG MO KIO,NORTH-EAST REGION,67.8,163;167;169;855;980
56019,Bef Ang Mo Kio Ave 1,Upp Thomson Rd,ANG MO KIO,NORTH-EAST REGION,115.7,163;167;169;855;980
56021,Opp Sembawang Hills FC,Upp Thomson Rd,ANG MO KIO,NORTH-EAST REGION,79.0,163;167;169;652;855;980
56029,Bef Sembawang Hills FC,Upp Thomson Rd,ANG MO KIO,NORTH-EAST REGION,156.1,163;167;169;652;855;980
56031,Bef Yio Chu Kang Rd,Upp Thomson Rd,ANG MO KIO,NORTH-EAST REGION,66.7,163;167;169;652;855;980
56039,Aft Yio Chu Kang Rd,Upp Thomson Rd,ANG MO KIO,NORTH-EAST REGION,104.7,163;167;169;652;855;980
56041,Opp Meadows @ Peirce,Upp Thomson Rd,ANG MO KIO,NORTH-EAST REGION,28.1,138;167;169;860;860T;980
56049,Meadows @ Peirce,Upp Thomson Rd,ANG MO KIO,NORTH-EAST REGION,60.6,138;167;169;860;980
56051,Opp Tagore Rd,Upp Thomson Rd,ANG MO KIO,NORTH-EAST REGION,304.8,138;167;169;860;860T;980
56059,Bef Tagore Rd,Upp Thomson Rd,ANG MO KIO,NORTH-EAST REGION,328.1,138;167;169;860;980
56061,Aft Tagore Dr,Upp Thomson Rd,ANG MO KIO,NORTH-EAST REGION,377.9,138;167;169;860;860T;980
56069,Bef Tagore Dr,Upp Thomson Rd,ANG MO KIO,NORTH-EAST REGION,416.5,138;167;169;860;980
56071,Bef Old Upp Thomson Rd,Upp Thomson Rd,ANG MO KIO,NORTH-EAST REGION,103.9,138;167;169;860;860T;980
56079,Aft Old Upp Thomson Rd,Upp Thomson Rd,ANG MO KIO,NORTH-EAST REGION,128.2,138;167;169;860;980
56081,Bef SLE,Upp Thomson Rd,CENTRAL WATER CATCHMENT,NORTH REGION,8.9,138;167;169;860;860T;980
56089,Aft SLE,Upp Thomson Rd,ANG MO KIO,NORTH-EAST REGION,20.9,138;167;169;860;980
56091,Springleaf Stn Exit 3,Upp Thomson Rd,YISHUN,NORTH REGION,187.0,138;138A;167;169;860;860T;980
56099,Springleaf Stn Exit 2,Upp Thomson Rd,YISHUN,NORTH REGION,184.7,138;138C;167;169;860;980
56191,Teachers' Housing Est,Yio Chu Kang Rd,ANG MO KIO,NORTH-EAST REGION,198.2,138;163;652;855;860
56199,Aft Thomson Hills Dr,Yio Chu Kang Rd,ANG MO KIO,NORTH-EAST REGION,265.9,138;163;652;855;860;860T
56201,Aft Munshi Abdullah Ave,Yio Chu Kang Rd,ANG MO KIO,NORTH-EAST REGION,560.4,138;163;652;855;860
56209,Bef Thomson Hills Dr,Yio Chu Kang Rd,ANG MO KIO,NORTH-EAST REGION,564.3,138;163;652;855;860;860T
56241,St. Nicholas Girls',Ang Mo Kio Ave 2,ANG MO KIO,NORTH-EAST REGION,500.0,265
56249,Opp St. Nicholas Girls',Ang Mo Kio Ave 2,ANG MO KIO,NORTH-EAST REGION,578.9,265
56251,Opp Horizon Gdns,Ang Mo Kio Ave 2,ANG MO KIO,NORTH-EAST REGION,742.0,265
56259,Horizon Gdns,Ang Mo Kio Ave 2,ANG MO KIO,NORTH-EAST REGION,782.5,265
56261,Aft Ang Mo Kio Ave 2,Ang Mo Kio Ave 1,ANG MO KIO,NORTH-EAST REGION,17.5,132;165;166;169;262
56269,Bef Ang Mo Kio Ave 2,Ang Mo Kio Ave 1,BISHAN,CENTRAL REGION,18.3,132;165;166;169
56289,Bef Shangri-La Wk,Ang Mo Kio Ave 2,ANG MO KIO,NORTH-EAST REGION,288.7,262
57011,Opp Springleaf Nature Pk,Upp Thomson Rd,YISHUN,NORTH REGION,427.1,138;138A;167;169;860;860T;980
57019,Springleaf Nature Pk,Upp Thomson Rd,YISHUN,NORTH REGION,459.9,138;138C;167;169;860;980
57021,Forest Hills Condo,Sembawang Rd,YISHUN,NORTH REGION,717.9,167;169;860;860T;980
57029,Aft The Springside,Sembawang Rd,YISHUN,NORTH REGION,737.7,167;169;860;980
57031,Nee Soon Driclad Ctr,Sembawang Rd,YISHUN,NORTH REGION,780.4,167;169;860;860T;980
57039,Spiritual Grace Presby Ch,Sembawang Rd,YISHUN,NORTH REGION,881.8,167;169;860;980
57041,Nee Soon Camp,Sembawang Rd,YISHUN,NORTH REGION,328.8,167;169;860;860T;980
57049,Opp Nee Soon Camp,Sembawang Rd,YISHUN,NORTH REGION,300.1,167;169;860;980
57051,Aft Sembawang Air Base,Sembawang Rd,MANDAI,NORTH REGION,14.3,167;169;171;860;860T;980
57059,Opp Sembawang Air Base,Sembawang Rd,YISHUN,NORTH REGION,17.1,167;169;171;860;980
57061,Dieppe Barracks,Sembawang Rd,MANDAI,NORTH REGION,13.8,167;169;171;860;860T;980
57069,Opp Dieppe Barracks,Sembawang Rd,YISHUN,NORTH REGION,16.8,167;169;171;860;980
57071,Opp Khatib Camp,Sembawang Rd,MANDAI,NORTH REGION,8.6,167;169;171;860;860T;980
57079,Khatib Camp,Sembawang Rd,YISHUN,NORTH REGION,18.6,167;169;171;860;980
57081,Opp Blk 713,Sembawang Rd,MANDAI,NORTH REGION,18.5,167;171;980
57089,Blk 713,Sembawang Rd,YISHUN,NORTH REGION,17.6,167;171;800;807;980
57111,Opp Blk 101,Sembawang Rd,MANDAI,NORTH REGION,18.9,167;856;858;859;969;980
57119,Blk 101,Sembawang Rd,YISHUN,NORTH REGION,19.2,167;800;811;811A;856;858;858A;859;859T;883M;969;980
57121,Opp Blk 115B,Sembawang Rd,MANDAI,NORTH REGION,15.3,167;856;858;859;969;980
57129,Blk 114,Sembawang Rd,YISHUN,NORTH REGION,18.4,167;800;811;811A;856;858;858A;859;859T;883M;969;980
57131,Opp Jln Kemuning,Sembawang Rd,SEMBAWANG,NORTH REGION,270.0,167;856;858;859;980
57139,Aft Jln Kemuning,Sembawang Rd,SEMBAWANG,NORTH REGION,244.4,167;856;858;858A;859;859T;980
57141,Bef Upp Thomson Rd,Mandai Rd,YISHUN,NORTH REGION,500.2,138;138C
57149,Aft Upp Thomson Rd,Mandai Rd,YISHUN,NORTH REGION,488.1,138;138A
58009,Sembawang Int,Sembawang Vista,SEMBAWANG,NORTH REGION,692.5,117;117M;167;859;859A;859B;859T;861;861A;861M;882;882A;883;883M;980;981
58011,Opp Sembawang Shop Ctr,Sembawang Rd,SEMBAWANG,NORTH REGION,511.5,167;856;858;859;980
58019,Aft Sembawang Shop Ctr,Sembawang Rd,SEMBAWANG,NORTH REGION,516.2,167;856;858;858A;859;859T;980
58021,Opp The Nautical,Sembawang Rd,SEMBAWANG,NORTH REGION,614.9,167;856;858;859;980
58029,The Nautical,Sembawang Rd,SEMBAWANG,NORTH REGION,633.3,167;856;858;858A;859;859T;980
58031,Opp Canberra Dr,Sembawang Rd,SEMBAWANG,NORTH REGION,782.7,167;859
58039,Bef Canberra Dr,Sembawang Rd,SEMBAWANG,NORTH REGION,759.4,167;859;859T
58041,Blk 590C,Sembawang Rd,SEMBAWANG,NORTH REGION,725.6,117;117M;169;861;861A;883;883M
58049,Opp Blk 590C,Sembawang Rd,SEMBAWANG,NORTH REGION,713.8,117;117M;169;169A;861;883;883B;883M
58051,Blk 592C,Sembawang Rd,SEMBAWANG,NORTH REGION,518.7,117;117M;169;861;861A;882;883;883M
58059,Opp Blk 592C,Sembawang Rd,SEMBAWANG,NORTH REGION,494.2,117;117M;169;169A;861;861M;882;883;883B;883M
58061,Opp Blk 101A,Sembawang Rd,SEMBAWANG,NORTH REGION,279.9,169;882
58069,Blk 101A,Sembawang Rd,SEMBAWANG,NORTH REGION,306.6,169;169A;882
58071,Bef Jln Basong,Sembawang Rd,SEMBAWANG,NORTH REGION,320.6,882
58079,Aft Jln Basong,Sembawang Rd,SEMBAWANG,NORTH REGION,298.6,882
58081,Opp Jln Janggus,Sembawang Rd,SEMBAWANG,NORTH REGION,388.6,882
58089,Aft Andrews Ave,Sembawang Rd,SEMBAWANG,NORTH REGION,420.0,882
58091,Sembawang Pk,Sembawang Rd,SEMBAWANG,NORTH REGION,251.7,882
58099,Opp Sembawang Pk,Sembawang Rd,SEMBAWANG,NORTH REGION,416.2,882
58101,Blk 311,Canberra Rd,SEMBAWANG,NORTH REGION,836.8,856;858
58109,Opp Blk 311,Canberra Rd,SEMBAWANG,NORTH REGION,855.8,856;858;858A
58111,Blk 351 CP,Canberra Rd,SEMBAWANG,NORTH REGION,1101.6,856;859;859A;859T;882;882A;980;981
58119,Blk 502A,Canberra Rd,SEMBAWANG,NORTH REGION,1120.4,856;856B;859;859B;861M;882;980;981
58121,Blk 424A CP,Canberra Rd,SEMBAWANG,NORTH REGION,937.1,656;856;859;859A;859T;981
58129,Blk 508 CP,Canberra Rd,SEMBAWANG,NORTH REGION,960.3,656;856;856B;859;859B;981
58131,Aft Assyafaah Mque,Canberra Rd,SEMBAWANG,NORTH REGION,583.1,856;981
58139,Bef Assyafaah Mque,Canberra Rd,SEMBAWANG,NORTH REGION,558.0,856;856B;981
58141,Sembawang Camp,Admiralty Rd West,SEMBAWANG,NORTH REGION,289.7,169;169A;856;856B;981
58149,Opp Sembawang Shipyard G 8,Admiralty Rd West,SEMBAWANG,NORTH REGION,330.7,169;856;981
58151,Bef Sembawang Stn,Canberra Rd,SEMBAWANG,NORTH REGION,933.6,167;856;858;859;859T;861;861A;980
58159,Aft Admiral Hill,Canberra Rd,SEMBAWANG,NORTH REGION,942.7,167;856;856B;858;858A;859;861;861M;980
58161,Bef Sembawang Shipyard G 3,Admiralty Rd West,SEMBAWANG,NORTH REGION,225.4,169;169A;856;856B;981
58169,Aft HomeTeamNS Sembawang Resort,Admiralty Rd West,SEMBAWANG,NORTH REGION,219.4,169;856;981
58171,Aft North Rd,Admiralty Rd West,SEMBAWANG,NORTH REGION,267.8,169;169A
58179,Opp Sembawang Corp Industries,Admiralty Rd West,SEMBAWANG,NORTH REGION,290.3,169
58181,Police Drv Circuit,Admiralty Rd West,SEMBAWANG,NORTH REGION,425.4,169;169A
58189,Opp Police Drv Circuit,Admiralty Rd West,SEMBAWANG,NORTH REGION,428.3,169
58191,Aft Wellington Rd,Admiralty Rd East,SEMBAWANG,NORTH REGION,405.2,169;169A
58199,Opp Auckland Rd West,Admiralty Rd East,SEMBAWANG,NORTH REGION,480.2,169
58201,Aft Queen's Ave,Admiralty Rd East,SEMBAWANG,NORTH REGION,493.2,169;169A
58209,Aft Pakistan Rd,Admiralty Rd East,SEMBAWANG,NORTH REGION,507.7,169
58211,Sembawang Stn,Sembawang Way,SEMBAWANG,NORTH REGION,884.3,117;117M;858;859;859B;882;883;883M;981
58219,Opp Sembawang Stn,Sembawang Way,SEMBAWANG,NORTH REGION,918.1,117;117M;858;858A;859;859A;859T;882;882A;883;883M;981
58221,Blk 339 CP,Sembawang Way,SEMBAWANG,NORTH REGION,675.4,858
58229,Blk 358A CP,Sembawang Way,SEMBAWANG,NORTH REGION,678.7,858;858A
58241,Sembawang Int/Opp Blk 315,Sembawang Vista,SEMBAWANG,NORTH REGION,714.1,859;859A;859T
58249,Blk 309,Sembawang Vista,SEMBAWANG,NORTH REGION,767.5,859
58251,Sun Plaza/ Sembawang Stn,Sembawang Dr,SEMBAWANG,NORTH REGION,718.7,117;117M;656;859;859B;882;883;883M;962;962B;980;981
58259,Opp Sun Plaza,Sembawang Dr,SEMBAWANG,NORTH REGION,693.9,117;117M;656;859;859A;859T;882;882A;883;883M;962;962B;980;981
58261,Visionaire,Canberra Link,SEMBAWANG,NORTH REGION,693.4,169
58269,Opp Visionaire,Canberra Link,SEMBAWANG,NORTH REGION,665.6,169;169A
58271,Blk 335,Sembawang Cres,SEMBAWANG,NORTH REGION,408.5,859;859A;859T;962
58279,Opp Blk 336A CP,Sembawang Cres,SEMBAWANG,NORTH REGION,357.1,859;859B;962
58281,Sembawang Sec Sch,Sembawang Cres,SEMBAWANG,NORTH REGION,279.9,859;859A;859T;962
58289,Opp Sembawang Sec Sch,Sembawang Cres,SEMBAWANG,NORTH REGION,265.0,859;859B;962
58291,Blk 317,Sembawang Dr,SEMBAWANG,NORTH REGION,567.5,656;859;859B;962;980
58299,Blk 328,Sembawang Dr,SEMBAWANG,NORTH REGION,554.6,656;859;859A;859T;962;980
58311,Blk 354 CP,Sembawang Dr,SEMBAWANG,NORTH REGION,886.7,656;962;962B;980
58319,Blk 357C,Sembawang Dr,SEMBAWANG,NORTH REGION,839.8,656;962;962B;980
58321,Bet Blks 357/359,Admiralty Dr,SEMBAWANG,NORTH REGION,796.7,859;859A;859T
58329,Blk 474,Admiralty Dr,SEMBAWANG,NORTH REGION,845.2,859;859B
58331,Blk 589D,Canberra Link,SEMBAWANG,NORTH REGION,1027.8,117;117M;167;859;859T;861;861A;883;883M
58339,Opp Blk 589D,Canberra Link,SEMBAWANG,NORTH REGION,1000.4,117;117M;167;859;861;883;883M
58341,Blk 405,Sembawang Dr,SEMBAWANG,NORTH REGION,1082.3,656;859;859A;859T;962;962B
58349,Blk 478,Sembawang Dr,SEMBAWANG,NORTH REGION,1068.7,656;859;859B;962;962B
58351,Blk 483,Sembawang Dr,SEMBAWANG,NORTH REGION,1009.1,962;962B
58359,Opp Blk 484A CP,Sembawang Dr,SEMBAWANG,NORTH REGION,1016.2,962;962B
58361,Nth Lk Bldg,Admiralty St,SEMBAWANG,NORTH REGION,777.8,962;962B
58369,Bef Acacia Hme,Admiralty St,SEMBAWANG,NORTH REGION,863.1,962;962B
58371,Bet Blks 325/326,Sembawang Cres,SEMBAWANG,NORTH REGION,394.1,859;859A;859T;962
58379,Opp Blk 325,Sembawang Cres,SEMBAWANG,NORTH REGION,370.1,859;859B;962
58381,Blk 469B,Sembawang Way,SEMBAWANG,NORTH REGION,450.9,858;858A;962
58389,Opp Blk 469B,Sembawang Way,SEMBAWANG,NORTH REGION,434.8,858;962
58391,Blk 303,Sembawang Ave,SEMBAWANG,NORTH REGION,602.2,656;980
58399,Opp Blk 303,Sembawang Ave,SEMBAWANG,NORTH REGION,591.1,656;980
58401,Opp Blk 491,Admiralty Link,SEMBAWANG,NORTH REGION,772.3,656;859;859A;859T
58409,Blk 491,Admiralty Link,SEMBAWANG,NORTH REGION,734.8,656;859;859B
58411,Blk 404A CP,Admiralty Link,SEMBAWANG,NORTH REGION,971.0,656;859;859A;859T
58419,Blk 482A CP,Admiralty Link,SEMBAWANG,NORTH REGION,1024.4,656;859;859B
58421,Blk 353,Admiralty Dr,SEMBAWANG,NORTH REGION,1043.0,980
58429,Bet Blks 415/416,Admiralty Dr,SEMBAWANG,NORTH REGION,1058.7,980
58431,Blk 567B,Champions Way,WOODLANDS,NORTH REGION,283.9,900
58439,Opp Blk 567B,Champions Way,WOODLANDS,NORTH REGION,296.7,900
58441,Blk 567A,Champions Way,WOODLANDS,NORTH REGION,179.5,900
58449,S'pore Sports Sch,Champions Way,WOODLANDS,NORTH REGION,160.9,900
58451,Aft Heavy Veh Pk,Sembawang Dr,SEMBAWANG,NORTH REGION,655.5,962;962B
58459,Bef Heavy Veh Pk,Sembawang Dr,SEMBAWANG,NORTH REGION,677.8,962;962B
58461,Innova Pr Sch,Champions Way,WOODLANDS,NORTH REGION,482.6,900
58469,Opp Innova Pr Sch,Champions Way,WOODLANDS,NORTH REGION,498.1,900;967
58481,Opp Wellington Pr Sch,Wellington Circle,SEMBAWANG,NORTH REGION,885.7,882;882A
58489,Wellington Pr Sch,Wellington Circle,SEMBAWANG,NORTH REGION,908.0,861M;882
58491,Opp Blk 507A,Montreal Dr,SEMBAWANG,NORTH REGION,941.8,882;882A
58499,Blk 506A,Montreal Dr,SEMBAWANG,NORTH REGION,979.6,861M;882
58501,Blk 592A,Montreal Link,SEMBAWANG,NORTH REGION,669.5,882;882A
58509,Blk 590A,Montreal Link,SEMBAWANG,NORTH REGION,684.4,861M;882
58511,Blk 104C,Canberra st,SEMBAWANG,NORTH REGION,249.9,117;117M;861;861A;883;883M
58519,Opp Blk 104B,Canberra st,SEMBAWANG,NORTH REGION,286.0,117;117M;861;861M;883;883B;883M
58521,Blk 106A,Canberra st,SEMBAWANG,NORTH REGION,229.4,861;861A;883;883M
58529,Blk 108 CP,Canberra st,SEMBAWANG,NORTH REGION,252.8,861;861M;883;883B;883M
58531,Blk 129A,Canberra Way,SEMBAWANG,NORTH REGION,245.5,861;861A;883;883M
58539,Blk 120A,Canberra Way,SEMBAWANG,NORTH REGION,276.1,861;861M;883;883B;883M
58541,Opp Canberra Stn,Canberra Link,SEMBAWANG,NORTH REGION,110.4,117;117M;169;169A;861;861A;883;883M
58549,Canberra Stn,Canberra Link,SEMBAWANG,NORTH REGION,96.6,117;117M;169;861;861B;883;883B;883M
58571,Bef Sembawang Ave,Sembawang Ave,SEMBAWANG,NORTH REGION,7.9,965;965A;969
58579,Aft Sembawang Ave,Sembawang Ave,MANDAI,NORTH REGION,25.9,965;969
58581,Bef Gambas Cres,Bef Gambas Cres,SEMBAWANG,NORTH REGION,17.0,965;965A;969
58589,Opp Gambas Cres,Opp Gambas Cres,MANDAI,NORTH REGION,16.2,965;969
58601,Blk 108A,Canberra Wk,SEMBAWANG,NORTH REGION,372.3,117;117M
58609,Blk 109A,Canberra Wk,SEMBAWANG,NORTH REGION,451.5,117;117M
58611,Blk 115C,Canberra Cres,SEMBAWANG,NORTH REGION,487.8,117;117M
58619,Opp Blk 115C,Canberra Cres,SEMBAWANG,NORTH REGION,459.4,117;117M
58621,Blk 126 CP,Canberra st,SEMBAWANG,NORTH REGION,193.0,861;861A;861M;883;883B;883M
58991,Blk 767,Yishun Ave 2,YISHUN,NORTH REGION,975.6,39;85;103;805;811;851;851e;852;854;855;857
58999,Blk 936 CP,Yishun Ave 2,YISHUN,NORTH REGION,1019.7,39;85;85A;103;117;117M;805;851;851e;852;854;854e;855;857;857A;857B;965;969
59009,Yishun Int,Yishun Ave 2,YISHUN,NORTH REGION,1029.0,39;85;85A;103;171;800;801;803;804;805;806;807;807A;807B;811;811A;812;851;851e;852;853;853M;854;854e;855;856;857;857A;857B;859;859T;860;860T
59011,Bef Sg Seletar Bridge,Lentor Ave,YISHUN,NORTH REGION,935.4,39;85;851;852;853;853M;854;855;857;858;965;969;969A
59019,Aft Sg Seletar Bridge,Lentor Ave,YISHUN,NORTH REGION,1182.1,39;85;85A;851;852;853;853M;854;855;857;857A;857B;858;965;969
59021,Bef Yishun Ave 1,Lentor Ave,YISHUN,NORTH REGION,814.4,39;85;851;852;853;853M;854;855;857;858;965;969;969A
59029,Aft Yishun Ave 1,Lentor Ave,YISHUN,NORTH REGION,853.2,39;85;85A;851;852;853;853M;854;855;857;857A;857B;858;965;969
59031,Opp Yishun Sports Hall,Yishun Ave 2,YISHUN,NORTH REGION,855.0,39;85;117;117A;117M;663;670;851;851e;852;853;853M;854;855;857;858;965;969;969A
59039,Yishun Sports Hall,Yishun Ave 2,YISHUN,NORTH REGION,916.2,39;85;85A;117;117M;663;670;851;851e;852;853;853M;854;854e;855;857;857A;857B;858;965;969
59041,Bef Khatib Stn,Yishun Ave 2,YISHUN,NORTH REGION,951.9,39;85;117;117A;117M;461;851;851e;852;853;853M;854;855;857;858;965;969;969A
59049,Opp Khatib Stn,Yishun Ave 2,YISHUN,NORTH REGION,1019.3,39;85;85A;117;117M;461;851;851e;852;853;853M;854;854e;855;857;857A;857B;858;965;969
59051,Blk 790,Yishun Ave 2,YISHUN,NORTH REGION,1054.2,39;85;117;117M;663;812;851;851e;852;853;853M;854;855;857;858;860;965;969;969A
59059,Blk 608,Yishun Ave 2,YISHUN,NORTH REGION,1112.6,39;85;85A;117;117M;663;851;851e;852;853;853M;854;854e;855;857;857A;857B;858;860;860T;965;969
59061,Blk 763,Yishun Ave 2,YISHUN,NORTH REGION,942.1,117;117M;169;858;883;965;969;969A
59069,Opp Blk 757,Yishun Ave 2,YISHUN,NORTH REGION,971.1,39;85;85A;103;117;117M;169;805;811;851;851e;852;854;854e;855;857;857A;857B;858;883;965;969
59072,Yishun Stn Exit E,Yishun Ave 2,YISHUN,NORTH REGION,961.2,800;801;803;806;807;811;812;883
59073,Opp Yishun Stn,Yishun Ave 2,YISHUN,NORTH REGION,958.9,117;117M;169;169A;804;812;858;858A;859;859T;965;965A;969
59079,Yishun Stn,Yishun Ave 2,YISHUN,NORTH REGION,926.8,117;117M;169;858;883;883B;965;969;969A
59081,Blk 774,Yishun Ring Rd,YISHUN,NORTH REGION,663.1,670;807;812
59089,Opp Blk 774,Yishun Ring Rd,YISHUN,NORTH REGION,641.8,670;807;807B;812
59091,Blk 154,Yishun Ave 2,YISHUN,NORTH REGION,934.5,117;117M;169;804;811;812;883;883B;883M;965
59099,Blk 220,Yishun Ave 2,YISHUN,NORTH REGION,900.9,117;117M;169;169A;804;812;883;965;965A
59101,Yishun Pr Sch,Yishun Ring Rd,YISHUN,NORTH REGION,607.3,670;812
59109,Opp Yishun Pr Sch,Yishun Ring Rd,YISHUN,NORTH REGION,611.3,670;800;812
59111,Blk 701,Yishun Ave 5,YISHUN,NORTH REGION,232.3,171;807;856;858;859;969
59119,Opp Blk 701A,Yishun Ave 5,YISHUN,NORTH REGION,129.8,171;811;811A;856;858;858A;859;859T;883M;969
59121,Blk 121,Yishun Ring Rd,YISHUN,NORTH REGION,327.9,670;812
59129,Opp Blk 121,Yishun Ring Rd,YISHUN,NORTH REGION,320.7,670;800;812
59131,Blk 137,Yishun Ring Rd,YISHUN,NORTH REGION,335.3,670;812
59139,Aft Chong Pang CC,Yishun Ring Rd,YISHUN,NORTH REGION,316.3,670;800;812
59141,Blk 741,Yishun Ave 5,YISHUN,NORTH REGION,663.6,171;856;858;859;969
59149,Blk 145,Yishun Ave 5,YISHUN,NORTH REGION,601.4,171;811;811A;856;858;858A;859;859T;883M;969
59159,Opp Yishun Stn Exit B,Yishun Ave 5,YISHUN,NORTH REGION,877.6,811;811A;883M
59161,Opp Blk 201,Yishun Ctrl,YISHUN,NORTH REGION,1106.3,800;801;803;806;807;811;812;860;860T
59169,Bet Blks 201/202,Yishun Ctrl,YISHUN,NORTH REGION,1111.6,800;801;803;806;807;807A;807B;811;811A;812;860
59171,Blk 309,Yishun Ave 9,YISHUN,NORTH REGION,770.4,800;801;803;807;811;860;860T
59179,Blk 241,Yishun Ave 9,YISHUN,NORTH REGION,803.6,800;801;803;807;807A;807B;811;811A;860
59181,Opp Blk 245,Yishun Ave 9,YISHUN,NORTH REGION,477.3,670;801;803;811
59189,Blk 245,Yishun Ave 9,YISHUN,NORTH REGION,488.2,670;801;811;811A
59191,Opp Northland Sec Sch,Yishun Ave 6,YISHUN,NORTH REGION,393.7,670;811;861;861A
59199,Blk 250,Yishun Ave 6,YISHUN,NORTH REGION,398.1,670;811;811A;861;861B
59201,Opp Chongfu Pr Sch,Yishun Ave 6,YISHUN,NORTH REGION,359.3,670;811;861;861A
59209,Blk 272,Yishun Ave 6,YISHUN,NORTH REGION,382.2,670;811;811A;861;861B
59211,Blk 289,Yishun Ave 7,YISHUN,NORTH REGION,347.9,670;811;811A;861;861B
59219,Opp Blk 288,Yishun Ave 7,YISHUN,NORTH REGION,375.1,670;811;861;861A
59221,Opp Yishun Ind Pk A,Yishun Ave 7,YISHUN,NORTH REGION,521.6,811;811A;861;861B
59229,Yishun Ind Pk A,Yishun Ave 7,YISHUN,NORTH REGION,471.8,811;861;861A
59231,Blk 227,Yishun Ring Rd,YISHUN,NORTH REGION,895.8,670;800;804
59239,Blk 291,Yishun Ring Rd,YISHUN,NORTH REGION,873.1,670;800;804
59241,Blk 236,Yishun Ring Rd,YISHUN,NORTH REGION,781.1,670;800;804
59249,Blk 257,Yishun Ring Rd,YISHUN,NORTH REGION,756.1,670;800;804
59251,Opp Darul Makmur Mque,Yishun Ave 2,YISHUN,NORTH REGION,526.7,117;117M;169;800;811;883;883B;883M;965
59259,Darul Makmur Mque,Yishun Ave 2,YISHUN,NORTH REGION,521.4,117;117M;169;169A;883;965;965A
59261,Blk 174,Yishun Ave 7,YISHUN,NORTH REGION,274.9,800;811;811A;883M;965
59269,Opp Blk 174,Yishun Ave 7,YISHUN,NORTH REGION,232.3,965;965A
59271,Blk 118,Yishun Ave 7,YISHUN,NORTH REGION,76.5,800;811;811A;883M;965
59279,Opp Ahmad Ibrahim Sec Sch,Yishun Ave 7,YISHUN,NORTH REGION,67.2,965;965A
59281,Blk 654,Yishun Ave 4,YISHUN,NORTH REGION,1424.2,805;812
59289,Blk 676 CP,Yishun Ave 4,YISHUN,NORTH REGION,1462.2,805
59291,Blk 666,Yishun Ave 4,YISHUN,NORTH REGION,1732.4,805;812
59299,Blk 671 CP,Yishun Ave 4,YISHUN,NORTH REGION,1695.9,805
59301,Blk 731,Yishun Ring Rd,YISHUN,NORTH REGION,411.2,670;812
59309,Jiemin Pr Sch,Yishun Ring Rd,YISHUN,NORTH REGION,420.9,670;800;807;807B;812
59311,Blk 760,Yishun Ring Rd,YISHUN,NORTH REGION,629.6,670;807;812
59319,Blk 729,Yishun Ring Rd,YISHUN,NORTH REGION,607.4,670;807;807B;812
59321,Blk 794,Yishun Ring Rd,YISHUN,NORTH REGION,773.7,670;807;811;812
59329,Naval Base Sec Sch,Yishun Ring Rd,YISHUN,NORTH REGION,780.0,670;807;807B;811
59331,Blk 773,Yishun Ave 3,YISHUN,NORTH REGION,811.5,169;811;860;860T
59339,Blk 776,Yishun Ave 3,YISHUN,NORTH REGION,924.7,169;811;812;860
59341,Khoo Teck Puat Hosp,Yishun Ctrl,YISHUN,NORTH REGION,1392.2,103;663;805
59349,Opp Khoo Teck Puat Hosp,Yishun Ctrl,YISHUN,NORTH REGION,1418.5,103;663;805;812
59351,Opp Blk 322,Yishun Ctrl,YISHUN,NORTH REGION,988.9,806;812
59359,Blk 322,Yishun Ctrl,YISHUN,NORTH REGION,974.2,806;812
59369,Blk 647,Yishun St 61,YISHUN,NORTH REGION,1262.8,812
59379,Opp Chung Cheng High Sch,Yishun St 61,YISHUN,NORTH REGION,1490.6,812
59381,Blk 314,Yishun Ring Rd,YISHUN,NORTH REGION,628.9,804;807;860;860T
59389,Opp Blk 314,Yishun Ring Rd,YISHUN,NORTH REGION,604.8,803;804;807;807A;807B;860
59391,Blk 342B,Yishun Ring Rd,YISHUN,NORTH REGION,481.7,663;804;807;860;860T
59399,Opp Blk 367,Yishun Ring Rd,YISHUN,NORTH REGION,454.8,663;804;806;807;807A;807B;860
59401,Blk 358,Yishun Ring Rd,YISHUN,NORTH REGION,662.7,663;804;807;860;860T
59409,Evangel Family Ch,Yishun Ring Rd,YISHUN,NORTH REGION,676.2,663;804;806;807;807A;807B;860
59411,Blk 356,Yishun Ring Rd,YISHUN,NORTH REGION,842.6,663;804;807;860;860T
59419,Blk 413,Yishun Ring Rd,YISHUN,NORTH REGION,804.4,663;804;806;807;807A;807B;860
59421,Blk 624,Yishun Ring Rd,YISHUN,NORTH REGION,1191.4,650;807;807C;811;860;860T;861;861B
59429,Blk 846,Yishun Ring Rd,YISHUN,NORTH REGION,1186.7,650;807;807A;807B;811;860;861;861A
59431,Blk 630,Yishun Ring Rd,YISHUN,NORTH REGION,1463.4,650;807;807C;811;860;860T;861;861B
59439,Blk 858,Yishun Ring Rd,YISHUN,NORTH REGION,1538.0,650;807;807A;807B;811;860;861;861A
59441,Naval Base Pr Sch,Yishun Ave 4,YISHUN,NORTH REGION,1706.7,811
59449,Opp Naval Base Pr Sch,Yishun Ave 4,YISHUN,NORTH REGION,1722.1,805;811
59451,Bet Blks 349/350,Yishun Ave 11,YISHUN,NORTH REGION,968.3,103;663;806
59459,Opp Huamin Pr Sch,Yishun Ave 11,YISHUN,NORTH REGION,992.6,103;663;806
59461,Opp Blk 419,Yishun Ave 11,YISHUN,NORTH REGION,897.5,103;650;804
59469,Blk 419,Yishun Ave 11,YISHUN,NORTH REGION,841.1,103;806
59471,Blk 430B,Yishun Ave 1,YISHUN,NORTH REGION,956.7,117;117M;650;804;861;861B
59479,Opp Blk 430B,Yishun Ave 1,YISHUN,NORTH REGION,1050.8,117;117A;117M;861;861A
59481,Blk 873,Yishun St 81,YISHUN,NORTH REGION,1393.8,811
59499,Orchid Pk Condo,Yishun St 81,YISHUN,NORTH REGION,1249.0,811
59501,Blk 871,Yishun Ave 1,YISHUN,NORTH REGION,1637.6,117;117M;811
59509,Opp Blk 871,Yishun Ave 1,YISHUN,NORTH REGION,1630.1,117;117A;117M
59511,Yishun Sec Sch,Yishun St 71,YISHUN,NORTH REGION,250.5,800;807
59521,Yishun Emerald,Yishun Ave 2,YISHUN,NORTH REGION,210.3,117;117M;169;861;861B;883;883B;883M
59529,Opp Yishun Emerald,Yishun Ave 2,YISHUN,NORTH REGION,211.0,117;117M;169;169A;861;861A;883;883M
59541,Sree Maha Mariamman Tp,Yishun Ave 3,YISHUN,NORTH REGION,524.0,169;860;860T
59549,Opp Sree Maha Mariamman Tp,Yishun Ave 3,YISHUN,NORTH REGION,575.6,169;860
59551,Blk 722,Yishun Ave 3,YISHUN,NORTH REGION,239.1,169;860;860T
59559,Opp Blk 722,Yishun Ave 3,YISHUN,NORTH REGION,252.3,169;860
59561,Opp Khatib Stn Exit D,Yishun Ring Rd,YISHUN,NORTH REGION,926.2,670;807;807C;811;812
59569,Khatib Stn Exit D,Yishun Ring Rd,YISHUN,NORTH REGION,931.8,670;807;807A;807B;811;861;861A
59571,Opp Northbrooks Sec Sch,Yishun Ring Rd,YISHUN,NORTH REGION,1355.8,807;807C;860;860T
59579,Blk 456,Yishun Ring Rd,YISHUN,NORTH REGION,1374.4,650;804;807;807A;807B;860
59581,Blk 432C,Yishun St 41,YISHUN,NORTH REGION,1326.1,650;804;861;861B
59589,Blk 505C,Yishun St 41,YISHUN,NORTH REGION,1368.9,805;861;861A
59591,Bet Blks 405/406,Yishun Ave 6,YISHUN,NORTH REGION,446.4,461;663;806
59599,Opp Blk 406,Yishun Ave 6,YISHUN,NORTH REGION,395.7,461;663
59601,Blk 391,Yishun Ave 6,YISHUN,NORTH REGION,190.1,663;801;806;861;861B
59609,Opp Blk 391,Yishun Ave 6,YISHUN,NORTH REGION,243.3,663;801;861;861A
59611,Opp Yishun Community Hosp,Yishun Ctrl 2,YISHUN,NORTH REGION,1184.7,853;853M;858
59619,Yishun Community Hosp,Yishun Ctrl 2,YISHUN,NORTH REGION,1216.7,853;853M;858;883
59621,Bet Blks 318A/318B,Yishun Ave 6,YISHUN,NORTH REGION,287.5,801;803;861;861B
59629,Symphony Suites Condo,Yishun Ave 6,YISHUN,NORTH REGION,282.8,801;861;861A
59631,Opp Blk 445,Yishun Ring Rd,YISHUN,NORTH REGION,1128.4,807;807C;860;860T
59639,Bet Blks 445/449,Yishun Ring Rd,YISHUN,NORTH REGION,1129.2,650;804;807;807A;807B;860
59641,Bet Blks 333C/333D,Yishun St 31,YISHUN,NORTH REGION,338.6,663;803
59649,Opp Blk 333C,Yishun St 31,YISHUN,NORTH REGION,350.3,663;806
59651,Blk 348B,Yishun Ave 11,YISHUN,NORTH REGION,1002.8,103;663;806
59661,Blk 932,Yishun Ctrl 1,YISHUN,NORTH REGION,1217.9,853;853M
59669,Opp Blk 932,Yishun Ctrl 1,YISHUN,NORTH REGION,1242.7,853;853M
59671,Bef Yishun Stn,Yishun Ave 2,YISHUN,NORTH REGION,920.5,801;804
59701,Opp SAFRA Yishun,Yishun Ctrl,YISHUN,NORTH REGION,1249.1,103;663;812
59709,Bef SAFRA Yishun,Yishun Ctrl,YISHUN,NORTH REGION,1174.0,103;663;812
59711,Blk 672C,Yishun Ring Rd,YISHUN,NORTH REGION,1641.1,650;807;807C;860;860T;861;861B
59719,Opp Blk 672C,Yishun Ring Rd,YISHUN,NORTH REGION,1745.8,650;805;807;807A;807B;860;861;861A
59721,Blk 816,Yishun Ave 1,YISHUN,NORTH REGION,1194.1,117;117M
59729,Opp Blk 816,Yishun Ave 1,YISHUN,NORTH REGION,1185.8,117;117A;117M
59731,Blk 512A,Yishun Ave 1,YISHUN,NORTH REGION,1827.4,117;117M;805
59739,Opp Blk 512A,Yishun Ave 1,YISHUN,NORTH REGION,1769.6,117;117A;117M
59741,Opp Orchid Country Club,Yishun Ave 1,YISHUN,NORTH REGION,1644.5,117;117M;805
59749,Orchid Country Club,Yishun Ave 1,YISHUN,NORTH REGION,1629.2,117;117A;117M
59751,Opp The Shaughnessy,Yishun Ave 1,YISHUN,NORTH REGION,1505.4,117;117M;805
59759,The Shaughnessy,Yishun Ave 1,YISHUN,NORTH REGION,1453.4,117;117A;117M
59761,Blk 504C,Yishun Ring Rd,YISHUN,NORTH REGION,1575.9,650;805;807;807A;807B;860;861;861A
59771,Blk 469B,Yishun Ave 1,YISHUN,NORTH REGION,512.6,103;117;117M;461;801;861;861B
59779,Opp Blks 469A/469B,Yishun Ave 1,YISHUN,NORTH REGION,468.9,103;117;117A;117M;461;861;861A
59781,Aft Yishun Ave 6,Yishun Ave 1,YISHUN,NORTH REGION,650.1,103;117;117M;801;861;861B
59789,Bef Yishun Ave 6,Yishun Ave 1,YISHUN,NORTH REGION,669.4,103;117;117A;117M;861;861A
59791,Blk 471A,Yishun Ave 1,YISHUN,NORTH REGION,240.5,103;117;117M
59799,Opp Blk 470A,Yishun Ave 1,YISHUN,NORTH REGION,327.7,103;117;117M
59801,Blk 382C,Yishun Ave 6,YISHUN,NORTH REGION,159.1,663;801;806;861;861B
59809,Blk 483B,Yishun Ave 6,YISHUN,NORTH REGION,143.9,663;801;861;861A
59811,Blk 477B,Yishun St 42,YISHUN,NORTH REGION,181.7,461;801;861;861A
59819,Blk 467C,Yishun St 42,YISHUN,NORTH REGION,235.2,461;801;861;861B
59821,Blk 334B,Yishun Ave 6,YISHUN,NORTH REGION,222.9,801;803;861;861B
59829,Opp Blk 334B,Yishun Ave 6,YISHUN,NORTH REGION,142.2,801;861;861A
60011,Bendemeer Stn Exit A,Kallang Bahru,KALLANG,CENTRAL REGION,984.7,61;107;107M;175;961;961M
60019,Bendemeer Stn Exit B,Kallang Bahru,KALLANG,CENTRAL REGION,1026.4,61;107;107M;175;961;961M
60021,Chubb S'pore,Kallang Bahru,KALLANG,CENTRAL REGION,896.2,26;61;107;107M;175;853;853M
60029,Blk 16,Kallang Bahru,KALLANG,CENTRAL REGION,971.8,26;61;107;107M;175;853;853M
60031,Bef Geylang Bahru Stn,Kallang Bahru,KALLANG,CENTRAL REGION,452.9,26;61;107;107M;175;853;853M
60039,Opp Blk 66,Kallang Bahru,KALLANG,CENTRAL REGION,504.3,26;61;107;107M;175;853;853M
60051,Opp Kallang Pl,Boon Keng Rd,KALLANG,CENTRAL REGION,1016.7,21;21A;26;31;853;853M;961;961M;985
60059,Bef Kallang Pl,Boon Keng Rd,KALLANG,CENTRAL REGION,998.4,21;26;31;853;853M;961;961M;985
60061,Biotronik,Jln Kolam Ayer,GEYLANG,CENTRAL REGION,56.4,23;966;966A
60069,Kallang Basin Swim Cplx,Jln Kolam Ayer,KALLANG,CENTRAL REGION,36.0,23;966
60071,Kolam Ayer Ind Est,Jln Kolam Ayer,GEYLANG,CENTRAL REGION,33.4,23;966;966A
60079,Bef Bendemeer Rd,Jln Kolam Ayer,KALLANG,CENTRAL REGION,41.3,23;966
60081,St. Andrew's Village,Jln Toa Payoh,TOA PAYOH,CENTRAL REGION,43.9,8;26;31;90;90A;142;142A;151;154;506;857;857B;966;966A;985
60089,Opp St. Andrew's Village,Jln Toa Payoh,KALLANG,CENTRAL REGION,30.7,8;26;31;90;142;151;154;506;857;966;985
60099,Bef Lavender St,Bendemeer Rd,KALLANG,CENTRAL REGION,772.1,13;21;21A;23;64;65;125;130;133;139;147;147A;857;857B
60101,Kwong Wai Shiu Hosp,S'goon Rd,KALLANG,CENTRAL REGION,594.0,13;23;64;65;125;133;140;147;857
60119,Opp Boon Keng Stn,Bendemeer Rd,KALLANG,CENTRAL REGION,852.4,13;23;31;64;65;125;133;140;147;147A;857;857B;985
60121,Boon Keng Stn/Blk 102,S'goon Rd,KALLANG,CENTRAL REGION,573.6,13;23;31;64;65;125;133;140;147;857;985
60139,Blk 44,Bendemeer Rd,KALLANG,CENTRAL REGION,679.8,13;23;31;64;65;125;133;140;147;147A;857;857B;985
60141,Opp Bendemeer Pr Sch,S'goon Rd,KALLANG,CENTRAL REGION,527.9,13;23;31;64;65;125;133;140;147;857;985
60159,Blk 54,Bendemeer Rd,KALLANG,CENTRAL REGION,411.2,13;23;26;31;61;64;65;107;107M;125;133;140;147;147A;853;853M;857;857B;985
60161,St. Michael's Pl,S'goon Rd,KALLANG,CENTRAL REGION,461.5,13;23;26;31;61;64;65;107;107M;125;133;140;147;853;853M;857;985
60179,MOM Svcs Ctr,Bendemeer Rd,KALLANG,CENTRAL REGION,163.7,13;23;26;31;61;64;65;107;107M;125;133;140;147;147A;853;853M;857;857B;985
60181,Aft Moonstone Lane,S'goon Rd,KALLANG,CENTRAL REGION,139.4,26;31;857;985
60191,Blk 7,Boon Keng Rd,KALLANG,CENTRAL REGION,800.2,31;140;985
60199,Boon Keng Stn/Blk 22,Boon Keng Rd,KALLANG,CENTRAL REGION,687.0,21;130;139
60201,18 Woodsville,Upp S'goon Rd,TOA PAYOH,CENTRAL REGION,128.9,13;107;107M;133;142;142A;147;506;853;853M
60209,Sant Ritz,Upp S'goon Rd,TOA PAYOH,CENTRAL REGION,205.6,13;107;107M;133;142;142A;147;147A;506;853;853M
60211,Aft Tai Thong Cres,MacPherson Rd,TOA PAYOH,CENTRAL REGION,11.6,8;61;64;65;90;90A;125;151;154
60219,Bef Siemens Ctr,MacPherson Rd,GEYLANG,CENTRAL REGION,14.8,8;61;64;65;90;125;125A;151;154
60221,Blk 73/Geylang Bahru Stn,Geylang Bahru,KALLANG,CENTRAL REGION,274.7,26;61;107;107M;140;853;853M
60229,Blk 68,Geylang Bahru,KALLANG,CENTRAL REGION,296.3,26;61;107;107M;140;853;853M
60241,Blk 1,St. George'S Rd,KALLANG,CENTRAL REGION,272.7,140
60249,Blk 14,St. George'S Rd,KALLANG,CENTRAL REGION,309.8,140
60251,Blk 15,St. Wilfred Rd,KALLANG,CENTRAL REGION,202.7,140
60261,Potong Pasir Stn Exit C,Upp S'goon Rd,TOA PAYOH,CENTRAL REGION,354.0,13;107;107M;133;142;142A;147;148;506;853;853M
60269,Potong Pasir Stn Exit B,Upp S'goon Rd,TOA PAYOH,CENTRAL REGION,314.9,13;107;107M;133;142;142A;147;147A;506;853;853M
61009,Blk 122,Potong Pasir Ave 1,TOA PAYOH,CENTRAL REGION,670.7,142;142A;148
61011,Blk 103,Upp S'goon Rd,TOA PAYOH,CENTRAL REGION,559.5,13;133;147;506;853;853M
61019,Opp Blk 101,Upp S'goon Rd,TOA PAYOH,CENTRAL REGION,528.6,13;107;107M;133;147;147A;506;853;853M
61021,Aft Woodleigh Pk,Upp S'goon Rd,TOA PAYOH,CENTRAL REGION,717.2,13;133;146;147;506;853;853M
61029,Opp Woodleigh Pk,Upp S'goon Rd,TOA PAYOH,CENTRAL REGION,732.7,13;133;146;147;147A;506;853;853M
61031,Woodleigh Stn Exit B,Upp S'goon Rd,TOA PAYOH,CENTRAL REGION,489.3,13;100;133;135;146;147;155;506;853;853M
61039,Woodleigh Stn Exit A,Upp S'goon Rd,TOA PAYOH,CENTRAL REGION,487.6,13;100;100A;133;135;146;147;147A;155;506;853;853M
61041,Bef Braddell Rd,Upp S'goon Rd,TOA PAYOH,CENTRAL REGION,157.5,13;100;133;135;146;147;155;506;853;853M
61049,Aft Bartley Rd,Upp S'goon Rd,TOA PAYOH,CENTRAL REGION,125.5,13;100;100A;133;135;146;147;147A;155;506;853;853M
61061,Blk 148,Potong Pasir Ave 1,TOA PAYOH,CENTRAL REGION,467.4,142;142A;148
61069,Potong Pasir Stn Exit A,Potong Pasir Ave 1,TOA PAYOH,CENTRAL REGION,481.2,142;142A
61079,Blk 121,Potong Pasir Ave 1,TOA PAYOH,CENTRAL REGION,689.6,142;142A;148
61089,Bet Blks 138/144,Potong Pasir Ave 3,TOA PAYOH,CENTRAL REGION,393.5,142;142A;148
61099,Potong Pasir CC,Potong Pasir Ave 2,TOA PAYOH,CENTRAL REGION,395.2,142;142A
61101,Blk 120,Potong Pasir Ave 1,TOA PAYOH,CENTRAL REGION,594.0,142;142A;148
61111,Blk 114B,Bidadari Pk Dr,TOA PAYOH,CENTRAL REGION,688.6,107;107M;146;148
61119,Blk 103B,Bidadari Pk Dr,TOA PAYOH,CENTRAL REGION,705.1,107;107M;146;148
61121,Opp Blk 212,Bidadari Pk Dr,TOA PAYOH,CENTRAL REGION,225.3,104;107;107M;148
61129,Blk 212,Bidadari Pk Dr,TOA PAYOH,CENTRAL REGION,203.8,104;107;107M;148
61131,Opp Woodleigh Mall,Bidadari Pk Dr,TOA PAYOH,CENTRAL REGION,515.0,107;107M;146
61139,Woodleigh Mall,Bidadari Pk Dr,TOA PAYOH,CENTRAL REGION,503.8,107;107M;146
62011,Aft Bartley Rd,Upp Paya Lebar Rd,SERANGOON,NORTH-EAST REGION,21.7,22;24;43;58;62;70;70M;76;80
62019,Aft Rochdale Rd,Upp Paya Lebar Rd,HOUGANG,NORTH-EAST REGION,25.4,22;24;43;58;58A;62;62A;70;70A;70M;76;80;80A
62021,Wisma AUPE,Upp Paya Lebar Rd,SERANGOON,NORTH-EAST REGION,31.8,22;24;43;58;62;70;70M;76;80
62029,Paya Lebar Gdns,Upp Paya Lebar Rd,HOUGANG,NORTH-EAST REGION,9.0,22;24;43;58;58A;62;62A;70;70A;70M;76;80;80A
62031,Bef How Sun Rd,Upp Paya Lebar Rd,SERANGOON,NORTH-EAST REGION,16.9,22;24;43;58;62;70;70M;76;80
62039,Raya Gdn,Upp Paya Lebar Rd,HOUGANG,NORTH-EAST REGION,22.2,22;24;43;58;58A;62;62A;70;70A;70M;76;80;80A
62041,Opp Bethany Presby Ch,Upp Paya Lebar Rd,SERANGOON,NORTH-EAST REGION,13.6,22;24;43;58;62;70;70M;76;80
62049,Aft Paya Lebar Cres,Upp Paya Lebar Rd,HOUGANG,NORTH-EAST REGION,17.1,22;24;43;58;58A;62;62A;70;70A;70M;76;80;80A
62051,Aft Jln Chermat,Upp Paya Lebar Rd,SERANGOON,NORTH-EAST REGION,11.8,22;24;43;45;45A;53;53M;58;70;70M;76;80
62059,Blk 161,Upp Paya Lebar Rd,HOUGANG,NORTH-EAST REGION,14.3,22;24;43;45;53;53M;58;58A;70;70A;70M;76;80;80A;113;113A
62061,Aft Upp Paya Lebar Rd,Bartley Rd,TOA PAYOH,CENTRAL REGION,14.0,28;93;146;158
62069,Bef Upp Paya Lebar Rd,Bartley Rd,TOA PAYOH,CENTRAL REGION,4.2,28;93;146;158
62071,Bartley Stn Exit A,Bartley Rd,TOA PAYOH,CENTRAL REGION,17.4,28;93;129;129A;146;158
62079,Aft Bartley Stn Exit B,Bartley Rd,SERANGOON,NORTH-EAST REGION,13.8,28;93;129;129B;146;158
62081,Opp Bartley Chr Ch,Bartley Rd,TOA PAYOH,CENTRAL REGION,13.8,28;93;129;146
62089,Bartley Chr Ch,Bartley Rd,SERANGOON,NORTH-EAST REGION,15.5,28;93;129;129B;146;158
62091,Opp Gambir Ridge,Bartley Rd,TOA PAYOH,CENTRAL REGION,17.1,28;93;107;107M;129;146
62099,Gambir Ridge,Bartley Rd,SERANGOON,NORTH-EAST REGION,12.0,28;93;129;129B;146
62101,Bef Upp S'goon Rd,Bartley Rd,TOA PAYOH,CENTRAL REGION,28.4,28;93;107;107M;146
62109,Aft Upp S'goon Rd,Bartley Rd,SERANGOON,NORTH-EAST REGION,32.5,28;93;107;107M;146
62111,Aft Sommerville Rd,Upp S'goon Rd,SERANGOON,NORTH-EAST REGION,199.6,100;107;107M;133;135;147;153;506;853;853M
62119,Aft Sunshine Lodge,Upp S'goon Rd,SERANGOON,NORTH-EAST REGION,159.7,100;100A;107;107M;133;135;147;147A;153;506;853;853M
62121,Aft Wolskel Rd,Upp S'goon Rd,SERANGOON,NORTH-EAST REGION,366.9,100;107;107M;133;135;147;153;506;853;853M
62129,Blk 403,Upp S'goon Rd,SERANGOON,NORTH-EAST REGION,382.2,100;100A;107;107M;133;135;147;147A;153;506;853;853M
62131,S'Goon Stn Exit B,Upp S'goon Rd,SERANGOON,NORTH-EAST REGION,564.6,45;58;58A;101;103;107;107M;147;153;317;853;853M
62139,S'goon Stn Exit A/Blk 413,Upp S'goon Rd,SERANGOON,NORTH-EAST REGION,506.9,45;45A;58;107;107M;147;147A;153;158;853;853M
62141,Opp Blk 1,Upp S'goon Rd,SERANGOON,NORTH-EAST REGION,182.3,22;43;45;53;53M;58;58A;70;70A;70M;101;103;107;107M;116;153;317
62149,Forest Woods,Upp S'goon Rd,SERANGOON,NORTH-EAST REGION,99.5,22;43;45;45A;53;58;70;70M;81;82;101;103;107;107M;153;317
62151,Rindu Terr,S'goon Ave 1,SERANGOON,NORTH-EAST REGION,163.2,104;158
62159,Opp Rindu Terr,S'goon Ave 1,SERANGOON,NORTH-EAST REGION,191.4,104;158
62161,St. Gabriel's Sec Sch,S'goon Ave 1,SERANGOON,NORTH-EAST REGION,360.1,104;158
62169,Blk 426,S'goon Ave 1,SERANGOON,NORTH-EAST REGION,369.5,104;158
62171,Blk 409,S'goon Ctrl,SERANGOON,NORTH-EAST REGION,474.9,104;158
62179,Blk 421,S'goon Ctrl,SERANGOON,NORTH-EAST REGION,452.4,104;158
62189,S'goon Stn Exit D/Blk 416,Upp S'goon Rd,SERANGOON,NORTH-EAST REGION,286.4,101;103;317
62219,Blk 158,Hougang St 11,HOUGANG,NORTH-EAST REGION,157.4,113;113A
62221,Opp The Minton,Lor Ah Soo,HOUGANG,NORTH-EAST REGION,328.3,45;45A;53;53M;62;62A;113;113A
62229,The Minton,Lor Ah Soo,HOUGANG,NORTH-EAST REGION,292.4,45;53;53M;62;113;113A
62231,Bef S'pore Girls' Hme,Hougang Ave 3,HOUGANG,NORTH-EAST REGION,375.1,25;45;51;55;87;151;854
62239,Opp S'pore Girls' Hme,Hougang Ave 3,HOUGANG,NORTH-EAST REGION,410.3,25;45;51;55;87;151;854
62241,SBST Hougang Depot,Hougang Ave 3,HOUGANG,NORTH-EAST REGION,424.6,25;45;51;55;87;146;151;854
62249,Opp SBST Hougang Depot,Hougang Ave 3,HOUGANG,NORTH-EAST REGION,508.6,25;45;51;55;87;146;151;854
62251,Bef Blk 471B,Upp S'goon Cres,HOUGANG,NORTH-EAST REGION,270.8,324
62261,Opp S'goon Sec Sch,Upp Serangoon View,HOUGANG,NORTH-EAST REGION,624.4,324
62271,Opp Blk 475B,Upp S'goon Cres,HOUGANG,NORTH-EAST REGION,424.3,324
62301,Blk 181,Hougang St 13,HOUGANG,NORTH-EAST REGION,618.3,146
62309,Blk 178A,Hougang St 13,HOUGANG,NORTH-EAST REGION,636.9,146
63009,Buangkok Int,Sengkang Ctrl,SENGKANG,NORTH-EAST REGION,396.5,110;114;114A;156;965
63011,Opp Upp S'goon Shop Ctr,Upp S'goon Rd,HOUGANG,NORTH-EAST REGION,48.0,80;81;82;101;107;107M;136;153
63019,Aft Upp S'goon Shop Ctr,Upp S'goon Rd,HOUGANG,NORTH-EAST REGION,27.3,80;80A;81;82;101;107;107M;136;153
63021,The Helping Hand,Upp S'goon Rd,HOUGANG,NORTH-EAST REGION,529.9,80;81;82;101;107;107M;136;153
63029,Opp The Helping Hand,Upp S'goon Rd,HOUGANG,NORTH-EAST REGION,593.2,80;80A;81;82;101;107;107M;136;153
63031,Kovan Stn Exit B,Upp S'goon Rd,HOUGANG,NORTH-EAST REGION,1095.6,80;81;82;101;107;107M;112;112A;113;113A;136;153;676
63039,Kovan Stn Exit C,Upp S'goon Rd,HOUGANG,NORTH-EAST REGION,1048.6,80;80A;81;82;101;107;107M;112;113;113A;115;119;136;146;153;676
63041,Opp Glad Tidings Ch,Upp S'goon Rd,HOUGANG,NORTH-EAST REGION,1319.6,80;81;82;101;107;107M;112;113;119;136;153;676
63049,Glad Tidings Ch,Upp S'goon Rd,HOUGANG,NORTH-EAST REGION,1289.7,80;80A;81;82;101;107;107M;112;113;115;119;136;153;676
63051,Opp Blk 370,Upp S'goon Rd,HOUGANG,NORTH-EAST REGION,1346.0,80;81;82;101;107;107M;112;113;119;136;153;676
63059,Blk 22,Upp S'goon Rd,HOUGANG,NORTH-EAST REGION,1323.8,80;80A;81;82;101;107;107M;112;113;115;119;136;153;676
63061,Opp Blk 25,Upp S'goon Rd,HOUGANG,NORTH-EAST REGION,1374.8,51;72;80;101;119;132;136;153;325;676;681
63069,Blk 25,Upp S'goon Rd,HOUGANG,NORTH-EAST REGION,1346.8,51;72;80;80A;101;119;136;153;676;681
63071,Opp Blk 248,Hougang Ave 3,HOUGANG,NORTH-EAST REGION,694.3,25;51;55;87;151;854;854e
63079,Blk 248,Hougang Ave 3,HOUGANG,NORTH-EAST REGION,713.4,25;51;55;87;115;151;854
63081,Opp Blk 241,Hougang Ave 3,HOUGANG,NORTH-EAST REGION,468.0,25;51;55;87;151;854;854e
63089,Blk 241,Hougang Ave 3,HOUGANG,NORTH-EAST REGION,488.5,25;51;55;87;115;151;854
63091,Opp Blk 106,Hougang Ave 3,HOUGANG,NORTH-EAST REGION,429.0,25;51;55;87;151;854;854e
63099,Blk 106,Hougang Ave 3,HOUGANG,NORTH-EAST REGION,467.8,25;51;55;87;115;151;854
63101,Opp Blk 169,Hougang Ave 3,HOUGANG,NORTH-EAST REGION,428.0,25;45;51;55;87;151;854;854e
63109,Blk 172,Hougang Ave 3,HOUGANG,NORTH-EAST REGION,463.1,25;45;51;55;87;151;854
63119,Aft Hougang Ave 1,Tampines Rd,HOUGANG,NORTH-EAST REGION,1223.8,146
63131,The Tembusu,Tampines Rd,HOUGANG,NORTH-EAST REGION,1001.5,53;62;112
63139,Aft En-Naeem Mque,Tampines Rd,HOUGANG,NORTH-EAST REGION,933.7,53;62;62A;112;112A
63141,Blk 209,Boundary Rd,SERANGOON,NORTH-EAST REGION,247.3,24;53M;76;103;116;317
63149,S'goon Stadium,Boundary Rd,SERANGOON,NORTH-EAST REGION,223.1,24;76;81;82;103;317
63151,Aft Upp S'goon Rd,Yio Chu Kang Rd,SERANGOON,NORTH-EAST REGION,16.7,136
63159,Highland Ctr,Yio Chu Kang Rd,HOUGANG,NORTH-EAST REGION,15.0,136
63161,S'goon Swim Cplx,Yio Chu Kang Rd,SERANGOON,NORTH-EAST REGION,17.1,136
63169,Opp S'goon Swim Cplx,Yio Chu Kang Rd,HOUGANG,NORTH-EAST REGION,11.8,136
63179,Bef Tai Seng Chr Ch,Yio Chu Kang Rd,HOUGANG,NORTH-EAST REGION,16.9,43;43A;70;70A;70B;70M;76;103;104;109;116;116A;136;147;147A;156;317
63181,Bef St. Helier's Ave,Yio Chu Kang Rd,SERANGOON,NORTH-EAST REGION,11.6,43;70;70M;76;103;104;109;109A;116;136;147;156;317
63189,Aft S'goon Gdn Way,Yio Chu Kang Rd,HOUGANG,NORTH-EAST REGION,17.7,43;43A;70;70A;70B;70M;76;103;104;109;116;116A;136;147;147A;156;317
63191,Aft S'goon Nth Ave 1,Yio Chu Kang Rd,SERANGOON,NORTH-EAST REGION,14.0,43;70;70M;73;76;103;104;109;109A;116;147;156
63199,Aft Phillips Ave,Yio Chu Kang Rd,HOUGANG,NORTH-EAST REGION,15.6,43;43A;70;70A;70B;70M;76;103;104;109;116;116A;147;147A;156
63201,Affinity At Serangoon,Yio Chu Kang Rd,SERANGOON,NORTH-EAST REGION,18.3,43;70;70M;73;76;103;104;109;109A;116;147;156
63209,Parkwood Residences,Yio Chu Kang Rd,HOUGANG,NORTH-EAST REGION,17.7,43;43A;70;70A;70B;70M;73;73T;76;103;104;109;116;116A;147;147A;156
63211,Blk 138,Yio Chu Kang Rd,SERANGOON,NORTH-EAST REGION,16.3,43;70;70M;73;76;103;104;109;109A;116;147;156
63219,Bef Yio Chu Kang Chapel,Yio Chu Kang Rd,HOUGANG,NORTH-EAST REGION,11.0,43;43A;70;70A;70B;70M;73;73T;76;103;104;109;116;116A;147;147A;156
63221,Kovan Hub,Hougang St 21,HOUGANG,NORTH-EAST REGION,945.6,53M;112;113;113A;115;119;146
63229,Opp Kovan Hub,Hougang St 21,HOUGANG,NORTH-EAST REGION,885.4,112;112A;113;113A
63231,Bet Blks 210/211,Hougang St 21,HOUGANG,NORTH-EAST REGION,1059.2,53M;112;113;113A;115;119;146
63239,Opp Blk 211,Hougang St 21,HOUGANG,NORTH-EAST REGION,1030.3,53M;112;112A;113;113A
63241,Blk 21,Hougang Ave 3,HOUGANG,NORTH-EAST REGION,1128.2,25;51;55;62;72;81;115;675;681;854
63249,Blk 1,Hougang Ave 3,HOUGANG,NORTH-EAST REGION,1083.2,25;51;55;62;62A;72;81;675;681;854;854e
63261,Opp Blk 232,Hougang Ave 1,HOUGANG,NORTH-EAST REGION,917.6,53;53M;62;62A;113;113A;115;146
63269,Blk 232,Hougang Ave 1,HOUGANG,NORTH-EAST REGION,901.5,53;53M;62;113;113A;146
63271,Blk 239,Hougang Ave 1,HOUGANG,NORTH-EAST REGION,692.8,53;53M;62;62A;113;113A;115;146
63279,Opp Yuying Sec Sch,Hougang Ave 1,HOUGANG,NORTH-EAST REGION,700.4,53;53M;62;113;113A;146
63281,Blk 105 Mkt/FC,Hougang Ave 1,HOUGANG,NORTH-EAST REGION,613.7,53;53M;62;62A;113;113A;115;146
63289,Aljunied CC,Hougang Ave 1,HOUGANG,NORTH-EAST REGION,618.1,53;53M;62;113;113A;146
63291,Opp Blk 115,Lor Ah Soo,HOUGANG,NORTH-EAST REGION,728.9,45;45A;53;53M;62;62A;113;113A
63299,Blk 115,Lor Ah Soo,HOUGANG,NORTH-EAST REGION,696.7,45;53;53M;62;113;113A
63301,Paya Lebar Meth Girls' Sch,Lor Ah Soo,HOUGANG,NORTH-EAST REGION,636.5,45;45A;53;53M;62;62A;113;113A
63309,Blk 126,Lor Ah Soo,HOUGANG,NORTH-EAST REGION,712.1,45;53;53M;62;113;113A
63311,Blk 634,Hougang Ave 2,HOUGANG,NORTH-EAST REGION,154.1,25;55;74;132;147;165;854;854e
63319,Opp Blk 634,Hougang Ave 2,HOUGANG,NORTH-EAST REGION,202.5,25;55;74;132;147;147A;165;854
63321,Blk 627,Hougang Ave 2,HOUGANG,NORTH-EAST REGION,554.4,25;55;112;132;854;854e
63329,Opp Blk 627,Hougang Ave 2,HOUGANG,NORTH-EAST REGION,639.7,25;55;112;132;854
63331,Blk 615,Hougang Ave 2,HOUGANG,NORTH-EAST REGION,964.4,25;55;112;132;854;854e
63339,Opp Blk 615,Hougang Ave 2,HOUGANG,NORTH-EAST REGION,924.0,25;55;112;132;854
63341,Opp Blk 709,Hougang Ave 2,HOUGANG,NORTH-EAST REGION,1408.8,25;55;62;62A;82;107;107M;112;113;132;325;675;854;854e
63349,Blk 708,Hougang Ave 2,HOUGANG,NORTH-EAST REGION,1465.9,25;55;62;82;107;107M;112;113;132;325;675;854
63351,Opp Hougang Swim Cplx,Hougang Ave 10,HOUGANG,NORTH-EAST REGION,1269.9,62;62A;82;107;107M;113;325;675
63359,Hougang Swim Cplx,Hougang Ave 10,HOUGANG,NORTH-EAST REGION,1259.3,62;82;107;107M;113;325;675
63361,Opp S'goon Sports Cplx,Yio Chu Kang Link,SERANGOON,NORTH-EAST REGION,117.9,43;70;70M;76;103;104;109;109A;116;147;156;317
63369,S'goon Sports Cplx,Yio Chu Kang Link,SERANGOON,NORTH-EAST REGION,157.0,43;43A;70;70A;70B;70M;76;103;104;109;116;116A;147;147A;156;317
63371,Blk 679,Hougang Ave 8,HOUGANG,NORTH-EAST REGION,940.2,74;112;147;165;660;660M
63379,Blk 608,Hougang Ave 8,HOUGANG,NORTH-EAST REGION,952.3,74;112;147;147A;165;660;660M
63381,Xinmin Pr Sch,Hougang Ave 8,HOUGANG,NORTH-EAST REGION,639.6,74;112;147;165;660;660M
63389,Opp Xinmin Pr Sch,Hougang Ave 8,HOUGANG,NORTH-EAST REGION,649.5,74;112;147;147A;165;660;660M
63391,Blk 639,Hougang Ave 8,HOUGANG,NORTH-EAST REGION,397.0,74;112;147;165;660;660M
63399,Blk 632,Hougang Ave 8,HOUGANG,NORTH-EAST REGION,419.9,74;112;147;147A;165;660;660M
64009,Hougang Ctrl Int,Hougang Ctrl,HOUGANG,NORTH-EAST REGION,1048.5,27;51;74;89;89e;102;107;107M;112;112A;112B;113;116;132;147;147A;151;153;161;165;324;325;329
64011,Naung Residence,Upp S'goon Rd,HOUGANG,NORTH-EAST REGION,1385.9,51;72;80;101;119;132;136;153;325;676
64019,Blk 302,Upp S'goon Rd,HOUGANG,NORTH-EAST REGION,1272.9,51;72;80;80A;101;119;132;136;153;325;676
64021,Blk 458,Hougang Ave 10,HOUGANG,NORTH-EAST REGION,168.3,80;82;87;88;89;89e;119
64029,Opp Blk 458,Hougang Ave 10,HOUGANG,NORTH-EAST REGION,174.1,80;80A;82;87;88;88A;89;89e;119
64031,Blk 436,Hougang Ave 8,HOUGANG,NORTH-EAST REGION,333.6,62;74;88;113;147;325;672
64039,Blk 434,Hougang Ave 8,HOUGANG,NORTH-EAST REGION,369.0,62;62A;74;88;88A;113;147;147A;325;672
64041,The Midtown,Upp S'goon Rd,HOUGANG,NORTH-EAST REGION,1039.7,74;102;112;112A;112B;113;119;136;147;147A;324;672;681
64049,Opp The Midtown,Upp S'goon Rd,HOUGANG,NORTH-EAST REGION,1007.4,74;102;112;113;119;136;147;324;672;681
64051,Blk 465A,Upp S'goon Rd,HOUGANG,NORTH-EAST REGION,780.9,74;102;112;112A;112B;113;119;136;147;147A;324;672;681
64059,Blk 355,Upp S'goon Rd,HOUGANG,NORTH-EAST REGION,779.4,74;102;112;113;119;136;147;324;672;681
64061,Opp S'goon Sec Sch,Upp S'goon Rd,HOUGANG,NORTH-EAST REGION,485.2,62;102;136;676;681
64069,S'goon Sec Sch,Upp S'goon Rd,HOUGANG,NORTH-EAST REGION,523.5,62;62A;102;136;676;681
64071,Opp Punggol Pk,Hougang Ave 8,HOUGANG,NORTH-EAST REGION,472.2,62;62A;74;113;119;147;147A;672
64079,Punggol Pk,Hougang Ave 8,HOUGANG,NORTH-EAST REGION,491.9,62;74;113;119;147;672
64081,Hougang 1/Opp Blk 931A,Hougang St 91,HOUGANG,NORTH-EAST REGION,347.2,325;329
64089,Opp Hougang 1,Hougang St 91,HOUGANG,NORTH-EAST REGION,360.2,329
64091,Hougang Pr Sch,Hougang St 93,HOUGANG,NORTH-EAST REGION,516.6,325;329;660;660M;680
64099,Hougang Sec Sch,Hougang St 93,HOUGANG,NORTH-EAST REGION,528.6,329;680
64101,Opp Gracehaven S Army,Yio Chu Kang Rd,SERANGOON,NORTH-EAST REGION,23.3,43;70;70M;73;103;104;109;109A;156;680;854
64109,Gracehaven S Army,Yio Chu Kang Rd,HOUGANG,NORTH-EAST REGION,18.8,43;43A;70;70A;70B;70M;73;73T;103;104;109;156;680;854;854e
64111,Opp Blk 953,Yio Chu Kang Rd,SERANGOON,NORTH-EAST REGION,13.4,43;70;70M;72;103;104;156;675;854
64119,Blk 953,Yio Chu Kang Rd,HOUGANG,NORTH-EAST REGION,26.9,43;43A;70;70A;70B;70M;72;72A;103;104;156;325;675;854;854e
64121,Aft Ang Mo Kio Ave 5,Yio Chu Kang Rd,SERANGOON,NORTH-EAST REGION,26.1,50;70;70M;103;104;854
64129,Blk 988B,Yio Chu Kang Rd,HOUGANG,NORTH-EAST REGION,14.2,50;50A;70;70A;70B;70M;103;104;854;854e
64131,Bef KPE,Tampines Rd,HOUGANG,NORTH-EAST REGION,164.2,53;72;81
64139,Bef KPE,Tampines Rd,PAYA LEBAR,EAST REGION,132.4,72
64141,Aft Jln Telawi,Tampines Rd,PAYA LEBAR,EAST REGION,218.2,72
64149,LP 137,Tampines Rd,PAYA LEBAR,EAST REGION,275.1,72
64151,Aft Greenwich Dr,Tampines Rd,PAYA LEBAR,EAST REGION,270.0,72
64159,Bef Greenwich Dr,Tampines Rd,PAYA LEBAR,EAST REGION,306.2,72
64161,Schenker,Tampines Rd,PAYA LEBAR,EAST REGION,307.4,72
64169,Opp Schenker,Tampines Rd,PAYA LEBAR,EAST REGION,331.9,72
64171,Aft Buangkok East Dr,Tampines Rd,PAYA LEBAR,EAST REGION,323.0,72
64179,Bef Buangkok East Dr,Tampines Rd,PAYA LEBAR,EAST REGION,361.6,72
64181,Bef TPE,Tampines Rd,PAYA LEBAR,EAST REGION,191.3,72
64189,Aft Old Tampines Rd,Tampines Rd,PAYA LEBAR,EAST REGION,184.4,72
64191,Aft Goldhill Memorial Ctr,Tampines Rd,PAYA LEBAR,EAST REGION,69.3,72
64199,Bef Goldhill Memorial Ctr,Tampines Rd,PAYA LEBAR,EAST REGION,76.4,72
64201,Aft Hougang Ave 3,Tampines Rd,HOUGANG,NORTH-EAST REGION,778.2,53;72;81;87;112;151;675;681
64209,Aft Defu Ave 1,Tampines Rd,HOUGANG,NORTH-EAST REGION,733.9,53;72;81;87;112;112A;151;675;681
64211,Aft Hougang Ave 7,Tampines Rd,HOUGANG,NORTH-EAST REGION,643.1,53;72;81
64219,Aft Defu Ave 2,Tampines Rd,HOUGANG,NORTH-EAST REGION,587.4,53;72;81
64221,Opp Defu Ave 2,Tampines Rd,HOUGANG,NORTH-EAST REGION,401.6,53;72;81
64229,Bef Defu Ave 2,Tampines Rd,HOUGANG,NORTH-EAST REGION,253.6,53;72;81
64231,Blk 316,Hougang Ave 7,HOUGANG,NORTH-EAST REGION,908.4,87;112;151;457;672
64239,Opp Blk 316,Hougang Ave 7,HOUGANG,NORTH-EAST REGION,889.7,87;112;112A;151;457;672
64241,Blk 308,Hougang Ave 5,HOUGANG,NORTH-EAST REGION,1075.2,87;151;457;672;676
64249,Blk 327,Hougang Ave 5,HOUGANG,NORTH-EAST REGION,1178.5,87;151;457;672;676
64251,Hougang Sec Sch,Hougang St 91,HOUGANG,NORTH-EAST REGION,648.7,660;660M;680
64259,Blk 925A CP,Hougang St 91,HOUGANG,NORTH-EAST REGION,705.4,660;660M;680
64301,Blk 325,Hougang Ave 7,HOUGANG,NORTH-EAST REGION,823.6,112;676
64309,Opp Blk 321,Hougang Ave 7,HOUGANG,NORTH-EAST REGION,794.7,112;112A;112B;676
64311,Riverfront Residences,Hougang Ave 7,HOUGANG,NORTH-EAST REGION,808.3,112;676
64319,Opp Riverfront Residences,Hougang Ave 7,HOUGANG,NORTH-EAST REGION,792.1,112;112A;112B;676
64321,Opp Rio Vista,Hougang Ave 7,HOUGANG,NORTH-EAST REGION,836.9,112;676
64329,Rio Vista,Hougang Ave 7,HOUGANG,NORTH-EAST REGION,827.9,112;112A;112B;676
64331,Blk 508,Hougang Ave 4,HOUGANG,NORTH-EAST REGION,1035.2,72;72A;101;116;165;329;675
64339,Blk 602,Hougang Ave 4,HOUGANG,NORTH-EAST REGION,1083.3,72;101;116;165;329;675
64341,Bef Blk 683,Hougang Ave 8,HOUGANG,NORTH-EAST REGION,965.5,74;88;101;147;161
64349,Blk 502,Hougang Ave 8,HOUGANG,NORTH-EAST REGION,942.8,74;88;88A;101;147;147A;161
64351,Opp Montfort Sch,Hougang Ave 8,HOUGANG,NORTH-EAST REGION,686.5,74;88;101;147;161
64359,Montfort Sch,Hougang Ave 8,HOUGANG,NORTH-EAST REGION,589.3,74;88;88A;101;147;147A;161
64361,Blk 535,Hougang Ave 8,HOUGANG,NORTH-EAST REGION,431.7,74;88;147;161;325;672
64369,Blk 532,Hougang Ave 8,HOUGANG,NORTH-EAST REGION,425.6,74;88;88A;147;147A;161;325;672
64371,Opp Punggol CC,Hougang Ave 6,HOUGANG,NORTH-EAST REGION,611.1,27;62;62A;113;161
64379,Punggol CC,Hougang Ave 6,HOUGANG,NORTH-EAST REGION,595.4,27;62;113;161
64381,Hougang Stn Exit C,Hougang Ave 10,HOUGANG,NORTH-EAST REGION,786.5,27;62;62A;80;80A;82;87;89;89e;113;161;325
64389,Blk 522,Hougang Ave 10,HOUGANG,NORTH-EAST REGION,770.6,27;62;80;82;87;89;89e;113;161;325
64391,Blk 831,Hougang Ave 10,HOUGANG,NORTH-EAST REGION,982.3,27;62;62A;80;80A;82;87;89;89e;113;161;325
64397,Blk 513,Hougang Ave 10,HOUGANG,NORTH-EAST REGION,923.4,27;80;87;89;89e;161
64399,Blk 512,Hougang Ave 10,HOUGANG,NORTH-EAST REGION,1020.3,62;82;113;325
64401,Opp Blk 477A,Upp S'goon Rd,HOUGANG,NORTH-EAST REGION,210.5,62;102;136;676;681
64409,Blk 477A,Upp S'goon Rd,HOUGANG,NORTH-EAST REGION,236.4,62;62A;102;136;676;681
64411,Blk 670,Hougang Ave 4,HOUGANG,NORTH-EAST REGION,897.8,72;88;88A;112;116;161;329;660;660M;675
64419,Blk 681,Hougang Ave 4,HOUGANG,NORTH-EAST REGION,919.1,72;72A;88;112;116;161;329;660;660M;675
64421,Blk 421,Hougang Ave 10,HOUGANG,NORTH-EAST REGION,515.3,80;82;87;89;89e;325
64429,Blk 412,Hougang Ave 10,HOUGANG,NORTH-EAST REGION,536.4,80;80A;82;87;89;89e;325
64431,Blk 568,Hougang St 51,HOUGANG,NORTH-EAST REGION,301.0,101;325;672
64439,Blk 537,Hougang St 51,HOUGANG,NORTH-EAST REGION,300.0,325
64441,Hougang G. Shop Mall,Hougang St 51,HOUGANG,NORTH-EAST REGION,227.9,101;325;672
64449,Opp Hougang G. Shop Mall,Hougang St 51,HOUGANG,NORTH-EAST REGION,203.7,325
64461,Blk 579,Buangkok Green,HOUGANG,NORTH-EAST REGION,393.5,43;43A;101;109;156;159;159A;161;325;672
64469,Opp Blk 579,Buangkok Green,HOUGANG,NORTH-EAST REGION,424.8,43;109;156;159;161;325
64471,Blk 917,Hougang Ave 9,HOUGANG,NORTH-EAST REGION,776.3,72;72A;109;109A;112;116;159;329;675;680
64479,Blk 665,Hougang Ave 9,HOUGANG,NORTH-EAST REGION,728.7,72;109;112;116;159;159A;329;675;680
64481,Bet Blks 930/931,Hougang Ave 9,HOUGANG,NORTH-EAST REGION,422.1,72;72A;109;109A;116;159;329;675;680
64489,Blk 946A,Hougang Ave 9,HOUGANG,NORTH-EAST REGION,410.0,72;109;112;116;159;159A;675;680
64491,Hougang 1,Hougang Ave 9,HOUGANG,NORTH-EAST REGION,229.1,72;72A;109;109A;116;159;325;675;680
64499,Regentville,Hougang Ave 9,HOUGANG,NORTH-EAST REGION,144.2,72;109;116;159;159A;675;680
64509,Blk 941A,Hougang St 92,HOUGANG,NORTH-EAST REGION,204.6,112
64519,Blk 943,Hougang St 92,HOUGANG,NORTH-EAST REGION,460.0,112
64521,Blk 834,Hougang Ave 4,HOUGANG,NORTH-EAST REGION,1163.0,72;72A;101;107;107M;116;165;329
64529,Hougang Polyclinic,Hougang Ave 4,HOUGANG,NORTH-EAST REGION,1158.3,72;101;107;107M;116;165;329
64541,Hougang Ctrl Int,Hougang Ctrl,HOUGANG,NORTH-EAST REGION,977.7,72;80;87;101;457;681
64549,Opp Hougang Ctrl Int,Hougang Ctrl,HOUGANG,NORTH-EAST REGION,953.8,72;72A;80;80A;87;101;457;681
64551,Blk 836,Hougang Ctrl,HOUGANG,NORTH-EAST REGION,1085.8,72;101;107;107M;116;165;329;681
64559,Blk 830A,Hougang Ctrl,HOUGANG,NORTH-EAST REGION,1063.1,72;72A;101;107;107M;116;165;329;681
64561,Blk 574,Hougang St 51,HOUGANG,NORTH-EAST REGION,544.4,101;672
64571,Blk 438,Hougang Ave 6,HOUGANG,NORTH-EAST REGION,212.7,27
64579,Bet Blks 544/546,Hougang Ave 6,HOUGANG,NORTH-EAST REGION,203.8,27
64601,Blk 919,Hougang Ave 4,HOUGANG,NORTH-EAST REGION,845.0,88;88A;109;109A;159;161;660;660M;680
64609,Blk 687,Hougang Ave 4,HOUGANG,NORTH-EAST REGION,805.4,88;109;159;159A;161;660;660M;680
64611,Blk 913,Hougang Ave 4,HOUGANG,NORTH-EAST REGION,620.1,88;88A;109;109A;159;161
64619,Opp Blk 913,Hougang Ave 4,HOUGANG,NORTH-EAST REGION,628.2,88;101;109;159;159A;161;672
64621,Blk 565,Buangkok Green,HOUGANG,NORTH-EAST REGION,97.5,43;43A;109;156;159;159A;161
64629,Opp Blk 565,Buangkok Green,HOUGANG,NORTH-EAST REGION,92.8,43;109;156;159;161
65009,Punggol Int,Punggol Pl,PUNGGOL,NORTH-EAST REGION,608.3,3;43;43A;43e;50;62;62A;82;83;83T;84G;84W;85;118;118A;119;136;381;382;382A;382G;382W;384;386;386A
65011,Blk 266/Opp The Rivervale,Punggol Rd,SENGKANG,NORTH-EAST REGION,242.1,80;82;87;88;89;89e;119;671;677
65019,Opp Blk 266/The Rivervale,Punggol Rd,SENGKANG,NORTH-EAST REGION,228.2,80;80A;82;87;88;88A;89;89e;119;671;677
65021,Opp Blk 110,Punggol Rd,SENGKANG,NORTH-EAST REGION,470.1,80;82;88;163;677
65029,Blk 111,Punggol Rd,SENGKANG,NORTH-EAST REGION,518.0,80;80A;82;88;88A;163;163A;163B;677
65031,Blk 227D,Punggol Rd,SENGKANG,NORTH-EAST REGION,778.7,82;88;163;372;677
65039,Blk 124,Punggol Rd,SENGKANG,NORTH-EAST REGION,795.1,82;88;88A;163;163A;163B;677
65041,Blk 231,Punggol Rd,SENGKANG,NORTH-EAST REGION,755.4,82;88;163;372;677
65049,Blk 126A,Punggol Rd,SENGKANG,NORTH-EAST REGION,733.4,82;88;88A;163;163A;163B;677
65059,St. Anne's Ch,Punggol Rd,SENGKANG,NORTH-EAST REGION,530.4,82;88;88A;136;161
65061,Blk 298A,Punggol Rd,SENGKANG,NORTH-EAST REGION,285.3,27;27A;82;83;86;88;89;89e;136;161;965
65069,Blk 190C,Punggol Rd,SENGKANG,NORTH-EAST REGION,243.7,27;82;83;83T;86;88;88A;89;89e;136;161;965
65071,Blk 203A,Punggol Rd,PUNGGOL,NORTH-EAST REGION,184.8,3;34;82;83;136
65079,Blk 102C,Punggol Rd,PUNGGOL,NORTH-EAST REGION,265.4,3;34;34A;82;83;83T;136
65081,Opp Blk 199C,Punggol Rd,PUNGGOL,NORTH-EAST REGION,487.1,34
65089,Opp Blk 296,Punggol Rd,PUNGGOL,NORTH-EAST REGION,554.6,34;34A
65091,Blk 301A,Punggol Rd,PUNGGOL,NORTH-EAST REGION,851.9,84G;84W;683
65099,Blk 604A,Punggol Rd,PUNGGOL,NORTH-EAST REGION,929.6,84G;84W;683
65101,Opp My First Skool PCC10,New Punggol Rd,PUNGGOL,NORTH-EAST REGION,1106.2,84W
65109,My First Skool PCC10,New Punggol Rd,PUNGGOL,NORTH-EAST REGION,1119.3,84G
65141,Aft Soo Teck Stn,Punggol Way,PUNGGOL,NORTH-EAST REGION,525.8,39;39A;43;43A;43e;118;118A;381
65149,Bef Soo Teck Stn,Punggol Way,PUNGGOL,NORTH-EAST REGION,508.1,39;39B;43;43e;118;381
65151,Cove Stn Exit B,Punggol Field,PUNGGOL,NORTH-EAST REGION,372.6,3;62;62A;83;136;666
65159,Cove Stn Exit A,Punggol Field,PUNGGOL,NORTH-EAST REGION,349.2,3;62;83;83T;136;666
65161,Meridian Stn Exit B,Punggol Field,PUNGGOL,NORTH-EAST REGION,379.7,3;62;62A;83;381;666
65169,Meridian Stn Exit A,Punggol Field,PUNGGOL,NORTH-EAST REGION,359.7,3;62;83;83T;381;666
65171,Coral Edge Stn Exit B,Punggol Field,PUNGGOL,NORTH-EAST REGION,437.2,3;62;62A;83;381;386;666
65179,Coral Edge Stn Exit A,Punggol Field,PUNGGOL,NORTH-EAST REGION,408.3,3;62;83;83T;381;666
65181,Aft Punggol Ctrl,Punggol East,PUNGGOL,NORTH-EAST REGION,381.9,50;381;666;678;683
65189,Bef Punggol Ctrl,Punggol East,PUNGGOL,NORTH-EAST REGION,365.5,50;381;666;678;683
65191,Bef Punggol Rd,TPE,SENGKANG,NORTH-EAST REGION,25.0,3;27;34;88;89;89e;109;110;118;118B;168;858;858B;969;969A
65199,Aft Punggol Rd,TPE,PUNGGOL,NORTH-EAST REGION,32.3,3;27;27A;34;34A;88;89;89A;89e;109;110;118;118A;168;168A;858;858B;969
65201,Opp Blk 201A,Punggol Field,PUNGGOL,NORTH-EAST REGION,384.5,62;62A;82;666
65209,Blk 201A,Punggol Field,PUNGGOL,NORTH-EAST REGION,358.9,62;82;666
65211,Bef Punggol Int,Punggol Pl,PUNGGOL,NORTH-EAST REGION,522.7,117;117M
65219,Opp Punggol Int,Punggol Pl,PUNGGOL,NORTH-EAST REGION,641.8,117;117M
65221,Blk 303D,Punggol Ctrl,PUNGGOL,NORTH-EAST REGION,761.2,3;34;34A;39;39B;44;83;83T;84G;84W;85;136;381;386;386A;459
65229,Blk 298,Punggol Ctrl,PUNGGOL,NORTH-EAST REGION,715.6,3;34;39;39A;44;83;84G;84W;85;136;381;386;459
65231,Riviera Stn Exit B,Punggol East,PUNGGOL,NORTH-EAST REGION,334.2,3;50;83;85;381;386;666;678;683
65239,Riviera Stn Exit A,Punggol East,PUNGGOL,NORTH-EAST REGION,298.7,3;50;83;83T;85;381;666;678;683
65241,Blk 196C,Edgefield Plains,PUNGGOL,NORTH-EAST REGION,471.2,136;381
65249,Blk 178,Edgefield Plains,PUNGGOL,NORTH-EAST REGION,551.7,136;381
65251,Punggol Stn/Waterway Pt,Punggol Ctrl,PUNGGOL,NORTH-EAST REGION,775.5,34;34A;39;39B;44;381;459
65259,Punggol Stn/Int,Punggol Ctrl,PUNGGOL,NORTH-EAST REGION,748.6,34;39;39A;43;43A;43e;44;118;118A;381;384;459
65261,Blk 649,Punggol Ctrl,PUNGGOL,NORTH-EAST REGION,590.1,3;39;39B;44;83;83T;85;459;678;683
65269,Blk 162B,Punggol Ctrl,PUNGGOL,NORTH-EAST REGION,517.9,3;39;39A;44;83;85;386;459;678;683
65271,Bet Blks 622A/622B,Punggol Ctrl,PUNGGOL,NORTH-EAST REGION,740.2,3;39;39B;44;83;83T;85;459;678;683
65279,Bet Blks 187/188,Punggol Ctrl,PUNGGOL,NORTH-EAST REGION,722.0,3;39;39A;44;83;85;459;678;683
65281,Punggol Sec/Blk 601B,Punggol Ctrl,PUNGGOL,NORTH-EAST REGION,738.1,3;39;39B;44;83;83T;85;136;381;386;386A;459;683
65289,Opp Punggol Sec/Blk 195E,Punggol Ctrl,PUNGGOL,NORTH-EAST REGION,700.2,3;39;39A;44;83;85;136;381;386;459;683
65301,Damai Stn Exit B,Punggol Dr,PUNGGOL,NORTH-EAST REGION,1066.3,50;666;683
65309,Damai Stn Exit A,Punggol Dr,PUNGGOL,NORTH-EAST REGION,1090.2,50;666;683
65311,Oasis Stn Exit B/Blk 617D,Punggol Dr,PUNGGOL,NORTH-EAST REGION,1082.5,50;381;386;666;683
65319,Oasis Stn Exit A,Punggol Dr,PUNGGOL,NORTH-EAST REGION,1101.1,50;381;386;386A;666;683
65321,Kadaloor Stn Exit B,Punggol Dr,PUNGGOL,NORTH-EAST REGION,645.7,50;666;683
65329,Kadaloor Stn Exit A,Punggol Dr,PUNGGOL,NORTH-EAST REGION,740.6,50;666;683
65331,Opp Blk 268D,Punggol Field,PUNGGOL,NORTH-EAST REGION,384.4,117;117M;119;381;382;382A;382G;666
65339,Blk 268C,Punggol Field,PUNGGOL,NORTH-EAST REGION,398.4,117;117M;119;381;382;382W;666
65341,Opp Blk 272C,Punggol Field,PUNGGOL,NORTH-EAST REGION,373.1,117;117M;119;381;382;382A;382G;666
65349,Blk 272C,Punggol Field,PUNGGOL,NORTH-EAST REGION,396.2,117;117M;119;381;382;382W;666
65351,Punggol View Pr Sch,Punggol Pl,PUNGGOL,NORTH-EAST REGION,941.1,50;117;117M;382;382G
65359,Opp Punggol View Pr Sch,Punggol Pl,PUNGGOL,NORTH-EAST REGION,885.8,50;117;117M;382;382W
65371,Blk 682A,Edgedale Plains,PUNGGOL,NORTH-EAST REGION,980.8,381;386;386A
65379,Blk 661A,Edgedale Plains,PUNGGOL,NORTH-EAST REGION,969.1,381;386
65381,Punggol Sec Sch,Edgefield Plains,PUNGGOL,NORTH-EAST REGION,868.9,386;386A;678
65389,Opp Punggol Sec Sch,Edgefield Plains,PUNGGOL,NORTH-EAST REGION,906.2,386;678
65391,Blk 672A,Edgefield Plains,PUNGGOL,NORTH-EAST REGION,1132.5,381;386;386A;678
65399,Blk 670A,Edgefield Plains,PUNGGOL,NORTH-EAST REGION,1133.0,381;386;678
65401,Opp Blk 264A,Punggol Ctrl,PUNGGOL,NORTH-EAST REGION,579.5,34;34A;39;39B;43;43e;44;118;381;384
65409,Bef Blk 264,Punggol Ctrl,PUNGGOL,NORTH-EAST REGION,673.3,34;39;39A;43;43A;43e;44;118;118A;381;384
65411,Horizon Pr Sch,Edgedale Plains,PUNGGOL,NORTH-EAST REGION,880.5,386
65419,Opp Horizon Pr Sch,Edgedale Plains,PUNGGOL,NORTH-EAST REGION,873.3,386
65429,Greendale Pr Sch,Edgedale Plains,PUNGGOL,NORTH-EAST REGION,598.7,386
65431,Twin Waterfalls,Punggol Way,PUNGGOL,NORTH-EAST REGION,281.0,39;39A;43;43A;43e;104;117;117M;118;118A;119;666;673
65439,Blk 220C,Punggol Way,PUNGGOL,NORTH-EAST REGION,198.4,39;39B;43;43e;104;117;117M;118;119;666;673
65441,Opp Blk 315B,Sumang Walk,PUNGGOL,NORTH-EAST REGION,213.7,34;382;382G;673
65449,Blk 315B,Sumang Walk,PUNGGOL,NORTH-EAST REGION,235.4,34;34A;382;382W;673
65451,Blk 322 CP,Sumang Walk,PUNGGOL,NORTH-EAST REGION,212.4,34;382;382G;673
65459,Opp Blk 322 CP,Sumang Walk,PUNGGOL,NORTH-EAST REGION,229.3,34;34A;382;382W;673
65461,Blk 312 CP,Sumang Link,PUNGGOL,NORTH-EAST REGION,626.0,84W;382;382G
65469,Blk 310B,Sumang Link,PUNGGOL,NORTH-EAST REGION,594.9,84G;382;382W
65481,Opp One Punggol,Sentul Cres,PUNGGOL,NORTH-EAST REGION,1096.1,84W;117;117M;382;382G
65489,One Punggol,Sentul Cres,PUNGGOL,NORTH-EAST REGION,1110.7,84G;117;117M;382;382W
65491,Opp Blk 259 CP,Sumang Walk,PUNGGOL,NORTH-EAST REGION,421.7,104;382;382G;673
65499,Blk 259 CP,Sumang Walk,PUNGGOL,NORTH-EAST REGION,423.4,104;382;382W;673
65521,Waterwoods,Punggol East,PUNGGOL,NORTH-EAST REGION,206.9,50;62;85;678;683
65529,Aft Punggol Field,Punggol East,PUNGGOL,NORTH-EAST REGION,301.7,50;50A;62;62A;85;678;683
65531,Blk 226A,Sumang Lane,PUNGGOL,NORTH-EAST REGION,225.0,104;382;382A;382G;673
65539,Blk 224A,Sumang Lane,PUNGGOL,NORTH-EAST REGION,214.7,104;382;382W;673
65541,Blk 228B,Sumang Crescent,PUNGGOL,NORTH-EAST REGION,257.1,104;382;382A;382G;673
65549,Opp Blk 228B,Sumang Crescent,PUNGGOL,NORTH-EAST REGION,261.2,104;382;382W;673
65551,Blk 227A,Punggol Field,PUNGGOL,NORTH-EAST REGION,368.9,104;382;382A;382G;673
65559,Opp Blk 227A,Punggol Field,PUNGGOL,NORTH-EAST REGION,284.5,104;382;382W;673
65561,Blk 659A,Punggol East,PUNGGOL,NORTH-EAST REGION,492.1,381;678;683
65569,Blk 656A,Punggol East,PUNGGOL,NORTH-EAST REGION,457.6,381;678;683
65571,Blk 218,Punggol Field,PUNGGOL,NORTH-EAST REGION,375.2,104;382;382A;382G;673
65579,Blk 258A,Punggol Field,PUNGGOL,NORTH-EAST REGION,392.1,104;382;382W;673
65581,Opp Blk 683A,Punggol North Avenue,PUNGGOL,NORTH-EAST REGION,1032.8,678
65589,Blk 683A,Punggol North Avenue,PUNGGOL,NORTH-EAST REGION,1036.1,678
65591,Opp Blk 662A,Punggol North Avenue,PUNGGOL,NORTH-EAST REGION,789.5,381;678
65599,Blk 662A,Punggol North Avenue,PUNGGOL,NORTH-EAST REGION,826.9,381;678
65601,Sumang Stn Exit B,Punggol Ctrl,PUNGGOL,NORTH-EAST REGION,476.8,44;104;384
65609,Sumang Stn Exit A,Punggol Ctrl,PUNGGOL,NORTH-EAST REGION,442.2,44;104;384
65611,Nibong Stn Exit B,Punggol Way,PUNGGOL,NORTH-EAST REGION,444.7,44;84W;104;384
65619,Nibong Stn Exit A,Punggol Way,PUNGGOL,NORTH-EAST REGION,412.3,34;44;84G;104;384;673
65621,Samudera Stn Exit B,Punggol Way,PUNGGOL,NORTH-EAST REGION,309.7,34;34A;44;84W;104;384;673
65629,Samudera Stn Exit A,Punggol Way,PUNGGOL,NORTH-EAST REGION,281.3,34;44;84G;673
65631,Aft Punggol Pt Stn,Punggol Way,PUNGGOL,NORTH-EAST REGION,336.7,34;34A;44;84W;384;673
65639,Bef Punggol Pt Stn,Punggol Way,PUNGGOL,NORTH-EAST REGION,312.5,34;44;84G;673
65641,Marina Country Club,Northshore Dr,PUNGGOL,NORTH-EAST REGION,147.5,104;384
65651,Blk 413C,Northshore Dr,PUNGGOL,NORTH-EAST REGION,131.5,104;384
65661,Blk 421C,Northshore Dr,PUNGGOL,NORTH-EAST REGION,161.4,104;384
65669,Northshore Pr Sch,Northshore Dr,PUNGGOL,NORTH-EAST REGION,181.5,104
65671,Punggol Cove Pr Sch,Sumang Link,PUNGGOL,NORTH-EAST REGION,309.0,34;382G;673
65679,Opp Punggol Cove Pr Sch,Sumang Link,PUNGGOL,NORTH-EAST REGION,339.6,34;34A;382W;673
65681,Bef Northshore Cres,Northshore Dr,PUNGGOL,NORTH-EAST REGION,226.6,84W;104
65689,Aft Northshore Cres,Northshore Dr,PUNGGOL,NORTH-EAST REGION,208.4,84G;104
65691,Opp Blk 437B,New Punggol Rd,PUNGGOL,NORTH-EAST REGION,109.8,84G;84W
65699,Blk 437B,New Punggol Rd,PUNGGOL,NORTH-EAST REGION,106.1,84G;84W
65701,Opp SIT Punggol,New Punggol Rd,PUNGGOL,NORTH-EAST REGION,609.2,84G;381
65709,Bef SIT Punggol,New Punggol Rd,PUNGGOL,NORTH-EAST REGION,680.6,84W;381
65711,Blk 446B,New Punggol Rd,PUNGGOL,NORTH-EAST REGION,252.9,84G;104
65719,Blk 432B,New Punggol Rd,PUNGGOL,NORTH-EAST REGION,265.4,84W;104
65721,Opp Punggol Coast Stn,New Punggol Rd,PUNGGOL,NORTH-EAST REGION,306.2,84G;381
65729,Punggol Coast Stn,New Punggol Rd,PUNGGOL,NORTH-EAST REGION,360.5,84W;381
65731,Teck Lee Stn Exit B,Sentul Wk,PUNGGOL,NORTH-EAST REGION,754.1,117;117M
65739,Teck Lee Stn Exit A,Sentul Wk,PUNGGOL,NORTH-EAST REGION,766.2,117;117M
65791,Waterway Pr Sch,Punggol East,PUNGGOL,NORTH-EAST REGION,432.1,381;678;683
65799,Blk 654D,Punggol East,PUNGGOL,NORTH-EAST REGION,409.3,381;678;683
65801,Blk 309D,Anchorvale Rd,SENGKANG,NORTH-EAST REGION,504.2,50;671;677
65809,Anchor Green Pr Sch,Anchorvale Rd,SENGKANG,NORTH-EAST REGION,547.0,50;50A;671;677
66009,Serangoon Int,S'goon Ave 2,SERANGOON,NORTH-EAST REGION,577.6,100;100A;101;103;105;109;109A;158;315;317;506
66011,Aft Braddell Rd,Lor Chuan,SERANGOON,NORTH-EAST REGION,93.0,73;105;159
66019,Bef Braddell Rd,Lor Chuan,SERANGOON,NORTH-EAST REGION,94.9,73;73T;105;159
66021,New Tech Pk,Lor Chuan,SERANGOON,NORTH-EAST REGION,336.3,73;105;159
66029,St. Gabriel's Pr Sch,Lor Chuan,SERANGOON,NORTH-EAST REGION,356.6,73;73T;105;159
66031,Cardiff Residence,Lor Chuan,SERANGOON,NORTH-EAST REGION,973.5,22;24;45;53;73;133;135;136;156;853;853M
66039,Blk 307,Lor Chuan,SERANGOON,NORTH-EAST REGION,940.8,22;24;45;53;73;73T;133;135;136;156;853;853M
66041,Blk 230,Boundary Rd,SERANGOON,NORTH-EAST REGION,594.8,22;24;53;109;109A;156;315;853;853M
66049,Blk 233,Boundary Rd,SERANGOON,NORTH-EAST REGION,687.7,22;24;53;109;156;853;853M
66051,Opp Blk 257,Boundary Rd,SERANGOON,NORTH-EAST REGION,390.3,22;24;53;109;109A;156;315;853;853M
66059,Blk 257A,Boundary Rd,SERANGOON,NORTH-EAST REGION,404.1,22;24;53;109;156;315;853;853M
66061,Aft Lynwood Gr,Braddell Rd,SERANGOON,NORTH-EAST REGION,12.3,13;28;93;129;153;155
66069,Bef Braddell Flyover,Braddell Rd,TOA PAYOH,CENTRAL REGION,20.4,13;28;93;129;153;155
66071,Opp PUB Recreation Club,Braddell Rd,SERANGOON,NORTH-EAST REGION,20.9,13;28;93;153;155
66079,PUB Recreation Club,Braddell Rd,TOA PAYOH,CENTRAL REGION,27.1,13;28;93;153;155
66081,Opp S'pore Power Trg Inst,Braddell Rd,SERANGOON,NORTH-EAST REGION,36.0,28;93;153
66089,S'pore Power Trg Inst,Braddell Rd,TOA PAYOH,CENTRAL REGION,34.8,13;28;93;153;155
66091,Golden Hill Est,Ang Mo Kio Ave 1,SERANGOON,NORTH-EAST REGION,507.8,22;24;45;53;58;133;135;136;156;159;853;853M
66099,Opp Golden Hill Est,Ang Mo Kio Ave 1,SERANGOON,NORTH-EAST REGION,500.8,22;24;45;53;58;133;135;136;156;159;853;853M
66101,Blk 516,Ang Mo Kio Ave 3,SERANGOON,NORTH-EAST REGION,364.2,25;55;74;76;116;116A;132;165;680
66109,Blk 151,Ang Mo Kio Ave 3,SERANGOON,NORTH-EAST REGION,118.8,25;55;74;76;116;132;165;680
66111,Opp Grace Wk,Lor Chuan,SERANGOON,NORTH-EAST REGION,639.1,73;136;315
66119,Summer Pl,Lor Chuan,SERANGOON,NORTH-EAST REGION,698.8,73;73T;136;315
66121,Chuan Terr,Lor Chuan,SERANGOON,NORTH-EAST REGION,613.6,73;136;315
66129,Aft Chuan Gdn,Lor Chuan,SERANGOON,NORTH-EAST REGION,589.6,73;73T;136;315
66131,Aft Trinity Meth Ch,S'goon Gdn Way,SERANGOON,NORTH-EAST REGION,363.2,73;136;315;317
66139,Opp Trinity Meth Ch,S'goon Gdn Way,SERANGOON,NORTH-EAST REGION,462.7,73;73T;136;315;317
66141,Bef Yio Chu Kang Rd,S'goon Gdn Way,SERANGOON,NORTH-EAST REGION,118.5,73;136;315;317
66149,Aft Yio Chu Kang Rd,S'goon Gdn Way,SERANGOON,NORTH-EAST REGION,114.9,73;73T;136;315;317
66151,Opp Penshurst Pl,Chartwell Dr,SERANGOON,NORTH-EAST REGION,706.9,317
66161,Opp Crowhurst Dr,Chartwell Dr,SERANGOON,NORTH-EAST REGION,645.4,317
66171,Bef Cooling Cl,Chartwell Dr,SERANGOON,NORTH-EAST REGION,592.4,317
66181,Aft Chartwell Rd,Burghley Dr,SERANGOON,NORTH-EAST REGION,445.0,317
66191,Aft Corfe Pl,Burghley Dr,SERANGOON,NORTH-EAST REGION,163.5,317
66201,Opp Brockhampton Dr,Berwick Dr,SERANGOON,NORTH-EAST REGION,91.8,317
66211,Opp Bloxhome Dr,Berwick Dr,SERANGOON,NORTH-EAST REGION,159.2,317
66221,Opp Portchester Ave,Tavistock Ave,SERANGOON,NORTH-EAST REGION,193.9,317
66231,Bef Huddington Ave,Tavistock Ave,SERANGOON,NORTH-EAST REGION,389.8,317
66241,Hemsley Ave,Hemsley Ave,SERANGOON,NORTH-EAST REGION,523.1,317
66251,Opp Kingswear Ave,Kensington Pk Rd,SERANGOON,NORTH-EAST REGION,640.9,317
66261,S'goon Gdns Country Club,Kensington Pk Rd,SERANGOON,NORTH-EAST REGION,670.8,317
66271,S'goon Gdn Circus,S'goon Gdn Way,SERANGOON,NORTH-EAST REGION,662.8,73;73T;136;315;317
66291,Aft Medway Dr,Berwick Dr,SERANGOON,NORTH-EAST REGION,184.6,317
66301,Blk 152,S'goon Nth Ave 1,SERANGOON,NORTH-EAST REGION,450.0,315
66309,Blk 112,S'goon Nth Ave 1,SERANGOON,NORTH-EAST REGION,459.0,315
66311,Blk 141A,S'goon Nth Ave 1,SERANGOON,NORTH-EAST REGION,149.3,315
66319,Bet Blks 142/148,S'goon Nth Ave 1,SERANGOON,NORTH-EAST REGION,211.7,315
66321,Opp Blk 127,S'goon Nth Ave 1,SERANGOON,NORTH-EAST REGION,211.9,315
66329,Blk 126,S'goon Nth Ave 1,SERANGOON,NORTH-EAST REGION,275.5,315
66331,Blk 554,Ang Mo Kio Ave 3,SERANGOON,NORTH-EAST REGION,695.2,25;55;73;73T;74;76;132;165;315;660;660M;680
66339,Blk 101,Ang Mo Kio Ave 3,SERANGOON,NORTH-EAST REGION,666.3,25;55;73;74;76;132;165;660;660M;680
66341,Daikin S'pore,Ang Mo Kio Ave 3,SERANGOON,NORTH-EAST REGION,506.5,25;55;73;73T;74;76;132;165
66349,Opp Daikin S'pore,Ang Mo Kio Ave 3,SERANGOON,NORTH-EAST REGION,517.6,25;55;73;74;76;132;165
66351,S'goon Stn Exit E,S'goon Ctrl,SERANGOON,NORTH-EAST REGION,420.7,22;43;53;70;70M;81;82;104;315
66359,S'goon Stn Exit C/Blk 201,S'goon Ctrl,SERANGOON,NORTH-EAST REGION,400.1,22;43;43A;53;53M;70;70A;70B;70M;104;116;116A;315
66361,Blk 319,S'goon Ave 2,SERANGOON,NORTH-EAST REGION,917.7,45;109;109A;133;135
66369,Blk 238,S'goon Ave 2,SERANGOON,NORTH-EAST REGION,871.7,45;109;133;135
66371,Blk 261,S'goon Ctrl,SERANGOON,NORTH-EAST REGION,449.1,22;43;53;70;70M;81;82;104;147;315;853;853M
66379,Blk 206,S'goon Ctrl,SERANGOON,NORTH-EAST REGION,418.5,22;43;43A;53;53M;70;70A;70B;70M;104;116;116A;147;147A;315;853;853M
66381,Opp S'goon Stn Exit F,S'goon Ave 2,SERANGOON,NORTH-EAST REGION,636.5,45;58;133;135
66389,S'goon Stn Exit F,S'goon Ave 2,SERANGOON,NORTH-EAST REGION,626.6,45;58;105;109;133;135
66391,Lor Chuan Stn Exit A,S'goon Ave 3,SERANGOON,NORTH-EAST REGION,744.9,58;105
66399,Opp Lor Chuan Stn Exit B,S'goon Ave 3,SERANGOON,NORTH-EAST REGION,588.1,58;105
66401,Golden Hts,S'goon Ave 3,SERANGOON,NORTH-EAST REGION,570.6,58;105
66409,Opp Golden Hts,S'goon Ave 3,SERANGOON,NORTH-EAST REGION,556.9,58;105
66411,Blk 326,S'goon Ave 3,SERANGOON,NORTH-EAST REGION,737.4,58;105
66419,Blk 330,S'goon Ave 3,SERANGOON,NORTH-EAST REGION,768.3,58;105
66421,Blk 537,S'goon Nth Ave 4,SERANGOON,NORTH-EAST REGION,390.8,73;73T;116;315
66429,Blk 530,S'goon Nth Ave 4,SERANGOON,NORTH-EAST REGION,495.9,73;116;116A
66431,Opp Blk 506A,S'goon Nth Ave 4,SERANGOON,NORTH-EAST REGION,176.2,73;73T;116;315
66439,Blk 504A CP,S'goon Nth Ave 4,SERANGOON,NORTH-EAST REGION,162.4,73;116;116A
66451,Aft AMK Ind Pk 2,Ang Mo Kio Ave 5,SERANGOON,NORTH-EAST REGION,911.4,50;72;72A;88;88B;159
66459,Opp Ang Mo Kio Linear Pk,Ang Mo Kio Ave 5,SERANGOON,NORTH-EAST REGION,667.0,50;50A;72;88;88A;159;159A
66461,Ang Mo Kio Linear Pk,Ang Mo Kio Ave 5,SERANGOON,NORTH-EAST REGION,606.4,50;72;72A;88;88B
66471,Bef Yio Chu Kang Rd,Ang Mo Kio Ave 5,SERANGOON,NORTH-EAST REGION,263.5,50;72;72A;88;88B
66479,Aft Yio Chu Kang Rd,Ang Mo Kio Ave 5,SERANGOON,NORTH-EAST REGION,271.4,50;50A;72;88;88A
66481,Opp Blk 968,Buangkok Green,HOUGANG,NORTH-EAST REGION,176.1,43;88;156;660
66489,Blk 969,Buangkok Green,HOUGANG,NORTH-EAST REGION,249.8,43;43A;88;88A;156;325;660
66491,Opp Blk 910,Buangkok Green,HOUGANG,NORTH-EAST REGION,653.7,43;88;101;156;325
66499,Blk 911,Buangkok Green,HOUGANG,NORTH-EAST REGION,641.4,43;43A;88;88A;101;156;325
66509,Blk 546,S'goon Nth Ave 5,SERANGOON,NORTH-EAST REGION,761.2,315
66511,Yio Chu Kang Amenity Ctr,S'goon Nth Ave 6,SERANGOON,NORTH-EAST REGION,574.9,159
66519,Ang Mo Kio TechLink,S'goon Nth Ave 6,SERANGOON,NORTH-EAST REGION,580.7,159;159A
66521,Ban Teck Han Bldg,S'goon Nth Ave 5,SERANGOON,NORTH-EAST REGION,340.8,159
66529,Blk 538,S'goon Nth Ave 5,SERANGOON,NORTH-EAST REGION,424.2,159;159A;315
66531,Opp Blk 531,S'goon Nth Ave 5,SERANGOON,NORTH-EAST REGION,234.8,159
66539,Blk 531,S'goon Nth Ave 5,SERANGOON,NORTH-EAST REGION,220.0,159;159A;315
66541,Blk 980C,Buangkok Link,HOUGANG,NORTH-EAST REGION,513.9,101;329;660M;680
66549,Opp Blk 980C,Buangkok Link,HOUGANG,NORTH-EAST REGION,528.9,101;329;660M;680
66551,Blk 984,Buangkok Link,HOUGANG,NORTH-EAST REGION,503.3,101;114;114A
66559,Opp Blk 984A,Buangkok Link,HOUGANG,NORTH-EAST REGION,509.7,114;329
66561,Blk 991B,Buangkok Link,HOUGANG,NORTH-EAST REGION,333.2,101;114;114A
66569,Opp Blk 991B,Buangkok Link,HOUGANG,NORTH-EAST REGION,348.3,114;329
66571,Buangkok Sq,Buangkok Cres,HOUGANG,NORTH-EAST REGION,317.1,101;114;114A;660M;680
66579,Blk 998B,Buangkok Cres,HOUGANG,NORTH-EAST REGION,395.6,114;329;660M;680
66581,Blk 986B,Buangkok Cres,HOUGANG,NORTH-EAST REGION,316.0,101;114;114A;660M;680
66589,Buangkok Sports Pk,Buangkok Cres,HOUGANG,NORTH-EAST REGION,279.8,114;329;660M;680
66599,KLA Corporation,S'goon Nth Ave 5,SERANGOON,NORTH-EAST REGION,897.1,315
66601,Blk 991A,Buangkok Cres,HOUGANG,NORTH-EAST REGION,218.0,101;114;114A;660M;680
66609,Opp Blk 991A,Buangkok Cres,HOUGANG,NORTH-EAST REGION,215.7,114;329;660M;680
66701,Goldenhill Pk Condo,Lor Chuan,SERANGOON,NORTH-EAST REGION,583.5,58;73;159
66709,Lor Chuan Stn Exit B,Lor Chuan,SERANGOON,NORTH-EAST REGION,603.3,58;73;73T;159
67009,Sengkang Int,Sengkang Sq,SENGKANG,NORTH-EAST REGION,880.5,83;83T;159;159A;163;163A;163B;371;SWA;SWB
67011,Bef Begonia Rd,Yio Chu Kang Rd,SENGKANG,NORTH-EAST REGION,18.6,70;70A;70B;70M;86;86B;114;163;679;854
67019,Aft Begonia Rd,Yio Chu Kang Rd,SERANGOON,NORTH-EAST REGION,20.0,70;70M;86;86A;114;163;163B;679;854
67021,Opp Dedap Rd,Yio Chu Kang Rd,SENGKANG,NORTH-EAST REGION,17.7,70;70A;70B;70M;86;86B;114;163;679;854
67029,Aft Dedap Rd,Yio Chu Kang Rd,SERANGOON,NORTH-EAST REGION,17.1,70;70M;86;86A;114;163;163B;679;854
67039,Aft Seletar Rd,Yio Chu Kang Rd,SERANGOON,NORTH-EAST REGION,13.7,70;70M;86;86A;114;163;163B;679;854
67041,Opp The Greenwich,Yio Chu Kang Rd,SENGKANG,NORTH-EAST REGION,20.6,50;50A;70;70A;70B;70M;103;854
67049,The Greenwich,Yio Chu Kang Rd,SERANGOON,NORTH-EAST REGION,20.9,50;70;70M;103;854
67051,Opp Seletar Hills Est,Yio Chu Kang Rd,SENGKANG,NORTH-EAST REGION,6.5,50;50A;70;70A;70B;70M;103;854;854e
67059,Seletar Hills Est,Yio Chu Kang Rd,SERANGOON,NORTH-EAST REGION,31.6,50;70;70M;103;854
67061,Aft Jln Selaseh,Yio Chu Kang Rd,HOUGANG,NORTH-EAST REGION,19.3,50;50A;70;70A;70B;70M;103;104;854
67069,Bef Jln Selaseh,Yio Chu Kang Rd,SERANGOON,NORTH-EAST REGION,12.3,50;70;70M;103;104;854
67071,Bef Gerald Dr,Yio Chu Kang Rd,HOUGANG,NORTH-EAST REGION,10.0,50;50A;70;70A;70B;70M;103;104;854
67079,Ch of St. Vincent de Paul,Yio Chu Kang Rd,SERANGOON,NORTH-EAST REGION,18.2,50;70;70M;103;104;854
67081,Aft Yio Chu Kang Rd,Sengkang West Rd,SENGKANG,NORTH-EAST REGION,181.8,50;86;86B;103;114;679;682
67089,Bef Fernvale Lane,Sengkang West Rd,SENGKANG,NORTH-EAST REGION,233.7,50;50A;86;86A;103;114;679;682
67091,Opp Blk 459B,Sengkang West Rd,SENGKANG,NORTH-EAST REGION,508.8,102;102A;114;682
67099,Blk 459B,Sengkang West Rd,SENGKANG,NORTH-EAST REGION,602.6,102;102B;114;682
67101,Blk 250A,Sengkang East Way,SENGKANG,NORTH-EAST REGION,746.8,50;119;161;163;163A;163B;458;677
67109,Blk 235,Sengkang East Way,SENGKANG,NORTH-EAST REGION,763.2,50;50A;119;161;163;372;458;677
67111,CHIJ St. Joseph's Convent,Sengkang East Way,SENGKANG,NORTH-EAST REGION,601.8,50;119;136;458
67119,Blk 128,Sengkang East Way,SENGKANG,NORTH-EAST REGION,585.8,50;50A;119;136;458
67121,Blk 142A,Sengkang East Way,SENGKANG,NORTH-EAST REGION,507.3,50;119;136;458
67129,Blk 137,Sengkang East Way,SENGKANG,NORTH-EAST REGION,533.8,50;50A;119;136;458
67131,Bakau Stn/Blk 122F,Rivervale Dr,SENGKANG,NORTH-EAST REGION,631.2,85;86;119;136;458;654
67139,Nth Spring Pr Sch,Rivervale Dr,SENGKANG,NORTH-EAST REGION,748.4,85;86;119;136;458;654
67141,Blk 119D,Rivervale Dr,SENGKANG,NORTH-EAST REGION,626.3,85;86;119;136;458;654
67151,Kangkar Stn Exit B,Rivervale Dr,SENGKANG,NORTH-EAST REGION,373.3,119;136;458;654
67159,Kangkar Stn Exit A,Rivervale Dr,SENGKANG,NORTH-EAST REGION,463.5,119;136;458;654
67161,Opp Blk 101,Sengkang East Ave,SENGKANG,NORTH-EAST REGION,265.4,119
67169,Blk 101,Sengkang East Ave,SENGKANG,NORTH-EAST REGION,311.2,119
67171,Blk 225A,Compassvale Dr,SENGKANG,NORTH-EAST REGION,841.7,80;80A;85;86;372
67179,Opp Blk 225A,Compassvale Dr,SENGKANG,NORTH-EAST REGION,868.8,80;85;86
67181,Blk 240,Compassvale Rd,SENGKANG,NORTH-EAST REGION,884.5,27;89;89e;102;159;372
67189,Opp Blk 241,Compassvale Rd,SENGKANG,NORTH-EAST REGION,944.4,27;27A;89;89e;102;163;163A;163B;371
67191,Blk 223D,Compassvale Rd,SENGKANG,NORTH-EAST REGION,1045.1,27;80;80A;86;87;89;89e;102;372
67199,Opp Blk 223D,Compassvale Rd,SENGKANG,NORTH-EAST REGION,995.8,27;27A;80;86;87;89;89e;102
67201,Blk 206A,Compassvale Rd,SENGKANG,NORTH-EAST REGION,761.9,27;87;89;89e;110;671
67209,Blk 203,Compassvale Rd,SENGKANG,NORTH-EAST REGION,786.1,27;27A;87;89;89e;110;671
67211,Ranggung Stn Exit A,Sengkang East Ave,SENGKANG,NORTH-EAST REGION,492.1,87;89;89e;163;671;677
67219,Ranggung Stn Exit B,Sengkang East Ave,SENGKANG,NORTH-EAST REGION,467.1,87;89;89e;163;163A;163B;671;677
67221,Rumbia Stn Exit B/Blk 153,Rivervale Dr,SENGKANG,NORTH-EAST REGION,283.1,86;371;654
67229,Rumbia Stn Exit A,Rivervale Dr,SENGKANG,NORTH-EAST REGION,314.6,86;654
67231,Rivervale Pr Sch,Rivervale Dr,SENGKANG,NORTH-EAST REGION,303.4,86;371;654
67239,Opp Rivervale Pr Sch,Rivervale Dr,SENGKANG,NORTH-EAST REGION,333.9,86;371;654
67241,Blk 248A,Compassvale Rd,SENGKANG,NORTH-EAST REGION,656.0,27;89;89e;371;965
67249,Blk 259C,Compassvale Rd,SENGKANG,NORTH-EAST REGION,574.0,27;27A;89;89e;371;965
67251,Compassvale Stn Exit A,Compassvale St,SENGKANG,NORTH-EAST REGION,415.3,27;83;83T;89;89e;371;654;965
67259,Compassvale Stn Exit B,Compassvale St,SENGKANG,NORTH-EAST REGION,385.3,27;27A;83;89;89e;371;654;965
67261,Blk 203B,Sengkang East Ave,SENGKANG,NORTH-EAST REGION,730.3,27;27A;110;163;677
67269,Opp Blk 203A,Sengkang East Ave,SENGKANG,NORTH-EAST REGION,684.4,27;110;163;163A;163B;677
67271,Blk 201 CP,Sengkang East Rd,SENGKANG,NORTH-EAST REGION,779.8,109;159;159A;161;965
67279,Blk 301D,Sengkang East Rd,SENGKANG,NORTH-EAST REGION,743.8,109;159;161;965
67281,Blk 403A,Fernvale Lane,SENGKANG,NORTH-EAST REGION,212.6,163;163A;163B
67289,Opp Blk 405C,Fernvale Lane,SENGKANG,NORTH-EAST REGION,257.6,163
67291,Renjong Stn Exit B,Sengkang East Ave,SENGKANG,NORTH-EAST REGION,507.0,163;677;SWA
67299,Renjong Stn Exit A,Sengkang East Ave,SENGKANG,NORTH-EAST REGION,478.7,163;163A;163B;677
67301,Blk 305D,Sengkang East Ave,SENGKANG,NORTH-EAST REGION,453.1,163;677;SWA
67309,Opp Blk 305 CP,Sengkang East Ave,SENGKANG,NORTH-EAST REGION,435.0,163;163A;163B;677
67311,Farmway Stn Exit B,Anchorvale St,SENGKANG,NORTH-EAST REGION,434.8,110;654;SWB
67319,Farmway Stn Exit A,Anchorvale St,SENGKANG,NORTH-EAST REGION,400.8,110;654
67321,Blk 311A,Sengkang East Ave,SENGKANG,NORTH-EAST REGION,430.0,50;163;671
67329,Opp Blk 310B,Sengkang East Ave,SENGKANG,NORTH-EAST REGION,399.8,50;50A;163;163A;163B;671
67331,Blk 200B,Sengkang East Ave,SENGKANG,NORTH-EAST REGION,674.7,156;163;677;965
67339,Opp Blk 200B,Sengkang East Ave,SENGKANG,NORTH-EAST REGION,660.7,156;163;163A;163B;677;965
67341,Opp Blk 204 CP,Compassvale Dr,SENGKANG,NORTH-EAST REGION,962.3,85;102;110;372;671;682
67349,Blk 204 CP,Compassvale Dr,SENGKANG,NORTH-EAST REGION,933.7,85;102;110;372;671;682
67351,Blk 321 CP,Anchorvale Dr,SENGKANG,NORTH-EAST REGION,859.0,110;372;671;682
67359,Nan Chiau High Sch,Anchorvale Dr,SENGKANG,NORTH-EAST REGION,803.5,110;372;671;682
67361,Blk 313B,Anchorvale Dr,SENGKANG,NORTH-EAST REGION,733.3,110;372;671;682
67369,Blk 306 CP,Anchorvale Dr,SENGKANG,NORTH-EAST REGION,722.7,110;372;671;682
67371,Blk 313 CP,Anchorvale Rd,SENGKANG,NORTH-EAST REGION,793.2,50;50A;110;372;677;682
67379,Opp Blk 313 CP,Anchorvale Rd,SENGKANG,NORTH-EAST REGION,828.0,50;110;372;677;682
67381,Blk 326 CP,Sengkang East Way,SENGKANG,NORTH-EAST REGION,715.1,50;85;85A;102;102B;372;677
67389,Blk 317B,Sengkang East Way,SENGKANG,NORTH-EAST REGION,750.3,50;50A;85;102;102A;372;677
67391,Blk 333B,Sengkang East Way,SENGKANG,NORTH-EAST REGION,706.5,50;85;85A;102;102B;372;677
67399,Blk 325 CP,Sengkang East Way,SENGKANG,NORTH-EAST REGION,747.8,50;50A;85;102;102A;372;677
67401,Opp Sengkang Stn/Blk 260A,Sengkang East Way,SENGKANG,NORTH-EAST REGION,779.3,50;102;102B;119;159;161;458;677;965
67409,Sengkang Stn,Sengkang East Way,SENGKANG,NORTH-EAST REGION,804.4,50;50A;102;102A;119;159;159A;161;372;374;458;677;965
67411,Opp Sengkang General Hosp,Sengkang East Rd,SENGKANG,NORTH-EAST REGION,582.3,43;43A;43e;83;83T;104;109;119;374
67419,Sengkang General Hosp,Sengkang East Rd,SENGKANG,NORTH-EAST REGION,639.2,43;43e;83;104;109;119;374
67421,Cheng Lim Stn Exit B,Anchorvale St,SENGKANG,NORTH-EAST REGION,431.9,110;654;SWB
67429,Cheng Lim Stn Exit A,Anchorvale St,SENGKANG,NORTH-EAST REGION,394.9,110;654
67431,Opp Blk 291A,Compassvale St,SENGKANG,NORTH-EAST REGION,464.7,83;83T;654
67439,Blk 291A,Compassvale St,SENGKANG,NORTH-EAST REGION,436.1,83;654
67441,Sengkang Community Hub,Sengkang East Rd,SENGKANG,NORTH-EAST REGION,880.2,43;43A;43e;83;83T;85;85A;104;109;159;159A;161;372;374;965
67449,Blk 323B,Sengkang East Rd,SENGKANG,NORTH-EAST REGION,925.2,43;43e;83;85;104;109;159;161;965
67451,Bef Buangkok Dr,Sengkang East Rd,SENGKANG,NORTH-EAST REGION,147.0,109;156;159;159A;161
67459,Aft Buangkok Dr,Sengkang East Rd,SENGKANG,NORTH-EAST REGION,97.5,109;156;159;161
67461,Aft Sengkang East Ave,Sengkang East Rd,SENGKANG,NORTH-EAST REGION,492.5,109;156;159;159A;161
67469,Bef Sengkang East Ave,Sengkang East Rd,SENGKANG,NORTH-EAST REGION,423.1,109;156;159;161
67471,Layar Stn Exit B,Sengkang West Ave,SENGKANG,NORTH-EAST REGION,407.3,50;163;671;SWA
67479,Layar Stn Exit A/Blk 417A,Sengkang West Ave,SENGKANG,NORTH-EAST REGION,385.4,50;50A;163;163A;163B;671
67481,Fernvale Stn/Blk 439A,Sengkang West Ave,SENGKANG,NORTH-EAST REGION,314.7,50;114;163;671;SWA
67489,Opp Fernvale Stn,Sengkang West Ave,SENGKANG,NORTH-EAST REGION,272.0,50;50A;114;163;163A;163B;671
67491,Opp Fernvale Pr Sch,Sengkang West Ave,SENGKANG,NORTH-EAST REGION,340.3,50;102;102B;163;671
67499,Fernvale Pr Sch,Sengkang West Ave,SENGKANG,NORTH-EAST REGION,319.8,50;50A;102;102A;163;163A;163B;671
67501,Blk 117C,Sengkang East Dr,SENGKANG,NORTH-EAST REGION,351.7,62
67509,Opp Blk 119A,Sengkang East Dr,SENGKANG,NORTH-EAST REGION,408.0,62;62A
67511,Blk 121E,Sengkang East Dr,SENGKANG,NORTH-EAST REGION,645.7,62
67519,Opp Blk 121E,Sengkang East Dr,SENGKANG,NORTH-EAST REGION,605.7,62;62A
67521,Blk 160,Sengkang East Dr,SENGKANG,NORTH-EAST REGION,409.2,50;62;85;678;683
67529,Opp Blk 157A,Sengkang East Dr,SENGKANG,NORTH-EAST REGION,321.3,50;50A;62;62A;85;678;683
67531,Blk 158C,Sengkang East Way,SENGKANG,NORTH-EAST REGION,491.6,50;85
67539,Blk 122C,Sengkang East Way,SENGKANG,NORTH-EAST REGION,515.3,50;50A;85
67541,Hockey Stadium,Sengkang East Way,SENGKANG,NORTH-EAST REGION,715.6,85;85A;102;102B;374;682
67549,Opp Hockey Stadium,Sengkang East Way,SENGKANG,NORTH-EAST REGION,744.7,85;102;102A;374;682
67551,Blk 471A,Sengkang West Way,SENGKANG,NORTH-EAST REGION,621.7,85;85A;102;102B;374;679;682
67559,Opp Blk 471A,Sengkang West Way,SENGKANG,NORTH-EAST REGION,656.9,85;102;102A;374;679;682
67561,Opp Blk 432A,Sengkang West Way,SENGKANG,NORTH-EAST REGION,649.1,85;85A;102;102B;374;682
67569,Bet Blks 430D/433A,Sengkang West Way,SENGKANG,NORTH-EAST REGION,694.6,85;102;102A;682
67571,Aft Lor Tanggam,Sengkang West Way,SENGKANG,NORTH-EAST REGION,683.2,85;85A;114;679;682
67579,Bef Jln Kayu,Sengkang West Way,SENGKANG,NORTH-EAST REGION,716.2,85;114;679;682
67591,Blk 286B,Sengkang East Rd,SENGKANG,NORTH-EAST REGION,239.9,43;43A;43e;104;109;110;119
67599,Opp Blk 293D,Sengkang East Rd,SENGKANG,NORTH-EAST REGION,326.3,43;43e;104;109;110;119
67601,Buangkok Stn Exit B,Sengkang Ctrl,SENGKANG,NORTH-EAST REGION,370.8,27;43;43A;43e;102;104;114;114A
67609,Buangkok Stn Exit A,Sengkang Ctrl,SENGKANG,NORTH-EAST REGION,434.6,27;43;43e;102;104;114
67611,Blk 204C,Sengkang Ctrl,SENGKANG,NORTH-EAST REGION,862.9,43;43A;43e;102;104
67619,Blk 201C,Sengkang Ctrl,SENGKANG,NORTH-EAST REGION,864.0,43;43e;102;104
67621,Blk 278 CP,Buangkok Dr,SENGKANG,NORTH-EAST REGION,18.5,43;104;114
67629,Blk 557,Buangkok Dr,HOUGANG,NORTH-EAST REGION,17.9,43;43A;104;114;114A
67631,Blk 441D,Fernvale Rd,SENGKANG,NORTH-EAST REGION,452.6,102;102B;114
67639,Blk 436A,Fernvale Rd,SENGKANG,NORTH-EAST REGION,522.1,102;102A;114
67641,Opp Treasure Crest,Anchorvale Cres,SENGKANG,NORTH-EAST REGION,257.3,374;654
67649,Treasure Crest,Anchorvale Cres,SENGKANG,NORTH-EAST REGION,258.1,374;654
67651,Bef Sengkang West Rd,Fernvale Lane,SENGKANG,NORTH-EAST REGION,185.1,163;163A;163B
67659,Aft Sengkang West Rd,Fernvale Lane,SENGKANG,NORTH-EAST REGION,222.9,163
67661,Opp Blk 178A,Rivervale Cres,SENGKANG,NORTH-EAST REGION,247.0,371
67671,Blk 156A CP,Rivervale Cres,SENGKANG,NORTH-EAST REGION,162.9,371
67689,Sengkang Stn Exit C,Sengkang Sq,SENGKANG,NORTH-EAST REGION,1019.7,372;374
67691,Blk 338A,Anchorvale Cres,SENGKANG,NORTH-EAST REGION,224.3,374;654
67699,Blk 334A,Anchorvale Cres,SENGKANG,NORTH-EAST REGION,232.5,374;654
67701,Aft Blk 467B,Fernvale St,SENGKANG,NORTH-EAST REGION,314.9,374;679
67708,Opp Fernvale Plains,Fernvale St,SENGKANG,NORTH-EAST REGION,349.2,SWB
67709,Opp Blk 465A,Fernvale St,SENGKANG,NORTH-EAST REGION,284.0,679
67711,Bef Sengkang Fire Stn,Buangkok Dr,SENGKANG,NORTH-EAST REGION,14.0,43e;102
67719,Opp Sengkang Fire Stn,Buangkok Dr,HOUGANG,NORTH-EAST REGION,22.0,43e;102
67721,The Rivervale,Buangkok Dr,SENGKANG,NORTH-EAST REGION,18.3,43e;102;677
67729,Opp The Rivervale,Buangkok Dr,HOUGANG,NORTH-EAST REGION,15.4,43e;102;677
67731,Bef Sengkang East Dr,Buangkok Dr,SENGKANG,NORTH-EAST REGION,17.9,43e;102;677
67739,Aft Sengkang East Dr,Buangkok Dr,HOUGANG,NORTH-EAST REGION,14.0,43e;102;677
67741,Thanggam Stn Exit B,Fernvale Rd,SENGKANG,NORTH-EAST REGION,494.6,374;679;SWB
67749,Thanggam Stn Exit A,Fernvale Rd,SENGKANG,NORTH-EAST REGION,477.0,679
67759,Compassvale Int,Compassvale Rd,SENGKANG,NORTH-EAST REGION,894.0,80;80A;86;87;372;374
67761,Opp Blk 326D,Anchorvale Rd,SENGKANG,NORTH-EAST REGION,569.4,110;374
67769,Blk 326D,Anchorvale Rd,SENGKANG,NORTH-EAST REGION,561.1,110;374
67771,Blk 995B,Buangkok Dr,HOUGANG,NORTH-EAST REGION,3.7,104;114
67779,Opp Blk 995C,Buangkok Dr,SENGKANG,NORTH-EAST REGION,15.6,104;114
67781,Opp Blk 408A,Buangkok Dr,HOUGANG,NORTH-EAST REGION,8.9,104
67789,Blk 409A,Buangkok Dr,SENGKANG,NORTH-EAST REGION,10.6,104
67791,Opp Blk 415A,Buangkok Dr,HOUGANG,NORTH-EAST REGION,9.7,104;114
67799,Blk 415A,Buangkok Dr,SENGKANG,NORTH-EAST REGION,10.0,104;114
67991,Opp Blk 461B,Sengkang West Way,SENGKANG,NORTH-EAST REGION,648.7,102;102A;114;682
67999,Blk 461B,Sengkang West Way,SENGKANG,NORTH-EAST REGION,669.3,102;102B;114;682
68009,Woodleigh Int,Bidadari Pk Dr,TOA PAYOH,CENTRAL REGION,331.2,104;146;148
68011,Bef Jln Kayu,Sengkang West Ave,SENGKANG,NORTH-EAST REGION,369.9,50;86;86B;102;102B;103;671;679
68019,Aft Jln Kayu,Sengkang West Ave,SENGKANG,NORTH-EAST REGION,355.9,50;50A;86;86A;102;102A;103;671;679
68021,Opp Blk 448A,Jln Kayu,SENGKANG,NORTH-EAST REGION,631.8,86;86B;103;679
68029,Blk 448A,Jln Kayu,SENGKANG,NORTH-EAST REGION,629.6,86;86A;103;679
68031,Jln Kayu Shophouse,Jln Kayu,SENGKANG,NORTH-EAST REGION,453.1,85;86;86B;102;103
68039,Aft Abundant Grace Ch,Jln Kayu,SENGKANG,NORTH-EAST REGION,511.2,85;85A;86;86A;102;103
68049,Opp Jln Tari Lilin,Jln Kayu,SENGKANG,NORTH-EAST REGION,289.5,85;85A;86;86A;102;103
68051,Bef TPE,Jln Kayu,SENGKANG,NORTH-EAST REGION,171.5,85;86;86B;102;103
68059,Aft TPE,Jln Kayu,SENGKANG,NORTH-EAST REGION,145.7,85;85A;86;86A;102;103
68061,Aft Mornington Cres,Piccadilly,SELETAR,NORTH-EAST REGION,679.7,103;117;117M
68069,Aft Battersea Rd,Piccadilly,SELETAR,NORTH-EAST REGION,720.9,103;117;117M
68081,Bef Seletar A'space Rise,Seletar Aerospace Dr,SELETAR,NORTH-EAST REGION,513.1,103;117;117M
68089,Aft Seletar A'space Rise,Seletar Aerospace Dr,SELETAR,NORTH-EAST REGION,525.7,103;117;117M
68091,Aft Baker St,Seletar Aerospace Dr,SELETAR,NORTH-EAST REGION,867.0,102;103;117;117M
68099,Bef Baker St,Seletar Aerospace Dr,SELETAR,NORTH-EAST REGION,866.6,102;103;117;117M
68101,Rolls Royce Pte Ltd,Seletar Aerospace Dr,SELETAR,NORTH-EAST REGION,321.7,103;117;117M
68109,Opp Rolls Royce Pte Ltd,Seletar Aerospace Dr,SELETAR,NORTH-EAST REGION,345.9,103;117;117M
68111,Bef Piccadilly Circus/TPE,Jln Kayu,SELETAR,NORTH-EAST REGION,128.1,39;86;86B;102;103;117;117M;168;168A;858;858B
68119,Aft Piccadilly Circus/TPE,Jln Kayu,SELETAR,NORTH-EAST REGION,122.4,39;39A;86;86A;102;103;117;117M;168;858;858B
68121,Bef West Camp Rd,Seletar Aerospace Dr,SELETAR,NORTH-EAST REGION,270.2,103;117
68129,Aft West Camp Rd,Seletar Aerospace Dr,SELETAR,NORTH-EAST REGION,257.7,103;117
68131,Opp Youth Flying Club,West Camp Rd,SELETAR,NORTH-EAST REGION,29.9,103;117;117M
68139,Youth Flying Club,West Camp Rd,SELETAR,NORTH-EAST REGION,47.2,103;117;117M
68141,Opp JTC Aviation Two,West Camp Rd,SELETAR,NORTH-EAST REGION,30.2,103;117;117M
68149,ST Aerospace,West Camp Rd,SELETAR,NORTH-EAST REGION,51.7,103;117;117M
68151,Bef Shell Aviation,West Camp Rd,SELETAR,NORTH-EAST REGION,49.7,103;117;117M
68159,Aft Shell Aviation,West Camp Rd,SELETAR,NORTH-EAST REGION,77.8,103;117;117M
68161,Aft Seletar A'space Lane,West Camp Rd,SELETAR,NORTH-EAST REGION,39.6,103;117;117M
68169,Bef Seletar A'space Lane,West Camp Rd,SELETAR,NORTH-EAST REGION,51.2,103;117;117M
68171,Opp Blk 475A,Yishun Ave 1,YISHUN,NORTH REGION,112.0,103;117;117M
68179,Aft Yishun Ave 8,Piccadilly,YISHUN,NORTH REGION,41.2,103;117;117M
68181,Bef JTC Aerospace,Seletar Aerospace Link,SELETAR,NORTH-EAST REGION,318.6,117M
68189,Aft JTC Aerospace,Seletar Aerospace Link,SELETAR,NORTH-EAST REGION,347.0,117M
68191,Bef Seletar A'space Lk,Seletar Aerospace Crescent,SELETAR,NORTH-EAST REGION,167.0,117M
68199,Aft Seletar A'space Lk,Seletar Aerospace Crescent,SELETAR,NORTH-EAST REGION,193.8,117M
68201,Aft Seletar Camp,Seletar Aerospace Dr,SELETAR,NORTH-EAST REGION,970.4,102
68209,Opp Seletar Camp,Seletar Aerospace Dr,SELETAR,NORTH-EAST REGION,1134.2,102
68239,Seletar Airport,Seletar Aerospace View,SELETAR,NORTH-EAST REGION,1228.0,102
69009,Punggol Coast Int,Sentul Wk,PUNGGOL,NORTH-EAST REGION,608.8,34;34A;44;104;117;117M;381
69091,Opp Blk 227,Sang Nila Utama,TOA PAYOH,CENTRAL REGION,485.7,148
69099,Blk 227,Sang Nila Utama,TOA PAYOH,CENTRAL REGION,464.2,148
70011,Opp Blk 125,Aljunied Rd,GEYLANG,CENTRAL REGION,677.9,40;62;63;64;100;125;125A;155;158
70019,Blk 125,Aljunied Rd,GEYLANG,CENTRAL REGION,709.5,40;62;62A;63;64;100;100A;125;155;158
70021,Opp Canossa Catholic Pr,Aljunied Rd,GEYLANG,CENTRAL REGION,564.0,61;62;64;65;100;135;154;155
70029,Canossa Catholic Pr,Aljunied Rd,GEYLANG,CENTRAL REGION,547.0,62;62A;64;100;100A
70031,Opp Aljunied Pk,Aljunied Rd,GEYLANG,CENTRAL REGION,229.6,61;62;64;65;100;135;154;155
70039,Aljunied Pk,Aljunied Rd,GEYLANG,CENTRAL REGION,236.3,61;62;62A;64;65;100;100A;135;154;155
70041,Opp Blk 4,Upp Aljunied Rd,TOA PAYOH,CENTRAL REGION,244.2,100;135;155
70049,Aft Blk 4,Upp Aljunied Rd,TOA PAYOH,CENTRAL REGION,181.3,100;100A;135;155
70051,Aft Joo Seng Rd,Upp Aljunied Rd,TOA PAYOH,CENTRAL REGION,570.1,100;135;155
70059,Blk 7,Upp Aljunied Rd,TOA PAYOH,CENTRAL REGION,393.7,100;100A;135;155
70061,Bef Bidadari Pk Dr,Upp Aljunied Rd,TOA PAYOH,CENTRAL REGION,653.6,100;135;148;155
70069,Aft Bidadari Pk Dr,Upp Aljunied Rd,TOA PAYOH,CENTRAL REGION,631.4,100;100A;135;148;155
70071,Cycle & Carriage,Ubi Ave 3,GEYLANG,CENTRAL REGION,149.2,58;58A;137
70079,Aft Regent Motors,Ubi Ave 3,GEYLANG,CENTRAL REGION,145.1,58;58B;137
70081,Opp HDB CP,Ubi Ave 3,GEYLANG,CENTRAL REGION,386.5,58;58A
70089,HDB CP,Ubi Ave 3,GEYLANG,CENTRAL REGION,395.5,58;58B
70091,Opp Traffic Police,Ubi Ave 3,GEYLANG,CENTRAL REGION,364.7,58;58A
70099,Traffic Police,Ubi Ave 3,GEYLANG,CENTRAL REGION,387.1,58;58B
70101,Bef Jln Wangi,MacPherson Rd,TOA PAYOH,CENTRAL REGION,8.7,8;61;64;65;90;90A;151;154
70109,Gulab Bldg,MacPherson Rd,GEYLANG,CENTRAL REGION,19.4,8;61;64;65;90;151;154
70111,Opp Cencon Bldg,MacPherson Rd,TOA PAYOH,CENTRAL REGION,8.0,8;61;64;65;90;90A;151;154
70119,Cencon Bldg,MacPherson Rd,GEYLANG,CENTRAL REGION,15.4,8;61;64;65;90;151;154
70121,Aft Jln Muhibbah,MacPherson Rd,TOA PAYOH,CENTRAL REGION,9.5,8;62;90;90A;151
70129,Opp Jln Muhibbah,MacPherson Rd,GEYLANG,CENTRAL REGION,13.6,8;62;62A;90;151
70131,Bef Davidson Rd,MacPherson Rd,TOA PAYOH,CENTRAL REGION,10.7,8;62;90;90A;151
70139,Aft Jln Belangkas,MacPherson Rd,GEYLANG,CENTRAL REGION,10.6,8;62;62A;90;151
70141,Grantral Mall Macpherson,MacPherson Rd,TOA PAYOH,CENTRAL REGION,10.2,62;90;90A;151
70149,Sky Green Condo,MacPherson Rd,GEYLANG,CENTRAL REGION,7.4,8;62;62A;90;151
70151,Aft Jln Anggerek,Merpati Rd,GEYLANG,CENTRAL REGION,445.8,40;61;63;65;135;154;155;158
70161,Opp Mattar Stn Exit A,Merpati Rd,GEYLANG,CENTRAL REGION,523.7,40;61;63;65;135;154;155;158
70171,Blk 77,Circuit Rd,GEYLANG,CENTRAL REGION,480.9,40;61;63;63M;65;135;154;155;158
70181,Blk 36,Circuit Rd,GEYLANG,CENTRAL REGION,458.5,40;61;63;63M;65;135;154;155;158
70191,Opp Blk 66,Circuit Rd,GEYLANG,CENTRAL REGION,647.7,40;61;63;63M;65;135;154;155;158
70201,Opp MacPherson Stn Exit D,Circuit Rd,GEYLANG,CENTRAL REGION,967.3,40;61;63;63M;65;135;154;155;158
70211,Blk 90,Pipit Rd,GEYLANG,CENTRAL REGION,1029.1,40;61;63;63M;65;135;154;155;158
70221,Blk 79 FC,Circuit Rd,GEYLANG,CENTRAL REGION,704.0,40;61;63;63M;65;135;154;155;158
70231,Opp Mattar Stn Exit B,Mattar Rd,GEYLANG,CENTRAL REGION,717.2,40;61;63;65;135;154;155;158
70241,Aft Grace Baptist Ch,Mattar Rd,GEYLANG,CENTRAL REGION,734.8,40;61;63;65;135;154;155;158
70251,MacPherson Stn Exit C,Paya Lebar Rd,GEYLANG,CENTRAL REGION,968.7,24;28;43;43e;70;70M;76;80;135;154
70259,MacPherson Stn Exit B,Paya Lebar Rd,GEYLANG,CENTRAL REGION,978.2,24;28;43;43e;70;70A;70M;76;80;80A;135;137;154
70261,Opp Orion @ Paya Lebar,Paya Lebar Rd,GEYLANG,CENTRAL REGION,515.3,8;22;24;28;43;43e;70;70M;76;80;158
70269,Citipoint Ind Cplx,Paya Lebar Rd,GEYLANG,CENTRAL REGION,608.3,8;22;24;28;43;43e;70;70A;70M;76;80;80A;158
70271,Le Crescendo,Paya Lebar Rd,GEYLANG,CENTRAL REGION,312.4,8;22;24;28;43;43e;58;58B;70;70M;76;80;158
70279,Opp Trinity Paya Lebar,Paya Lebar Rd,GEYLANG,CENTRAL REGION,233.8,8;22;24;28;43;43e;58;58A;70;70A;70M;76;80;80A;158
70281,Aft Tai Seng Stn,Upp Paya Lebar Rd,TOA PAYOH,CENTRAL REGION,21.5,22;24;28;43;58;58B;62;70;70M;76;80;93;158;457;458;459
70289,Aft Tai Seng Stn Exit C,Upp Paya Lebar Rd,HOUGANG,NORTH-EAST REGION,20.0,22;24;28;43;58;58A;62;62A;70;70A;70M;76;80;80A;93;158;457;458;459
70291,Asiawide Ind Bldg,Upp Paya Lebar Rd,TOA PAYOH,CENTRAL REGION,19.1,22;24;28;43;58;62;70;70M;76;80;93;158
70299,Opp Asiawide Ind Bldg,Upp Paya Lebar Rd,HOUGANG,NORTH-EAST REGION,28.1,22;24;28;43;58;58A;62;62A;70;70A;70M;76;80;80A;93;158
70301,Aft Paya Lebar St,Upp Paya Lebar Rd,TOA PAYOH,CENTRAL REGION,27.1,22;24;28;43;58;62;70;70M;76;80;93;158
70309,Opp Paya Lebar St,Upp Paya Lebar Rd,HOUGANG,NORTH-EAST REGION,27.7,22;24;28;43;58;58A;62;62A;70;70A;70M;76;80;80A;93;158
70311,Aft Genting Lane,Kallang Way,GEYLANG,CENTRAL REGION,502.1,125
70319,Aft Kallang Way 4,Kallang Way,GEYLANG,CENTRAL REGION,492.2,125;125A
70321,Aft Kallang Way 1,Kallang Way,GEYLANG,CENTRAL REGION,278.0,125
70329,Aft Kallang Way 2,Kallang Way,GEYLANG,CENTRAL REGION,266.6,125;125A
70341,Tannery Blk,Tannery Rd,GEYLANG,CENTRAL REGION,364.6,125
70349,Bef Lor Bakar Batu,Tannery Rd,GEYLANG,CENTRAL REGION,307.7,125;125A
70359,Aft Kallang Sector,Lor Bakar Batu,GEYLANG,CENTRAL REGION,153.3,125;125A
70361,Bef Genting Lk,Genting Lane,GEYLANG,CENTRAL REGION,89.5,125
70371,MacPherson Stn Exit A,Circuit Link,GEYLANG,CENTRAL REGION,804.0,61;63;63M;65;135;154;158
70379,Opp MacPherson Stn Exit A,Circuit Link,GEYLANG,CENTRAL REGION,825.0,61;63;63M;65;135;154;158
70401,Bef Ubi Rd 4,Ubi Rd 3,GEYLANG,CENTRAL REGION,403.7,137
70409,Blk 3032A,Ubi Rd 3,GEYLANG,CENTRAL REGION,415.2,137
71011,Aft Paya Lebar Rd,Airport Rd,HOUGANG,NORTH-EAST REGION,8.9,43e;90;90A;93;151
71021,Opp Comfort Test Ctr,Airport Rd,HOUGANG,NORTH-EAST REGION,21.7,43e;90;90A;93;151
71029,Comfort Test Ctr,Airport Rd,GEYLANG,CENTRAL REGION,5.1,43e;90;93;151
71031,Opp Gordon Warehse Bldg,Airport Rd,HOUGANG,NORTH-EAST REGION,31.0,43e;90;90A;94;94A
71041,Opp Air Force Museum,Airport Rd,HOUGANG,NORTH-EAST REGION,17.4,90;90A;94;94A
71049,Air Force Museum,Airport Rd,PAYA LEBAR,EAST REGION,10.8,90;90A;94
71051,Aft Kim Chuan Rd,Hougang Ave 3,HOUGANG,NORTH-EAST REGION,630.7,25;45;51;55;87;151;854
71059,Bef Kim Chuan Rd,Hougang Ave 3,HOUGANG,NORTH-EAST REGION,562.6,25;45;51;55;87;151;854
71061,Bef Airport Rd,Hougang Ave 3,HOUGANG,NORTH-EAST REGION,181.3,25;45;51;55;87;854;854e
71069,Aft Airport Rd,Hougang Ave 3,HOUGANG,NORTH-EAST REGION,141.7,25;45;51;55;87;151;854
71071,Opp Comfort Driving Ctr,Eunos Link,BEDOK,EAST REGION,17.0,25;45;51;55;87;93;94;854;854e
71079,Comfort Driving Ctr,Eunos Link,GEYLANG,CENTRAL REGION,19.4,25;45;51;55;87;93;94;94A;854
71081,Eunos Technolink,Eunos Link,BEDOK,EAST REGION,18.7,25;45;51;55;58;58A;87;93;94;854;854e
71089,Opp Eunos Technolink,Eunos Link,GEYLANG,CENTRAL REGION,20.3,25;45;51;55;58;58B;87;93;94;94A;854
71091,Blk 637,Eunos Link,BEDOK,EAST REGION,18.1,5;8;15;15A;22;25;45;51;55;59;61;63;63M;65;93;94;854;854e
71099,Blk 311,Eunos Link,GEYLANG,CENTRAL REGION,14.7,5;8;15;22;25;45;51;55;59;61;63;63M;65;93;94;94A;854
71101,Blk 318,Ubi Ave 1,GEYLANG,CENTRAL REGION,245.0,63;63M;137
71109,Maha Bodhi Sch,Ubi Ave 1,GEYLANG,CENTRAL REGION,265.1,63;63M;137
71111,Blk 343,Ubi Ave 1,GEYLANG,CENTRAL REGION,547.5,63;63M;137
71119,Opp Blk 343,Ubi Ave 1,GEYLANG,CENTRAL REGION,568.4,63;63M;137
71121,Ubi Stn Exit B,Ubi Ave 2,GEYLANG,CENTRAL REGION,367.3,8;22;61;65;137
71129,Ubi Stn Exit A,Ubi Ave 2,GEYLANG,CENTRAL REGION,413.6,8;22;61;65;137
71131,Automobile Megamart,Ubi Ave 2,GEYLANG,CENTRAL REGION,118.4,8;22;61;63;63M;65
71139,Blk 302,Ubi Ave 2,GEYLANG,CENTRAL REGION,217.6,8;22;61;63;63M;65
71141,Blk 3023,Ubi Ave 2,GEYLANG,CENTRAL REGION,621.7,8;22;61;65
71149,Blk 3024,Ubi Ave 2,GEYLANG,CENTRAL REGION,641.0,8;22;61;65
71151,Blk 3021,Ubi Ave 2,GEYLANG,CENTRAL REGION,769.4,8;22;61;65
71159,Blk 3026,Ubi Ave 2,GEYLANG,CENTRAL REGION,802.2,8;22;61;65
71161,Blk 3019,Ubi Ave 2,GEYLANG,CENTRAL REGION,763.5,8;22;61;63;63M;65;137
71169,Aztech Bldg,Ubi Ave 2,GEYLANG,CENTRAL REGION,794.4,8;22;61;63;63M;65;137
71171,Opp SCDF HQ,Airport Rd,HOUGANG,NORTH-EAST REGION,16.5,43e;90;90A;93;151
71179,Aft SCDF HQ,Airport Rd,GEYLANG,CENTRAL REGION,9.0,43e;90;93;151
71181,Opp Paya Lebar Air Base,Airport Rd,HOUGANG,NORTH-EAST REGION,22.3,43e;90;90A;94;94A
71189,Paya Lebar Air Base,Airport Rd,PAYA LEBAR,EAST REGION,10.7,90;90A;94
71191,Aft Defu Lane 12,Airport Rd,HOUGANG,NORTH-EAST REGION,24.2,43e;90;90A;94;94A
71201,Paya Ubi Ind Pk,Ubi Ave 1,GEYLANG,CENTRAL REGION,797.8,63;63M;137
71209,Opp Paya Ubi Ind Pk,Ubi Ave 1,GEYLANG,CENTRAL REGION,858.7,63;63M;137
71211,Ubi 55,Ubi Ave 1,GEYLANG,CENTRAL REGION,1059.1,63;63M;137
71219,Ubi Techpark,Ubi Ave 1,GEYLANG,CENTRAL REGION,1061.9,63;63M;137
71221,Meiban Ind Bldg,Ubi Rd 1,GEYLANG,CENTRAL REGION,907.1,63;63M;137
71229,Opp Meiban Ind Bldg,Ubi Rd 1,GEYLANG,CENTRAL REGION,922.1,63;63M;137
71291,The Leo,Kaki Bt Rd 3,BEDOK,EAST REGION,233.7,137
71299,Empire Technocentre,Kaki Bt Rd 3,BEDOK,EAST REGION,270.5,137
71331,Kaki Bt Autohub,Kaki Bt Ave 2,BEDOK,EAST REGION,230.4,137
71339,Opp Kaki Bt Autohub,Kaki Bt Ave 2,BEDOK,EAST REGION,228.8,137
72011,Blk 322,Jln Eunos,GEYLANG,CENTRAL REGION,12.0,5;15;21;22;25;45;51;55;59;60;60A;60T;61;63;63M;93;94;94A;854
72019,Opp Blk 322,Jln Eunos,BEDOK,EAST REGION,19.8,5;15;15A;21;22;25;45;51;55;59;60;61;63;63M;93;94;854;854e
72021,Blk 646,Bedok Reservoir Rd,BEDOK,EAST REGION,237.0,8;21;60;60A;60T;65
72029,Opp Blk 646,Bedok Reservoir Rd,BEDOK,EAST REGION,248.4,8;21;60;65
72031,Bef Kaki Bt Stn Exit B,Kaki Bt Ave 1,BEDOK,EAST REGION,510.1,5;15;15A;58;58B;59;87
72039,Kaki Bt Stn Exit A,Kaki Bt Ave 1,BEDOK,EAST REGION,482.5,5;15;58;58A;59;87
72041,Blk 660A CP,Kaki Bt Ave 1,BEDOK,EAST REGION,497.0,5;15;15A;58;58B;59;87
72049,Opp Blk 660A CP,Kaki Bt Ave 1,BEDOK,EAST REGION,474.6,5;15;58;58A;59;87
72051,Kaki Bt Ind Est,Kaki Bt Ave 1,BEDOK,EAST REGION,265.4,5;15;15A;58;58B;59;87
72059,Opp Kaki Bt Ind Est,Kaki Bt Ave 1,BEDOK,EAST REGION,312.8,5;15;58;58A;59;87
72061,Blk 122,Bedok Reservoir Rd,BEDOK,EAST REGION,604.9,8;21;60;60A;60T;65
72069,Blk 121,Bedok Reservoir Rd,BEDOK,EAST REGION,583.9,8;21;60;65
72071,Blk 133,Bedok Reservoir Rd,BEDOK,EAST REGION,820.0,8;21;60;60A;60T;65
72079,Blk 609,Bedok Reservoir Rd,BEDOK,EAST REGION,826.9,8;21;60;65
72131,Opp Tech View,Kaki Bt Ave 3,BEDOK,EAST REGION,285.2,137
72139,Tech View,Kaki Bt Ave 3,BEDOK,EAST REGION,271.7,137
72141,Bartley Biz Ctr,Kaki Bt Ave 3,BEDOK,EAST REGION,375.8,137
72149,Shun Li Ind Pk,Kaki Bt Ave 3,BEDOK,EAST REGION,409.0,137
72151,Autobay @ Kaki Bt,Kaki Bt Ave 6,BEDOK,EAST REGION,304.0,137
72159,Opp Autobay @ Kaki Bt,Kaki Bt Ave 6,BEDOK,EAST REGION,322.2,137
72161,Aft Bartley Viaduct,Kaki Bt Rd 5,BEDOK,EAST REGION,135.4,137
72169,Bef Bartley Viaduct,Kaki Bt Rd 5,BEDOK,EAST REGION,140.7,137
72171,Opp HomeTeamNS,Bedok Nth Rd,BEDOK,EAST REGION,227.7,8;15;23;58;518
72179,HomeTeamNS,Bedok Nth Rd,BEDOK,EAST REGION,255.2,8;15;15A;23;58;58B;518
73019,Bef RSAF Roundabout,Airport Rd,PAYA LEBAR,EAST REGION,303.9,90;90A;94;94A
73021,Bef Tampines Ind Dr,Tampines Rd,PAYA LEBAR,EAST REGION,113.5,72
73029,Aft Tampines Ind Dr,Tampines Rd,PAYA LEBAR,EAST REGION,145.7,72
73031,Aft Tampines Ind Dr,Tampines Rd,PAYA LEBAR,EAST REGION,394.7,72
73039,Bef Tampines Ind Dr,Tampines Rd,PAYA LEBAR,EAST REGION,403.5,72
73041,ST Aero,Airport Rd,PAYA LEBAR,EAST REGION,344.7,90;90A;94;94A
73049,Air Force Trg Cmd,Airport Rd,PAYA LEBAR,EAST REGION,377.3,90;90A;94
74009,Tampines Nth Int,Tampines St 62,TAMPINES,EAST REGION,275.9,18;18A;129;298;299;454
74011,Aft Tampines Ind Ave 5,Tampines Rd,PAYA LEBAR,EAST REGION,660.4,72;127
74019,Bef Tampines Ind Ave 5,Tampines Rd,PAYA LEBAR,EAST REGION,641.4,72
74021,Bef Tampines Ind Ave 4,Tampines Rd,PAYA LEBAR,EAST REGION,849.8,72;127
74029,Aft Tampines Ind Ave 4,Tampines Rd,PAYA LEBAR,EAST REGION,841.6,72
74031,Bef Tampines Lk,Tampines Rd,PAYA LEBAR,EAST REGION,571.6,72;127
74039,Aft Tampines Ind Ave 2,Tampines Rd,PAYA LEBAR,EAST REGION,554.7,72
74041,Opp Golden Pagoda Tp,Tampines Link,PAYA LEBAR,EAST REGION,108.8,127
74051,Tampines Dormitory,Tampines Rd,PAYA LEBAR,EAST REGION,176.4,72
74059,Opp Tampines Dormitory,Tampines Rd,PAYA LEBAR,EAST REGION,190.0,72
74919,Blk 951A,Tampines St 96,TAMPINES,EAST REGION,383.2,299
74929,Blk 953C,Tampines St 96,TAMPINES,EAST REGION,227.6,299
74941,Opp Blk 961A,Bedok Reservoir Rd,TAMPINES,EAST REGION,109.8,5;18;21;28;46;59;65;67;69;168
74949,Blk 961A,Bedok Reservoir Rd,TAMPINES,EAST REGION,123.1,5;18;18M;21;28;46;59;65;67;69;168
74951,Blk 962A,Tampines St 96,TAMPINES,EAST REGION,208.2,18M
74959,Blk 969C,Tampines St 96,TAMPINES,EAST REGION,226.5,18M;299
74961,Blk 966,Tampines St 96,TAMPINES,EAST REGION,252.3,18M;299
74969,Opp Blk 966,Tampines St 96,TAMPINES,EAST REGION,265.3,18M;299
74979,Blk 967A,Tampines St 95,TAMPINES,EAST REGION,451.8,299
75009,Tampines Int,Tampines Ctrl 1,TAMPINES,EAST REGION,1496.9,3;3A;4;8;10;19;20;23;28;29;29A;31;31A;37;38;65;67;68;68A;68B;69;72;81;127;127A;291;292;293;296;460;969;969A
75019,Tampines Concourse Int,Tampines Concourse,TAMPINES,EAST REGION,1210.1,39
75021,Blk 879B,Tampines Street 86,TAMPINES,EAST REGION,160.9,298;454
75031,Opp Springfield Sec Sch,Tampines Ave 8,TAMPINES,EAST REGION,299.8,69;118;118B;298;646
75039,Springfield Sec Sch,Tampines Ave 8,TAMPINES,EAST REGION,318.0,69;118;118A;646
75041,Blk 875B,Tampines Street 86,TAMPINES,EAST REGION,156.7,298;454
75051,Tampines West Stn Exit B,Tampines Ave 1,TAMPINES,EAST REGION,798.9,5;8;15;18;21;23;28;59;67;118;118A;168;454;518;646
75059,Bef Tampines West Stn,Tampines Ave 1,TAMPINES,EAST REGION,777.0,5;8;15;15A;18;21;23;28;59;67;118;118B;168;518;646
75061,Blk 954D,Bedok Reservoir Rd,TAMPINES,EAST REGION,332.8,5;18;21;28;46;59;65;67;69;168
75069,Blk 970A,Bedok Reservoir Rd,TAMPINES,EAST REGION,309.6,5;18;21;28;46;59;65;67;69;168
75071,Opp Blk 819,Tampines Ave 3,TAMPINES,EAST REGION,820.4,46;293
75079,Blk 819,Tampines Ave 3,TAMPINES,EAST REGION,831.1,46;293
75081,Blk 831,Tampines Ave 3,TAMPINES,EAST REGION,718.2,46;291;293;298
75089,Blk 827,Tampines Ave 3,TAMPINES,EAST REGION,693.6,46;293;298
75099,Blk 897,Tampines St 81,TAMPINES,EAST REGION,572.6,291
75101,Blk 880,Tampines Ave 3,TAMPINES,EAST REGION,484.2,293;298;646
75109,Blk 888,Tampines Ave 3,TAMPINES,EAST REGION,434.7,291;293;298;646
75111,Blk 874A,Tampines St 84,TAMPINES,EAST REGION,431.0,291
75121,Opp Darul Ghufran Mque,Tampines Ave 5,TAMPINES,EAST REGION,986.4,34;34A;34B;69;72;291;296
75129,Darul Ghufran Mque,Tampines Ave 5,TAMPINES,EAST REGION,1031.8,34;34B;69;72;291;296
75131,Bet Blks 701/702,Tampines Ave 5,TAMPINES,EAST REGION,782.7,34;34A;34B;46;69;291;646
75139,Blk 863,Tampines Ave 5,TAMPINES,EAST REGION,696.7,34;34B;46;69;291;646
75141,Blk 730,Tampines Ave 5,TAMPINES,EAST REGION,432.8,34;34A;34B;69;293
75149,Blk 867A,Tampines Ave 5,TAMPINES,EAST REGION,435.9,34;34B;69
75151,Opp Blk 871A,Tampines Ave 8,TAMPINES,EAST REGION,297.6,69;118;118B;293;298
75159,Blk 874,Tampines Ave 8,TAMPINES,EAST REGION,323.9,69;118;118A;293
75161,Blk 855,Tampines St 83,TAMPINES,EAST REGION,668.8,46;291;646
75169,Opp Blk 853,Tampines St 83,TAMPINES,EAST REGION,652.3,46;291;646
75171,UWCSEA,Tampines Ave 5,TAMPINES,EAST REGION,123.8,34;34A;34B;118;118A
75179,Blk 871C,Tampines Ave 5,TAMPINES,EAST REGION,189.2,34;34B;118;118B;298;454
75201,Blk 833,Tampines St 83,TAMPINES,EAST REGION,699.9,46;291;646
75209,Blk 882A,Tampines St 83,TAMPINES,EAST REGION,672.1,46;646
75219,Blk 889,Tampines St 81,TAMPINES,EAST REGION,558.8,291
75221,Opp Temasek Poly East G,Tampines Ave 1,TAMPINES,EAST REGION,519.0,8;15;23;69;118;118A;129;129B;518;646
75229,Temasek Poly East G,Tampines Ave 1,TAMPINES,EAST REGION,529.4,8;15;15A;23;69;118;118B;129;129A;299;518;646
75231,Opp Temasek Poly,Tampines Ave 1,TAMPINES,EAST REGION,367.6,8;15;23;69;118;118A;129;129B;518;646
75239,Temasek Poly,Tampines Ave 1,TAMPINES,EAST REGION,335.5,8;15;15A;23;69;118;118B;129;129A;518;646
75241,Opp Temasek Poly West G,Tampines Ave 1,TAMPINES,EAST REGION,300.2,8;15;23;69;118;118A;129;129B;518;646
75249,Temasek Poly West G,Tampines Ave 1,TAMPINES,EAST REGION,271.6,8;15;15A;23;69;118;118B;129;129A;518;646
75251,Opp Tropica Condo,Tampines Ave 1,TAMPINES,EAST REGION,209.1,8;15;23;129;129B;298;454;518
75259,Tropica Condo,Tampines Ave 1,TAMPINES,EAST REGION,242.7,8;15;15A;23;129;129A;518
75261,Blk 709,Tampines Ave 6,TAMPINES,EAST REGION,810.0,46;72;296;646
75269,Blk 522 CP,Tampines Ave 6,TAMPINES,EAST REGION,812.1,46;72;296;646
75271,Blk 721,Tampines Ave 9,TAMPINES,EAST REGION,567.0,18;27;72;127;127A;168
75279,Opp Blk 721,Tampines Ave 9,TAMPINES,EAST REGION,586.5,18;18A;27;27A;72;127;168;168A
75281,Blk 742A,Tampines Ave 9,TAMPINES,EAST REGION,303.2,27;72;168
75289,Opp Blks 741/742,Tampines Ave 9,TAMPINES,EAST REGION,265.8,27;27A;72;168;168A
75291,Aft Tampines Ave 9,Tampines Ave 10,PAYA LEBAR,EAST REGION,18.3,27;34;34B;58;58A;72;118;118B;168
75299,Bef Tampines Ave 9,Tampines Ave 10,TAMPINES,EAST REGION,22.4,27;27A;34;34A;34B;58;58B;72;118;118A;168;168A
75311,Bef Tampines Lk,Tampines Ave 10,PAYA LEBAR,EAST REGION,15.9,27;34;34B;58;58A;68;118;118B;127;168
75319,Aft Tampines Lk,Tampines Ave 10,TAMPINES,EAST REGION,25.0,27;27A;34;34A;34B;58;58B;68;118;118A;127;168;168A
75329,Poi Ching Sch,Tampines St 71,TAMPINES,EAST REGION,633.8,293
75339,Blk 734,Tampines St 71,TAMPINES,EAST REGION,385.2,293
75341,Opp The Clearwater Condo,Bedok Reservoir Rd,BEDOK,EAST REGION,226.1,5;18;18M;21;28;46;59;65;67;69;168
75349,The Clearwater Condo,Bedok Reservoir Rd,BEDOK,EAST REGION,234.6,5;18;18M;21;28;46;59;65;67;69;168
75351,Tampines Wafer Fab Pk,Tampines Ave 10,PAYA LEBAR,EAST REGION,22.4,27;34;34B;58;58A;68;118;118B;168
75359,IKEA Tampines/Aft TPE,Tampines Ave 10,TAMPINES,EAST REGION,11.2,27;27A;34;34A;34B;58;58B;68;118;118A;168;168A
75361,Bef Tampines Ind Ave 5,Tampines Ave 10,PAYA LEBAR,EAST REGION,16.7,27;34;34B;58;58A;68;118;118B;127;168
75369,Bef Tampines Lk,Tampines Ave 10,TAMPINES,EAST REGION,19.4,27;27A;34;34A;34B;58;58B;68;118;118A;168;168A
75371,Aft Tampines Ave 5,Tampines Ave 10,PAYA LEBAR,EAST REGION,19.8,34;34B;58;58A;118;118B
75379,Bef Tampines Ave 5,Tampines Ave 10,TAMPINES,EAST REGION,17.7,34;34A;34B;58;58B;118;118A
75381,T5@Tampines,Tampines Ind Ave 5,PAYA LEBAR,EAST REGION,442.0,127
75391,Opp Siltronic,Tampines Ind Ave 5,PAYA LEBAR,EAST REGION,442.0,127
75401,Aft Tampines Ave 1,Tampines Ave 10,PAYA LEBAR,EAST REGION,24.4,58;58A
75409,The Santorini,Tampines Ave 10,TAMPINES,EAST REGION,15.8,58;58B
75411,Bef Tampines Fire Stn,Tampines Ave 10,PAYA LEBAR,EAST REGION,16.8,58;58A
75419,The Alps Residences Condo,Tampines Ave 10,TAMPINES,EAST REGION,12.5,58;58B;298;454
75461,Reebonz Bldg,Tampines Avenue 11,TAMPINES,EAST REGION,275.9,68;68B;127
75469,Opp Reebonz Bldg,Tampines Avenue 11,TAMPINES,EAST REGION,248.3,68;68A
75471,Blk 602B,Tampines Ave 6,TAMPINES,EAST REGION,781.0,46;68;68B;296;646
75479,Blk 619A,Tampines Ave 6,TAMPINES,EAST REGION,808.7,46;68;68A;296;646
75481,Blk 609D,Tampines Ave 6,TAMPINES,EAST REGION,781.7,46;68;68B;296;646
75489,Opp Blk 609D,Tampines Ave 6,TAMPINES,EAST REGION,796.7,46;68;68A;296;646
75491,Blk 614,Tampines Ave 6,TAMPINES,EAST REGION,639.6,18;18A;68;68B;296;646
75499,Opp Blk 614,Tampines Ave 6,TAMPINES,EAST REGION,649.6,18;68;68A;296;646
75501,Blk 604A,Tampines Nth Dr 1,TAMPINES,EAST REGION,424.1,18;18A;127
75509,Opp Blk 604A,Tampines Nth Dr 1,TAMPINES,EAST REGION,406.3,18;127;127A
75511,Blk 610C,Tampines Nth Dr 1,TAMPINES,EAST REGION,428.9,18;18A;127
75519,Opp Blk 610C,Tampines Nth Dr 1,TAMPINES,EAST REGION,401.7,18;127;127A
75521,Blk 660 CP,Tampines Nth Dr 1,TAMPINES,EAST REGION,310.1,296;460;646
75529,Opp Blk 660 CP,Tampines Nth Dr 1,TAMPINES,EAST REGION,319.3,296;460;646
75531,Opp Blk 662B,Tampines St 64,TAMPINES,EAST REGION,477.5,296;460;646
75539,Blk 662B,Tampines St 64,TAMPINES,EAST REGION,477.1,296;460;646
75541,Opp Blk 648A,Tampines St 62,TAMPINES,EAST REGION,185.9,298;454
75549,Blk 648A,Tampines St 62,TAMPINES,EAST REGION,199.8,298;454
75551,Blk 641A,Tampines St 62,TAMPINES,EAST REGION,232.4,298;454
75559,Blk 646B,Tampines St 62,TAMPINES,EAST REGION,232.0,298;454
75561,Blk 648C,Tampines Nth Dr 2,TAMPINES,EAST REGION,349.0,46;129;299
75569,Blk 636C,Tampines Nth Dr 2,TAMPINES,EAST REGION,377.5,46;129;299
75571,Blk 637B,Tampines Nth Dr 2,TAMPINES,EAST REGION,484.2,46;129;298;299;454
75579,Blk 630B,Tampines Nth Dr 2,TAMPINES,EAST REGION,505.1,46;129;298;299;454
75581,Blk 637 CP,Tampines Ave 12,TAMPINES,EAST REGION,459.3,15;46;969;969A
75589,Opp Blk 638A,Tampines Ave 12,TAMPINES,EAST REGION,360.2,15;15A;969
75591,Bef Blk 631B,Tampines Ave 12,TAMPINES,EAST REGION,696.8,15;129;298;299;969;969A
75599,Opp Blk 631B,Tampines Ave 12,TAMPINES,EAST REGION,615.8,15;15A;969
75601,IKEA Tampines,Tampines Nth Dr 2,TAMPINES,EAST REGION,112.8,296;460
75609,Giant Hypermarket,Tampines Nth Dr 2,TAMPINES,EAST REGION,122.1,296;460
75611,BHCC Space,Tampines Nth Dr 2,TAMPINES,EAST REGION,212.5,296;460
75619,T-Space,Tampines Nth Dr 2,TAMPINES,EAST REGION,222.1,296;460
76031,Tampines East Stn Exit B,Tampines Ave 2,TAMPINES,EAST REGION,857.4,3;3A;8;9;9A;9B;12;12e;17;34;34B;38;39;59;518
76039,Tampines East Stn Exit C,Tampines Ave 2,TAMPINES,EAST REGION,833.6,3;8;9;12;12e;17;34;34B;38;39;59;518
76041,Blk 842C,Tampines St 82,TAMPINES,EAST REGION,967.2,298
76049,Opp Blk 842C,Tampines St 82,TAMPINES,EAST REGION,952.2,298
76051,Our Tampines Hub,Tampines Ave 5,TAMPINES,EAST REGION,1332.7,3;10;20;23;31;34;34B;39;65;67;292;293;299
76059,Opp Our Tampines Hub,Tampines Ave 5,TAMPINES,EAST REGION,1380.1,3;3A;10;20;23;31;31A;34;34A;34B;39;65;67;292;293;299
76061,Blk 938,Tampines Ave 5,TAMPINES,EAST REGION,1184.7,10;15;20;21;23;27;31;34;34B;39;67;168;292
76069,Blk 147,Tampines Ave 5,TAMPINES,EAST REGION,1236.1,10;15;15A;20;21;23;27;31;31A;34;34B;39;67;168;292
76071,Blk 141,Tampines Ave 2,TAMPINES,EAST REGION,1414.9,8;17;18;20;28;34;34B;39;59;518
76079,Blk 101,Tampines Ave 2,TAMPINES,EAST REGION,1415.5,8;17;18;20;28;34;34B;39;59;518
76081,Opp The Holy Trinity Ch,Tampines Ave 2,TAMPINES,EAST REGION,1664.1,8;17;18;20;28;34;34B;39;59;292;518
76089,The Holy Trinity Ch,Tampines Ave 2,TAMPINES,EAST REGION,1625.7,8;17;18;20;28;34;34B;39;59;292;518
76091,Blk 206,Tampines Ave 2,TAMPINES,EAST REGION,1284.6,3;3A;8;17;18;20;28;34;34B;39;59;518
76099,Blk 285,Tampines Ave 2,TAMPINES,EAST REGION,1328.3,8;17;18;20;28;34;34B;39;59;292;518
76101,Tampines East CC,Tampines Ave 2,TAMPINES,EAST REGION,988.1,3;3A;8;9;9A;9B;12;12e;17;18;28;34;34B;38;39;59;518
76109,Blk 302,Tampines Ave 2,TAMPINES,EAST REGION,957.2,8;9;12;12e;17;18;28;34;34B;38;39;59;518
76111,Blk 945,Tampines Ave 4,TAMPINES,EAST REGION,1312.3,65;129;293;298;299
76119,Opp Blk 945,Tampines Ave 4,TAMPINES,EAST REGION,1281.6,65;129;293;298;299
76121,Opp St. Hilda's Sec Sch,Tampines Ave 4,TAMPINES,EAST REGION,1036.3,65;129;293;299
76129,St. Hilda's Sec Sch,Tampines Ave 4,TAMPINES,EAST REGION,1003.8,65;129;293;299
76131,UOB Tampines Ctr,Tampines Ave 4,TAMPINES,EAST REGION,1522.9,3;3A;15;21;27;129;168;298
76139,Opp Century Sq,Tampines Ave 4,TAMPINES,EAST REGION,1608.5,3;15;15A;21;27;27A;129;168;298
76141,Tampines Stn/Int,Tampines Ave 4,TAMPINES,EAST REGION,1470.6,3;3A;15;21;27;129;168;298;454
76149,Opp Tampines Stn/Int,Tampines Ave 4,TAMPINES,EAST REGION,1459.1,3;15;15A;21;27;27A;129;168;168A;298;454
76151,Blk 237,Tampines St 21,TAMPINES,EAST REGION,1274.4,3;3A;291
76159,Opp Blk 237,Tampines St 21,TAMPINES,EAST REGION,1278.4,3;291
76161,Opp Blk 248,Tampines St 21,TAMPINES,EAST REGION,1549.3,3;3A
76169,Blk 248,Tampines St 21,TAMPINES,EAST REGION,1567.2,3
76171,Blk 266,Tampines St 21,TAMPINES,EAST REGION,1494.4,3;3A
76179,Opp Blk 266,Tampines St 21,TAMPINES,EAST REGION,1467.5,3
76181,Blk 216,Tampines St 23,TAMPINES,EAST REGION,1139.7,291
76189,Opp Blk 216,Tampines St 23,TAMPINES,EAST REGION,1174.8,3;291
76191,Blk 401,Tampines Ave 7,TAMPINES,EAST REGION,1149.5,4;8;15;15A;19;27;27A;28;29;29A;37;38;81;129;168;168A;291;293;298
76199,Blk 503,Tampines Ave 7,TAMPINES,EAST REGION,1171.9,4;8;15;19;27;28;29;37;38;81;129;168;291;293;298
76201,Blk 423,Tampines Ave 7,TAMPINES,EAST REGION,1074.9,4;8;19;21;37;38;81
76209,Blk 233,Tampines Ave 7,TAMPINES,EAST REGION,1112.0,4;8;19;21;37;38;81
76211,Blk 449,Tampines Ave 7,TAMPINES,EAST REGION,1011.6,4;8;19;21;37;38;81;293
76219,Blk 230E,Tampines Ave 7,TAMPINES,EAST REGION,1040.2,4;8;19;21;37;38;81
76221,Tampines East Stn Exit A,Tampines Ave 7,TAMPINES,EAST REGION,894.3,4;8;19;21;37;38;81;293
76229,Opp Tampines East Stn,Tampines Ave 7,TAMPINES,EAST REGION,942.1,4;8;19;21;37;38;81
76231,Opp Blk 390,Tampines Ave 7,TAMPINES,EAST REGION,568.7,3;3A;4;9;9A;9B;12;12e;17;18;19;21;29;29A;34;34B;37;39;59;81;293;518
76239,Blk 390,Tampines Ave 7,TAMPINES,EAST REGION,561.6,3;4;9;12;12e;17;18;19;21;29;34;34B;37;39;59;81;293;518
76241,Blk 497D,Tampines Ave 7,TAMPINES,EAST REGION,292.2,3;3A;4;9;9A;9B;12;12e;17;19;21;29;29A;34;34B;37;39;59;81;518
76249,Blk 370,Tampines Ave 7,TAMPINES,EAST REGION,269.1,3;4;9;12;12e;17;19;21;29;34;34B;37;39;59;81;518
76251,Blk 487B,Tampines St 45,TAMPINES,EAST REGION,290.5,28;293
76259,Opp Blk 487B,Tampines St 45,TAMPINES,EAST REGION,277.8,28;293
76261,Blk 489B,Tampines St 45,TAMPINES,EAST REGION,196.5,28;293
76269,Opp Blk 489A,Tampines St 45,TAMPINES,EAST REGION,175.8,28;293
76271,Dunman Sec Sch,Tampines St 45,TAMPINES,EAST REGION,315.6,28;293
76279,Blk 491C,Tampines St 45,TAMPINES,EAST REGION,315.4,28;293
76281,Junyuan Pr Sch,Tampines Ave 4,TAMPINES,EAST REGION,868.7,46;65;129;299
76289,Blk 801,Tampines Ave 4,TAMPINES,EAST REGION,812.7,46;65;129;299
76291,Opp Blk 273,Tampines St 22,TAMPINES,EAST REGION,1515.3,292
76301,Blk 283,Tampines St 22,TAMPINES,EAST REGION,1261.7,292
76311,Blk 460,Tampines Ave 9,TAMPINES,EAST REGION,659.8,18;29;293
76319,Tampines East Stn Exit D,Tampines Ave 9,TAMPINES,EAST REGION,665.7,18;18A;29;29A
76321,Opp Blk 124,Tampines St 11,TAMPINES,EAST REGION,1272.6,292
76329,Blk 125,Tampines St 11,TAMPINES,EAST REGION,1342.5,292
76339,Opp Tampines Changkat CC,Tampines St 11,TAMPINES,EAST REGION,1173.5,292
76341,Blk 464,Tampines Ave 9,TAMPINES,EAST REGION,500.6,18;29
76349,Dunman Sec Sch,Tampines Ave 9,TAMPINES,EAST REGION,429.8,18;18A;29;29A
76351,Blk 484,Tampines Ave 9,TAMPINES,EAST REGION,371.2,18;28;29;293
76359,Blk 493B,Tampines Ave 9,TAMPINES,EAST REGION,402.4,18;18A;28;29;29A;293
76361,Blk 430,Tampines Ave 9,TAMPINES,EAST REGION,673.6,18;28;29;293
76369,Blk 496F,Tampines Ave 9,TAMPINES,EAST REGION,651.0,18;18A;28;29;29A;293
76371,Blk 459,Tampines St 42,TAMPINES,EAST REGION,681.3,293
76391,Blk 418,Tampines St 41,TAMPINES,EAST REGION,916.0,28;29;293
76399,Blk 417,Tampines St 41,TAMPINES,EAST REGION,904.5,28;29;29A;293
76401,Blk 230B,Tampines St 21,TAMPINES,EAST REGION,1201.9,291
76409,Blk 259,Tampines St 21,TAMPINES,EAST REGION,1221.8,291
76411,Ngee Ann Sec Sch,Tampines St 32,TAMPINES,EAST REGION,682.2,18;28;291
76419,Blk 307A,Tampines St 32,TAMPINES,EAST REGION,788.2,18;28;291
76421,Opp Blk 331,Tampines St 32,TAMPINES,EAST REGION,423.1,28;291
76429,Blk 331,Tampines St 32,TAMPINES,EAST REGION,458.0,28
76431,Blk 333,Tampines St 33,TAMPINES,EAST REGION,285.1,18
76439,Blk 351,Tampines St 33,TAMPINES,EAST REGION,169.3,18;291
76441,Opp Blk 345,Tampines St 33,TAMPINES,EAST REGION,357.7,18
76449,Blk 343,Tampines St 33,TAMPINES,EAST REGION,354.1,18;291
76451,Blk 324,Tampines St 33,TAMPINES,EAST REGION,543.1,18
76459,Blk 323,Tampines St 33,TAMPINES,EAST REGION,605.9,18;291
76461,Eden Condo,Tampines St 34,TAMPINES,EAST REGION,349.3,18;28
76469,East Spring Sec Sch,Tampines St 34,TAMPINES,EAST REGION,339.0,18;28
76471,Blk 444,Tampines St 42,TAMPINES,EAST REGION,807.1,293
76481,Blk 136,Tampines Lane,TAMPINES,EAST REGION,1080.1,292
76511,The Tampines Trilliant,Tampines Concourse,TAMPINES,EAST REGION,950.5,68;68A;127;129;298;969
76519,Bet Blks 524B/523D,Tampines Concourse,TAMPINES,EAST REGION,930.9,68;68B;127;127A;129;298;969;969A
76521,Opp Blk 519A,Tampines Concourse,TAMPINES,EAST REGION,1128.4,68;68A;127;129;298;969
76529,Blk 519A,Tampines Concourse,TAMPINES,EAST REGION,1111.0,68;68B;127;127A;129;298;969;969A
76541,Citylife @ Tampines,Tampines Ave 9,TAMPINES,EAST REGION,967.4,18;27;129;168;298;969
76549,Opp Citylife @ Tampines,Tampines Ave 9,TAMPINES,EAST REGION,943.0,18;18A;27;27A;129;168;168A;298;969;969A
76551,Tampines Stn Exit D,Tampines Ctrl 1,TAMPINES,EAST REGION,1348.4,129;298;299;454
76559,Aft Tampines Stn Exit E,Tampines Ctrl 1,TAMPINES,EAST REGION,1325.2,129;298;299;454
77009,Pasir Ris Int,Pasir Ris Dr 3,PASIR RIS,EAST REGION,757.7,3;5;6;12;12e;15;15A;17;21;46;58;58B;68;88;354;358;359;403;518;518A
77011,Opp Blk 515,Pasir Ris Dr 1,PASIR RIS,EAST REGION,355.5,3;3A;39;39A;53;81;89;109;403;518
77019,Blk 515,Pasir Ris Dr 1,PASIR RIS,EAST REGION,408.8,3;39;39B;53;53A;81;89;89A;109;403;518;518A
77021,Opp Blk 571,Pasir Ris Dr 1,PASIR RIS,EAST REGION,475.9,3;3A;15;39;39A;53;81;89;109;403;518
77029,Blk 571,Pasir Ris Dr 1,PASIR RIS,EAST REGION,502.5,3;15;15A;39;39B;53;53A;81;89;89A;109;403;518;518A
77031,Opp Pasir Ris Int/Mall,Pasir Ris Ctrl,PASIR RIS,EAST REGION,604.5,39;39A;53;81;89;109;518
77039,Pasir Ris Int/Mall,Pasir Ris Ctrl,PASIR RIS,EAST REGION,625.4,39;39B;53;53A;81;89;89A;109;518;518A
77041,Blk 541,Pasir Ris Dr 1,PASIR RIS,EAST REGION,372.6,39;53;81;109;518
77049,Pasir Ris Town Pk,Pasir Ris Dr 1,PASIR RIS,EAST REGION,400.0,39;53;53A;81;109;518;518A
77051,Blk 115,Pasir Ris Dr 1,PASIR RIS,EAST REGION,433.3,39;53;81;109;359;518
77059,Blk 425,Pasir Ris Dr 1,PASIR RIS,EAST REGION,462.2,39;53;53A;81;109;359;518;518A
77061,Ris Grandeur,Elias Rd,PASIR RIS,EAST REGION,228.7,3;68
77069,Opp Ris Grandeur,Elias Rd,PASIR RIS,EAST REGION,286.6,3;3A;68
77071,Blk 633,Elias Rd,PASIR RIS,EAST REGION,699.5,68;358;403
77079,Elias Mall,Elias Rd,PASIR RIS,EAST REGION,628.0,68;403
77081,Aft Pasir Ris Dr 3,Elias Rd,PASIR RIS,EAST REGION,668.7,403
77089,Bef Pasir Ris Dr 3,Elias Rd,PASIR RIS,EAST REGION,684.9,403
77091,Aft Pasir Ris Ave,Elias Rd,PASIR RIS,EAST REGION,475.4,403
77099,Bef Pasir Ris Ave,Elias Rd,PASIR RIS,EAST REGION,420.0,403
77101,Bef Pasir Ris Rd,Elias Rd,PASIR RIS,EAST REGION,286.6,403
77109,Aft Pasir Ris Rd,Elias Rd,PASIR RIS,EAST REGION,295.0,403
77111,Bef Pasir Ris Way,Pasir Ris Rd,PASIR RIS,EAST REGION,256.2,403
77119,Aft Pasir Ris Way,Pasir Ris Rd,PASIR RIS,EAST REGION,240.6,403
77129,Pasir Ris Pk,Pasir Ris Rd,PASIR RIS,EAST REGION,256.9,403
77131,Blk 502,Pasir Ris St 52,PASIR RIS,EAST REGION,787.1,15
77139,Blk 582,Pasir Ris St 52,PASIR RIS,EAST REGION,752.2,15;15A
77141,Blk 519,Pasir Ris St 52,PASIR RIS,EAST REGION,549.0,15
77161,Blk 741,Pasir Ris Dr 10,PASIR RIS,EAST REGION,396.2,3;3A;68
77169,Opp Blk 742,Pasir Ris Dr 10,PASIR RIS,EAST REGION,326.2,3;68;359
77171,Aft Pasir Ris Stn Exit A,Pasir Ris Ctrl,PASIR RIS,EAST REGION,714.6,89;89A;359
77179,Opp Pasir Ris Stn Exit A,Pasir Ris Ctrl,PASIR RIS,EAST REGION,695.3,89;359
77181,Blk 638,Elias Rd,PASIR RIS,EAST REGION,474.2,68;358;403
77189,Blk 613,Elias Rd,PASIR RIS,EAST REGION,447.6,68;403
77191,Blk 500A,Pasir Ris Dr 3,PASIR RIS,EAST REGION,801.3,58;58B;68;88;358;359;518;518A
77199,Opp Blk 500A,Pasir Ris Dr 3,PASIR RIS,EAST REGION,772.5,58;68;88;358;359;518
77201,Pasir Ris Elias CC,Pasir Ris Dr 3,PASIR RIS,EAST REGION,809.5,58;58B;68;88;358;359;518;518A
77209,Opp Pasir Ris Elias CC,Pasir Ris Dr 3,PASIR RIS,EAST REGION,775.7,58;68;88;358;359;518
77211,Blk 626,Pasir Ris Dr 3,PASIR RIS,EAST REGION,796.7,58;58B;88;358;359;518;518A
77219,Opp Blk 626,Pasir Ris Dr 3,PASIR RIS,EAST REGION,760.3,58;88;359;518
77221,Blk 651,Pasir Ris Dr 10,PASIR RIS,EAST REGION,684.5,358
77231,Tampines Meridian JC,Pasir Ris Dr 1,PASIR RIS,EAST REGION,413.1,39;39A;53;81;89;109;518
77239,Blk 643,Pasir Ris Dr 1,PASIR RIS,EAST REGION,456.4,39;39B;53;53A;81;89;89A;109;358;518;518A
77241,Opp Blk 640,Pasir Ris Dr 1,PASIR RIS,EAST REGION,372.2,39;39A;53;81;89;109;518
77249,Blk 640,Pasir Ris Dr 1,PASIR RIS,EAST REGION,417.4,39;39B;53;53A;81;89;89A;109;358;518;518A
77251,Blk 713,Pasir Ris Dr 3,PASIR RIS,EAST REGION,773.1,58;58B;88;359;518;518A
77259,Opp Blk 713,Pasir Ris Dr 3,PASIR RIS,EAST REGION,726.6,58;88;359;518
77261,Blk 717,Pasir Ris Dr 12,PASIR RIS,EAST REGION,915.0,58;58B;88;359;518;518A
77269,Opp Blk 717,Pasir Ris Dr 12,PASIR RIS,EAST REGION,901.0,58;88;359;518
77271,Aft Pasir Ris St 72,Pasir Ris Dr 12,PASIR RIS,EAST REGION,629.8,58;58B;88;359;518;518A
77279,Aft Pasir Ris Ind Dr 1,Pasir Ris Dr 12,PASIR RIS,EAST REGION,636.5,58;88;359;518
77281,Blk 740,Pasir Ris Dr 1,PASIR RIS,EAST REGION,461.6,3;3A;39;39A;53;68;81;89;109;518
77289,Blk 738,Pasir Ris Dr 1,PASIR RIS,EAST REGION,504.2,3;39;39B;53;53A;68;81;89;89A;109;359;518;518A
77291,Blk 753,Pasir Ris St 71,PASIR RIS,EAST REGION,303.6,359
77301,Blk 778,Pasir Ris St 71,PASIR RIS,EAST REGION,177.2,3;3A;68
77309,Opp Blk 778,Pasir Ris St 71,PASIR RIS,EAST REGION,200.0,3;68
77311,Bet Blks 771/772,Pasir Ris St 71,PASIR RIS,EAST REGION,243.5,3;3A;68
77319,Opp Blks 771/772,Pasir Ris St 71,PASIR RIS,EAST REGION,252.3,3;68
77321,Pasir Ris Int/Polyclinic,Pasir Ris Dr 8,PASIR RIS,EAST REGION,682.4,3;3A;46;403
77329,Opp Pasir Ris Int/Polyclinic,Pasir Ris Dr 8,PASIR RIS,EAST REGION,634.3,3;46;403
77331,Blk 747A,Pasir Ris Dr 12,PASIR RIS,EAST REGION,324.4,3;3A;53;58;58B;68;81;88;89;109
77339,Opp Blk 756,Pasir Ris Dr 12,PASIR RIS,EAST REGION,268.9,3;53;58;68;81;88;89;89A;109
77341,Opp Blk 569,Pasir Ris St 51,PASIR RIS,EAST REGION,332.0,359
77349,Blk 569,Pasir Ris St 51,PASIR RIS,EAST REGION,367.4,359
77351,Blk 562,Pasir Ris St 51,PASIR RIS,EAST REGION,173.3,359
77359,Blk 564,Pasir Ris St 51,PASIR RIS,EAST REGION,192.3,359
77361,Blk 555,Pasir Ris St 51,PASIR RIS,EAST REGION,227.4,359
77369,Opp Blk 555,Pasir Ris St 51,PASIR RIS,EAST REGION,264.5,359
77379,Blk 586,Pasir Ris Dr 8,PASIR RIS,EAST REGION,825.7,3;46;403
77381,Blk 524B,Pasir Ris Dr 8,PASIR RIS,EAST REGION,405.9,15;15A;46
77389,Opp Blk 525B,Pasir Ris Dr 8,PASIR RIS,EAST REGION,262.6,15;46
77401,UMC,Pasir Ris Ind Dr 1,PASIR RIS,EAST REGION,565.0,39;39A
77409,Opp UMC,Pasir Ris Ind Dr 1,PASIR RIS,EAST REGION,590.7,39;39B
78031,Blk 191,Pasir Ris St 12,PASIR RIS,EAST REGION,315.4,12;12e;17;21;39;53;53A;81;109;518;518A
78039,Blk 104,Pasir Ris St 12,PASIR RIS,EAST REGION,413.8,12;12e;17;21;39;53;81;109;518
78049,Blk 612,Pasir Ris Dr 1,PASIR RIS,EAST REGION,371.5,3;39;39B;53;53A;81;89;89A;109;403;518;518A
78061,Blk 104,Pasir Ris Dr 1,PASIR RIS,EAST REGION,488.9,12;12e;21;39;53;81;109;518
78069,Blk 442,Pasir Ris Dr 1,PASIR RIS,EAST REGION,517.0,12;12e;21;39;53;53A;81;109;358;518;518A
78071,Blk 446,Pasir Ris Dr 6,PASIR RIS,EAST REGION,638.2,12;12e;21;358;661
78079,Blk 429,Pasir Ris Dr 6,PASIR RIS,EAST REGION,590.0,12;12e;21;661
78081,Blk 467,Pasir Ris Dr 6,PASIR RIS,EAST REGION,864.9,12;12e;21;358;661
78089,Blk 405,Pasir Ris Dr 6,PASIR RIS,EAST REGION,877.2,12;12e;21;358;661
78091,Opp Downtown East,Pasir Ris Cl,PASIR RIS,EAST REGION,521.0,354
78099,Aft Loyang Gdns,Jln Loyang Besar,PASIR RIS,EAST REGION,444.9,354
78101,Opp Downtown East,Pasir Ris Dr 3,PASIR RIS,EAST REGION,743.4,3;3A;5;6;12;12e;17;21;89;354;358
78109,Downtown East,Pasir Ris Dr 3,PASIR RIS,EAST REGION,698.5,3;5;6;12;12e;17;21;89;89A;354;358
78111,Blk 476,Pasir Ris Dr 3,PASIR RIS,EAST REGION,654.6,3;3A;5;6;17;89;661
78119,Opp Blk 476,Pasir Ris Dr 3,PASIR RIS,EAST REGION,630.1,3;5;6;17;89;89A;661
78121,Bet Blks 232/233,Pasir Ris Dr 3,PASIR RIS,EAST REGION,747.7,5;6;89
78129,Opp Blk 233,Pasir Ris Dr 3,PASIR RIS,EAST REGION,719.1,5;6;89;89A
78131,Pasir Ris Pr Sch,Pasir Ris Dr 3,PASIR RIS,EAST REGION,882.7,5;6;89
78139,Opp Pasir Ris Pr Sch,Pasir Ris Dr 3,PASIR RIS,EAST REGION,859.7,5;6;89;89A
78141,Blk 249,Pasir Ris Dr 3,PASIR RIS,EAST REGION,971.9,5;6;89
78149,NTUC Health Pasir Ris,Pasir Ris Dr 3,PASIR RIS,EAST REGION,971.3,5;6;89;89A
78151,Blk 230,Pasir Ris Dr 4,PASIR RIS,EAST REGION,1009.2,17
78159,Opp Blk 230,Pasir Ris Dr 4,PASIR RIS,EAST REGION,999.7,17;358
78161,Blk 216,Pasir Ris Dr 4,PASIR RIS,EAST REGION,675.5,17
78169,Opp Blk 216,Pasir Ris Dr 4,PASIR RIS,EAST REGION,665.6,17;358
78171,Blk 108,Pasir Ris St 11,PASIR RIS,EAST REGION,360.7,359;661
78179,Opp Blk 108,Pasir Ris St 11,PASIR RIS,EAST REGION,336.3,359;661
78181,Bef Blk 187,Pasir Ris St 11,PASIR RIS,EAST REGION,192.0,12;12e;17;21;39;53;53A;81;109;359;518;518A;661
78189,Opp Blk 187,Pasir Ris St 11,PASIR RIS,EAST REGION,169.9,12;12e;17;21;39;53;81;109;359;518;661
78191,Aft Blk 182,Pasir Ris St 11,PASIR RIS,EAST REGION,394.7,12;12e;17;21;39;53;53A;81;109;359;518;518A;661
78199,Opp White Sands Pr Sch,Pasir Ris St 11,PASIR RIS,EAST REGION,394.2,12;12e;17;21;39;53;81;109;359;518;661
78201,Opp Blk 242,Pasir Ris St 21,PASIR RIS,EAST REGION,987.1,3;3A
78209,Blk 242,Pasir Ris St 21,PASIR RIS,EAST REGION,998.2,3
78211,Blk 204,Pasir Ris St 21,PASIR RIS,EAST REGION,697.9,3;3A
78219,Opp Blk 204,Pasir Ris St 21,PASIR RIS,EAST REGION,702.9,3
78221,Blk 231A CP,Pasir Ris Dr 4,PASIR RIS,EAST REGION,816.5,3;17
78229,Blk 485,Pasir Ris Dr 4,PASIR RIS,EAST REGION,820.4,3;3A;17
78231,Opp Blk 482,Pasir Ris St 41,PASIR RIS,EAST REGION,886.0,358
78241,Bet Blks 453/454,Pasir Ris St 41,PASIR RIS,EAST REGION,844.3,358
78251,Lighthouse,Jln Loyang Besar,PASIR RIS,EAST REGION,351.0,354
78259,Opp Lighthouse,Jln Loyang Besar,PASIR RIS,EAST REGION,373.9,354
78261,Opp Ripple Bay,Jln Loyang Besar,PASIR RIS,EAST REGION,313.4,354
78269,Ripple Bay,Jln Loyang Besar,PASIR RIS,EAST REGION,320.9,354
78271,Casa Pasir Ris,Jln Loyang Besar,PASIR RIS,EAST REGION,303.7,354
78279,Opp Loyang Townhse,Jln Loyang Besar,PASIR RIS,EAST REGION,265.5,354
80009,Lor 1 Geylang Ter,Lor 1 Geylang,KALLANG,CENTRAL REGION,354.0,11;140;141;175;853;961;961M;980;985
80011,Aft Padang Jeringau,Kallang Rd,KALLANG,CENTRAL REGION,612.4,2;7;12;13;32;33;51;63;67;80;100;141;197;980
80029,Bef Kg Bugis,Kallang Rd,KALLANG,CENTRAL REGION,577.2,2;7;7A;12;13;32;33;51;63;67;80;100;141;197;980
80031,Kallang Stn,Sims Ave,KALLANG,CENTRAL REGION,448.6,2;7;12;13;32;33;51;63;67;80;100;197
80039,Opp Lor 1 Geylang Ter,Geylang Rd,KALLANG,CENTRAL REGION,464.8,2;7;7A;12;13;32;33;51;63;67;80;100;197
80049,Aft Sims Way,Geylang Rd,KALLANG,CENTRAL REGION,204.5,2;7;7A;11;12;13;21;21A;26;31;32;33;51;62;63;67;80;100;197;853M
80051,Aft Lor 1 Geylang,Sims Ave,KALLANG,CENTRAL REGION,205.7,2;7;11;12;13;21;26;31;32;33;51;62;63;67;80;100;197;853M
80069,Opp Mohd Salleh Mque,Geylang Rd,GEYLANG,CENTRAL REGION,211.5,2;13;21;21A;26;51;62;63;67;80;100;158;158A;853M
80071,Yi Xiu Fty Bldg,Sims Ave,GEYLANG,CENTRAL REGION,179.1,2;13;21;26;51;62;63;67;80;100;158;158A;853M
80089,Bef Lor 18 Geylang,Geylang Rd,GEYLANG,CENTRAL REGION,604.8,2;13;21;21A;26;51;62;63;67;80;100;158;158A;853M
80091,Bef Lor 23 Geylang,Sims Ave,GEYLANG,CENTRAL REGION,679.9,2;13;21;26;51;62;63;67;80;100;125;158;158A;853M
80101,Kallang Stn/Opp Blk 2C,Lor 1 Geylang,KALLANG,CENTRAL REGION,394.0,21;21A;26;31;140;175;853;853M;961;961M;985
80109,Opp Kallang Stn/Blk 2C,Lor 1 Geylang,KALLANG,CENTRAL REGION,394.1,21;26;31;140;175;853;853M;961;961M;985
80111,Bef Geylang Rd,Sims Way,KALLANG,CENTRAL REGION,26.3,7;7A;11;12;31;32;33;158;158A;197
80119,Aft Geylang Rd,Sims Way,GEYLANG,CENTRAL REGION,27.3,7;11;12;31;32;33;158;158A;197
80141,Opp S.A. Deaf,Mountbatten Rd,KALLANG,CENTRAL REGION,16.8,10;11;12;14;14A;16;16M;31;32;33;158;158A;196;196A
80149,S.A. Deaf,Mountbatten Rd,GEYLANG,CENTRAL REGION,19.0,10;11;12;14;16;16M;31;32;33;158;158A;196
80151,Opp Suntec City,Nicoll Highway,DOWNTOWN CORE,CENTRAL REGION,437.6,10;10e;14;14e;16;16M;70;70M;196;196e
80159,Suntec City,Nicoll Highway,DOWNTOWN CORE,CENTRAL REGION,519.6,10;10e;14;14A;14e;16;16M;70;70A;70M;196;196A
80161,Opp Nicoll Highway Stn,Nicoll Highway,DOWNTOWN CORE,CENTRAL REGION,133.1,10;14;16;16M;70;70M;196
80169,Nicoll Highway Stn,Nicoll Highway,DOWNTOWN CORE,CENTRAL REGION,143.1,10;14;14A;16;16M;70;70A;70M;196;196A
80171,CP F,Stadium Walk,KALLANG,CENTRAL REGION,593.7,11
80179,Opp CP F,Stadium Cres,KALLANG,CENTRAL REGION,566.3,11
80181,Kallang Squash Ctr,Stadium Blvd,KALLANG,CENTRAL REGION,236.3,11
80189,Opp Kallang Squash Ctr,Stadium Blvd,KALLANG,CENTRAL REGION,153.0,11
80191,Opp S'pore Indoor Stadium,Stadium Walk,KALLANG,CENTRAL REGION,685.5,11
80199,Stadium Stn,Stadium Cres,KALLANG,CENTRAL REGION,680.9,11
80211,Opp Natl Stadium,Nicoll Highway,KALLANG,CENTRAL REGION,193.7,10;14;16;16M;70;70M;196
80219,Natl Stadium,Nicoll Highway,KALLANG,CENTRAL REGION,242.1,10;14;14A;16;16M;70;70A;70M;196;196A
80229,Blk 45,Sims Dr,GEYLANG,CENTRAL REGION,361.2,64;125;134;137
80231,Opp Blk 53,Sims Dr,GEYLANG,CENTRAL REGION,495.7,64;134;137
80239,Bef Blk 53,Sims Dr,GEYLANG,CENTRAL REGION,541.7,64;125;134;137
80249,Blk 49 Mkt/FC,Sims Pl,GEYLANG,CENTRAL REGION,560.3,64;134;137
80251,Aft Lor 14 Geylang,Guillemard Rd,GEYLANG,CENTRAL REGION,293.8,7;70;70M;197
80259,Aft Chen Li Presby Ch,Guillemard Rd,GEYLANG,CENTRAL REGION,271.6,7;7A;70;70A;70M;197
80269,Bef Sims Ave,Lor 17 Geylang,GEYLANG,CENTRAL REGION,393.8,125
80271,Opp Mountbatten Stn,Mountbatten Rd,KALLANG,CENTRAL REGION,5.8,12;14;14A;158;158A;196;196A
80279,Mountbatten Stn Exit B,Mountbatten Rd,GEYLANG,CENTRAL REGION,19.0,12;14;30;158;158A;196;401
80289,Sims Pl Ter,Sims Pl,GEYLANG,CENTRAL REGION,511.0,64;134;137
80291,Blk 82,Geylang Bahru,KALLANG,CENTRAL REGION,307.7,140;175
80299,Opp Blk 82,Geylang Bahru,KALLANG,CENTRAL REGION,336.8,140;175
80301,Bef Blk 19,Upp Boon Keng Rd,KALLANG,CENTRAL REGION,135.6,140;175
80309,Aft Geylang West CC,Upp Boon Keng Rd,KALLANG,CENTRAL REGION,200.6,140;175
80311,Blk 3B,Upp Boon Keng Rd,KALLANG,CENTRAL REGION,250.5,140;175
80319,Geylang West CC,Upp Boon Keng Rd,KALLANG,CENTRAL REGION,244.2,140;175
81011,Aft Aljunied Stn,Sims Ave,GEYLANG,CENTRAL REGION,950.1,2;13;21;26;40;51;67;137;853M
81029,Aft Lor 28 Geylang,Geylang Rd,GEYLANG,CENTRAL REGION,773.2,2;13;21;26;40;51;67;137;853M
81031,Blk 134,Sims Ave,GEYLANG,CENTRAL REGION,901.3,2;13;21;26;40;51;67;137;853M
81049,Aft Lor 34 Geylang,Geylang Rd,GEYLANG,CENTRAL REGION,665.4,2;13;21;26;40;51;67;137;853M
81051,Sims Ville,Sims Ave,GEYLANG,CENTRAL REGION,863.4,2;13;21;26;40;51;67;137;853M
81069,Opp Lor 39 Geylang,Geylang Rd,GEYLANG,CENTRAL REGION,648.8,2;13;21;26;40;51;67;137;853M
81081,Opp Aljunied Stn,Aljunied Rd,GEYLANG,CENTRAL REGION,771.9,40;62;63;80;100;125;125A;137;158;158A
81089,Aljunied Stn,Aljunied Rd,GEYLANG,CENTRAL REGION,799.8,40;62;62A;63;80;80A;100;100A;137;158;158A
81091,Sims Urban Oasis,Aljunied Rd,GEYLANG,CENTRAL REGION,651.8,40;62;63;64;100;125;125A;155;158
81099,Blk 102,Aljunied Rd,GEYLANG,CENTRAL REGION,671.5,40;62;62A;63;100;100A;155;158
81101,Paya Lebar Green,Paya Lebar Rd,GEYLANG,CENTRAL REGION,1326.1,24;28;43;43e;70;70A;70M;76;135;137;154
81109,Opp Paya Lebar Green,Paya Lebar Rd,GEYLANG,CENTRAL REGION,1311.9,24;28;43;43e;70;70M;76;80;135;137;154
81111,Paya Lebar Stn Exit B,Paya Lebar Rd,GEYLANG,CENTRAL REGION,1038.8,24;28;43;43e;70;70A;70M;76;134;135;137;154;155
81119,Paya Lebar Stn Exit C,Paya Lebar Rd,GEYLANG,CENTRAL REGION,1044.3,24;28;43;43e;70;70M;76;134;135;137;154;155
81129,Paya Lebar Stn Exit D,Paya Lebar Rd,GEYLANG,CENTRAL REGION,787.7,24;28;43;43e;70;70M;76;134;135;154;155
81131,Opp Grandlink Sq,Guillemard Rd,GEYLANG,CENTRAL REGION,568.9,7;7A;70;70A;70M
81139,Grandlink Sq,Guillemard Rd,GEYLANG,CENTRAL REGION,580.1,7;70;70M;197
81141,Versailles Condo,Guillemard Rd,GEYLANG,CENTRAL REGION,359.2,7;7A;70;70A;70M;197
81149,The Sunny Spring Condo,Guillemard Rd,GEYLANG,CENTRAL REGION,387.4,7;70;70M;197
81151,Kong Hwa Sch,Guillemard Rd,GEYLANG,CENTRAL REGION,388.8,7;7A;70;70A;70M;197
81159,Opp Kong Hwa Sch,Guillemard Rd,GEYLANG,CENTRAL REGION,429.3,7;70;70M;197
81161,Blk 56,Guillemard Rd,GEYLANG,CENTRAL REGION,479.4,7;7A;70;70A;70M;197
81169,Opp Blk 56,Guillemard Rd,GEYLANG,CENTRAL REGION,499.6,7;70;70M;197
81171,Blk 39,Old Airport Rd,GEYLANG,CENTRAL REGION,224.6,10;16;16M;30;30e;31;32;33
81179,Blk 22,Old Airport Rd,GEYLANG,CENTRAL REGION,198.8,10;16;16M;30;30e;31;32;33;33B;401
81181,Dakota Stn Exit A/Blk 99,Old Airport Rd,GEYLANG,CENTRAL REGION,140.2,10;16;16M;30;30e;31;32;33
81189,Dakota Stn Exit B/Blk 60,Old Airport Rd,GEYLANG,CENTRAL REGION,137.6,10;16;16M;30;30e;31;32;33;33B;401
81191,Aft Old Airport Rd,Dunman Rd,GEYLANG,CENTRAL REGION,13.6,10;16;16M;30;30e;31;32;33
81199,Bef Old Airport Rd,Dunman Rd,MARINE PARADE,CENTRAL REGION,1.0,10;16;16M;30;30e;31;32;33;33B;401
81201,Opp Geylang Meth Sec Sch,Geylang East Ctrl,GEYLANG,CENTRAL REGION,803.7,80;134;155
81209,Geylang Meth Pr Sch,Geylang East Ctrl,GEYLANG,CENTRAL REGION,950.1,80;80A;134;155
81211,Geylang Polyclinic,Geylang East Ctrl,GEYLANG,CENTRAL REGION,1201.7,80;134;155
81219,Opp Geylang Polyclinic,Geylang East Ctrl,GEYLANG,CENTRAL REGION,1182.9,80;80A;134;155
81221,Opp Blk 1015,Geylang East Ctrl,GEYLANG,CENTRAL REGION,1210.0,80;134;155
81229,Blk 1015,Geylang East Ctrl,GEYLANG,CENTRAL REGION,1176.2,80;80A;134;155
81231,Opp KH Plaza,Aljunied Rd,GEYLANG,CENTRAL REGION,766.9,40;137
82009,Eunos Int,Eunos Rd 2,GEYLANG,CENTRAL REGION,348.8,22;60;60A;60T;61;63;63M;76;93;94;94A;150;154
82011,Aft Paya Lebar Quarter,Sims Ave,GEYLANG,CENTRAL REGION,867.7,2;7;13;21;24;26;28;30;51;67;76;154;155
82029,Blk 14 Mkt/FC,Geylang Rd,GEYLANG,CENTRAL REGION,683.6,2;7;7A;13;21;24;26;28;30;51;67;76;154;155
82032,Blk 416,Sims Ave,GEYLANG,CENTRAL REGION,873.8,2;13;21;24;51;67;76;154;155
82033,Blk 414,Sims Ave,GEYLANG,CENTRAL REGION,756.5,7;26;28;30
82049,Joo Chiat Cplx,Changi Rd,GEYLANG,CENTRAL REGION,701.0,2;7;7A;13;21;24;26;28;30;51;67;76;154;155
82051,Aft Tg Katong Stn Exit 2,Tg Katong Rd Sth,MARINE PARADE,CENTRAL REGION,555.7,36;36B;48
82059,Bef Tg Katong Stn Exit 3,Tg Katong Rd Sth,MARINE PARADE,CENTRAL REGION,660.5,36;36A;36B;48
82061,Eunos Stn/Int,Sims Ave,GEYLANG,CENTRAL REGION,301.8,2;7;13;21;22;24;26;28;30;30e;51;60;60A;60T;61;63;63M;67;93;94;94A;150;155
82069,Aft Lor 106 Changi,Changi Rd,GEYLANG,CENTRAL REGION,244.1,2;7;7A;13;21;22;24;26;28;30;30e;51;60;61;63;63M;67;93;94;150;155
82071,Opp Tg Katong Girls' Sch,Tg Katong Rd,MARINE PARADE,CENTRAL REGION,256.1,10;31;32;40;43;43e;134;197;401;853M
82079,Tg Katong Girls' Sch,Tg Katong Rd,MARINE PARADE,CENTRAL REGION,172.9,10;31;32;40;43;43e;134;197;853M
82081,Aft Dunman Rd,Tg Katong Rd,GEYLANG,CENTRAL REGION,96.8,30;40;43;43e;134;135;197;853M
82089,Aft Ipoh Lane,Tg Katong Rd,GEYLANG,CENTRAL REGION,157.1,30;40;43;43e;134;135;197;853M
82091,Aft Queen of Peace Ch,Tg Katong Rd,GEYLANG,CENTRAL REGION,346.4,30;40;43;43e;134;135;197;853M
82099,CDAC Bldg,Tg Katong Rd,GEYLANG,CENTRAL REGION,382.4,30;40;43;43e;134;135;197;853M
82109,City Plaza,Geylang Rd,GEYLANG,CENTRAL REGION,640.3,2;7;7A;13;21;26;40;51;67;853M
82111,Opp Tg Katong Cplx,Tg Katong Rd,GEYLANG,CENTRAL REGION,734.0,30
82119,Tg Katong Cplx,Tg Katong Rd,GEYLANG,CENTRAL REGION,738.8,40;43;43e;134;135;197;853M
82121,Questa @ Dunman,Dunman Rd,GEYLANG,CENTRAL REGION,13.0,16;16M;33;135
82129,Tg Katong Sec Sch,Dunman Rd,MARINE PARADE,CENTRAL REGION,3.7,16;16M;33;33B;135
82131,Opp Maranatha Hall,Dunman Rd,GEYLANG,CENTRAL REGION,8.1,16;16M;33
82139,Maranatha Hall,Dunman Rd,MARINE PARADE,CENTRAL REGION,9.6,16;16M;33;33B
82141,Aft Koon Seng Rd,Tembeling Rd,GEYLANG,CENTRAL REGION,54.3,33
82149,Bef Koon Seng Rd,Joo Chiat Rd,GEYLANG,CENTRAL REGION,143.7,33;33B
82151,Bef Joo Chiat Pl,Tembeling Rd,GEYLANG,CENTRAL REGION,361.0,33
82159,Aft Tembeling Rd,Joo Chiat Pl,GEYLANG,CENTRAL REGION,403.2,33;33B
82171,Bef Mangis Rd,Joo Chiat Pl,GEYLANG,CENTRAL REGION,283.7,33
82179,Aft Rambutan Rd,Joo Chiat Pl,GEYLANG,CENTRAL REGION,188.2,33;33B
82181,Flora East,Joo Chiat Pl,GEYLANG,CENTRAL REGION,43.6,33
82221,Blk 3A,Jln Turi,GEYLANG,CENTRAL REGION,674.7,22;60;61;63;63M;93;94;150
82229,Kg Ubi CC,Jln Ubi,GEYLANG,CENTRAL REGION,506.3,76;154
82231,Opp City Plaza,Guillemard Rd,GEYLANG,CENTRAL REGION,525.0,197
82241,Opp Tg Katong Sec Sch,Haig Rd,MARINE PARADE,CENTRAL REGION,194.5,135
82249,Tg Katong Sec Sch,Haig Rd,MARINE PARADE,CENTRAL REGION,235.5,135
82251,Tg Katong Pr Sch,Haig Rd,MARINE PARADE,CENTRAL REGION,486.0,135
82259,Opp Tg Katong Pr Sch,Haig Rd,MARINE PARADE,CENTRAL REGION,617.8,135
83011,Casa Sarina,Sims Ave East,BEDOK,EAST REGION,252.5,2;7;24;25;26;28;30;67;854
83029,Aft Kg Eunos,Changi Rd,BEDOK,EAST REGION,141.2,2;7;7A;24;26;28;30;67;155
83031,Opp Hong San Si Tp,Sims Ave East,BEDOK,EAST REGION,548.4,2;7;24;25;26;28;30;33;67;854
83049,Bef Lor 110 Changi,Changi Rd,BEDOK,EAST REGION,554.9,2;7;7A;24;25;26;28;30;33;33B;67;854
83059,Mjd Kassim,Changi Rd,BEDOK,EAST REGION,803.1,2;7;7A;24;25;26;28;30;33;33B;67;854
83062,Kembangan Stn,Sims Ave East,BEDOK,EAST REGION,905.5,2;7;24;25;26;28;30;33;67;854
83063,The Buddhist Union,Sims Ave East,BEDOK,EAST REGION,1070.3,32
83079,Bef Siglap Plain,Changi Rd,BEDOK,EAST REGION,1113.3,2;7;7A;24;25;26;28;30;32;33;33B;67;854
83081,Opp Perpetual Succour Ch,Sims Ave East,BEDOK,EAST REGION,1345.0,2;7;24;25;26;28;30;32;33;42;67;854
83099,Aft Perpetual Succour Ch,Changi Rd,BEDOK,EAST REGION,1435.5,2;7;7A;24;25;26;28;30;32;33;33B;67;854
83101,Eunos Stn,Jln Eunos,GEYLANG,CENTRAL REGION,20.4,15;21;22;25;51;55;60;60A;60T;61;63;63M;93;94;94A;854;966
83109,Opp Eunos Stn,Jln Eunos,BEDOK,EAST REGION,22.0,15;15A;21;22;25;51;55;60;61;63;63M;93;94;854;966;966A
83111,Blk 17,Jln Eunos,GEYLANG,CENTRAL REGION,19.5,15;21;22;25;51;55;60;60A;60T;61;63;63M;93;94;94A;854;966
83119,Opp Blk 16,Jln Eunos,BEDOK,EAST REGION,23.2,15;15A;21;22;25;51;55;60;61;63;63M;93;94;854;966;966A
83121,Bef Lor K Telok Kurau,Telok Kurau Rd,BEDOK,EAST REGION,371.2,15;150;155
83129,Aft Ji Xiang Ct,Telok Kurau Rd,BEDOK,EAST REGION,388.7,15;150;155
83131,Aft Lor H Telok Kurau,Telok Kurau Rd,BEDOK,EAST REGION,374.3,33;155
83139,Aft Joo Chiat Pl,Telok Kurau Rd,BEDOK,EAST REGION,386.6,15;150;155
83141,Aft Lor G Telok Kurau,Telok Kurau Rd,BEDOK,EAST REGION,364.7,33;155
83149,Aft Changi Rd,Telok Kurau Rd,BEDOK,EAST REGION,388.7,33;33B
83151,Parkway East Hosp,Joo Chiat Pl,BEDOK,EAST REGION,314.4,15;33;150;155
83159,Opp Parkway East Hosp,Joo Chiat Pl,BEDOK,EAST REGION,348.2,15;33;33B;150
83169,Bef Still Rd,Joo Chiat Pl,BEDOK,EAST REGION,58.3,15;33;33B;150
83171,Bef Roseburn Ave,Frankel Ave,BEDOK,EAST REGION,813.0,32;135
83179,Aft Siglap Dr,Frankel Ave,BEDOK,EAST REGION,801.3,32;135
83181,Aft Bethesda Frankel Ch,Frankel Ave,BEDOK,EAST REGION,1021.9,32;42;135
83189,Bef Bethesda Frankel Ch,Frankel Ave,BEDOK,EAST REGION,1046.4,32;135
83191,Bef Frankel Dr,Frankel Ave,BEDOK,EAST REGION,1121.7,32;42;135
83199,Aft Frankel Dr,Frankel Ave,BEDOK,EAST REGION,1119.8,32;135
83201,Bef Frankel Terr,Frankel Ave,BEDOK,EAST REGION,1019.7,32;42;135
83209,Aft Frankel Terr,Frankel Ave,BEDOK,EAST REGION,1042.8,32;135
83219,Bef Frankel Ave,Siglap Dr,BEDOK,EAST REGION,940.4,42
83229,Bef Carlton Ave,Siglap Dr,BEDOK,EAST REGION,1057.3,42
83231,Bef Siglap Dr,Siglap Rd,BEDOK,EAST REGION,1173.1,40;401
83239,Opp Cheviot Hill,Siglap Rd,BEDOK,EAST REGION,1155.1,40;401
83249,Flamingo Valley,Siglap Rd,BEDOK,EAST REGION,1220.5,40;42;401
83251,Bef Jln Khairuddin,Fidelio St,BEDOK,EAST REGION,1374.4,42
83261,Opera Est Pr Sch,Fidelio St,BEDOK,EAST REGION,1452.9,42
83269,Opp Opera Est Pr Sch,Fidelio St,BEDOK,EAST REGION,1403.1,42
83271,Aft Swan Lake Ave,Fidelio St,BEDOK,EAST REGION,1565.6,42
83279,Aft Carmen St,Fidelio St,BEDOK,EAST REGION,1476.3,42
83281,Bef Tosca St,Fidelio St,BEDOK,EAST REGION,1666.9,42
83291,Aft Joo Chiat Pl,Still Rd,GEYLANG,CENTRAL REGION,19.0,13;15;55;150;966
83299,Aft Lor G Telok Kurau,Still Rd,BEDOK,EAST REGION,18.5,13;15;55;150;155;966;966A
83301,Aft East Coast Rd,Still Rd,MARINE PARADE,CENTRAL REGION,12.6,13;55;966
83309,Aft Still Lane,Still Rd,BEDOK,EAST REGION,19.7,13;55;966;966A
83311,Aft Lor Nangka,Still Rd,MARINE PARADE,CENTRAL REGION,16.2,13;55;966
83319,Aft Lor J Telok Kurau,Still Rd,BEDOK,EAST REGION,17.0,13;55;966;966A
83321,Kembangan Stn,Jln Kembangan,BEDOK,EAST REGION,931.1,42;135
83329,Opp Kembangan Stn,Jln Kembangan,BEDOK,EAST REGION,942.7,42;135
83331,Kg Kembangan CC,Lengkong Tiga,BEDOK,EAST REGION,801.8,42
83341,Blk 102,Lengkong Tiga,BEDOK,EAST REGION,596.3,42
83351,Grosvenor View,Lengkong Empat,BEDOK,EAST REGION,701.9,42
83361,Hua Yu Mansions,Lengkong Empat,BEDOK,EAST REGION,974.2,42
83371,Aft Jln Paras,Jln Selamat,BEDOK,EAST REGION,1061.3,42
83381,Bef Jln Kembangan,Taman Kembangan,BEDOK,EAST REGION,984.6,42
84009,Bedok Int,Bedok Nth Dr,BEDOK,EAST REGION,1706.0,7;7A;9;9A;14;14A;16;16M;17;17A;26;30;30e;32;33;33B;35;35M;38;40;60;60T;69;87;155;168;196;196A;197;222;222A;225G;225W;228;229;401;854;854e
84011,Chai Chee Ind Pk,New Upp Changi Rd,BEDOK,EAST REGION,1741.7,2;7;24;25;28;30;30e;32;33;40;67;222;222B;401;854
84019,Opp Chai Chee Ind Pk,New Upp Changi Rd,BEDOK,EAST REGION,1712.0,2;7;7A;24;25;28;30;30e;32;33;33B;40;67;401;854
84021,Blk 32,New Upp Changi Rd,BEDOK,EAST REGION,1927.4,2;7;24;25;28;30;30e;32;33;40;67;222;222B;229;401;854
84029,Opp Blk 32,New Upp Changi Rd,BEDOK,EAST REGION,1887.6,2;7;7A;24;25;28;30;30e;32;33;33B;40;67;222;222B;229;401;854
84031,Bedok Stn Exit B,New Upp Changi Rd,BEDOK,EAST REGION,1662.8,2;9;9A;24;25;28;31;35;35M;67;137;137A;222;222B
84039,Bedok Stn Exit A,New Upp Changi Rd,BEDOK,EAST REGION,1806.5,2;2B;9;24;25;28;31;35;35M;67;137;222;222A;222B
84041,Blk 221A,New Upp Changi Rd,BEDOK,EAST REGION,1380.7,2;9;9A;24;25;28;31;35;35M;67;137;137A;155;222
84049,Blk 27,New Upp Changi Rd,BEDOK,EAST REGION,1417.8,2;2B;9;24;25;28;31;35;35M;67;137;155;222;222A
84051,Bedok Sports Cplx,New Upp Changi Rd,BEDOK,EAST REGION,1214.0,2;9;9A;24;25;31;35;35M;45;222
84059,Blk 65,New Upp Changi Rd,BEDOK,EAST REGION,1228.2,2;2B;9;24;25;31;35;35M;45;222;222A
84061,The Tanamera Condo,New Upp Changi Rd,BEDOK,EAST REGION,1072.0,2;9;9A;14;14A;24;25;31;35;35M;45;46
84069,Blk 55,New Upp Changi Rd,BEDOK,EAST REGION,1112.3,2;2B;9;14;24;25;31;35;35M;45;46
84071,Blk 71,Bedok Sth Rd,BEDOK,EAST REGION,1286.7,12;12e;38;47;229
84079,Opp Blk 71,Bedok Sth Rd,BEDOK,EAST REGION,1301.4,12;12e;38;47
84081,Opp Blk 40,Bedok Sth Rd,BEDOK,EAST REGION,1322.9,12;12e;38;47;229
84089,Blk 40,Bedok Sth Rd,BEDOK,EAST REGION,1355.4,12;12e;38;47;229
84101,ECO Condo,Bedok Sth Ave 3,BEDOK,EAST REGION,1144.8,12;12e;25;38;46;47;48
84109,Bef Bedok View Sec Sch,Bedok Sth Ave 3,BEDOK,EAST REGION,1121.0,12;12e;25;38;46;47;48
84111,Opp Blk 17,Bedok Sth Rd,BEDOK,EAST REGION,1380.9,12;12e;38;47;229
84119,Blk 18,Bedok Sth Rd,BEDOK,EAST REGION,1411.6,12;12e;38;47;229
84121,Aft Bedok Sth Ave 1,Bedok Sth Rd,BEDOK,EAST REGION,1434.9,16;16M;31;38;137;196;197;229
84129,Fujitec S'pore Ltd,Bedok Sth Rd,BEDOK,EAST REGION,1466.3,16;16M;31;38;137;196;196A;197;229
84131,Opp Panasonic,Bedok Sth Rd,BEDOK,EAST REGION,1833.9,16;16M;31;38;137;196;197;229
84139,Panasonic,Bedok Sth Rd,BEDOK,EAST REGION,1864.9,16;16M;31;38;137;196;196A;197;229
84141,Opp Lion Hme for Elders,Bedok Sth Rd,BEDOK,EAST REGION,1353.2,12;12e;38;47;229
84149,Lion Hme For Elders,Bedok Sth Rd,BEDOK,EAST REGION,1375.5,12;12e;38;47;229
84151,Casafina,Bedok Sth Ave 1,BEDOK,EAST REGION,1178.1,12;12e;16;16M;31;47;137;155;196;196A;197
84159,Opp Casafina/Temasek JC,Bedok Sth Ave 1,BEDOK,EAST REGION,1196.5,12;12e;16;16M;31;47;137;155;196;197
84161,Blk 3,Bedok Sth Ave 1,BEDOK,EAST REGION,1750.7,155
84169,Opp Blk 3,Bedok Sth Ave 1,BEDOK,EAST REGION,1754.5,155
84191,Blk 220 CP,Bedok Nth Ave 3,BEDOK,EAST REGION,1254.4,28;45;67;137;137A;155
84199,Opp Blk 220 CP,Bedok Nth Ave 3,BEDOK,EAST REGION,1260.5,28;45;67;137;155
84201,Bedok Resvr Stn Exit A,Bedok Nth Ave 3,BEDOK,EAST REGION,418.9,18;18M;28;46;67;69;168;228
84209,Bedok Resvr Stn Exit B,Bedok Nth Ave 3,BEDOK,EAST REGION,369.5,18;18M;28;46;67;69;168;228
84211,Blk 403,Bedok Nth Ave 3,BEDOK,EAST REGION,848.1,14;14A;14e;28;45;67;69;168;222;222A;228
84219,Blk 139,Bedok Nth Ave 3,BEDOK,EAST REGION,896.3,14;14e;28;45;67;69;168;222;228
84221,Blk 109,Bedok Nth Rd,BEDOK,EAST REGION,647.2,14;14A;14e;17;17A;18;18M;46;222;222A
84229,Blk 111,Bedok Nth Rd,BEDOK,EAST REGION,659.0,14;14e;17;18;18M;46;222
84231,Blk 85,Bedok Nth Rd,BEDOK,EAST REGION,507.1,14;14A;14e;46;222;222A
84239,Opp Blk 85,Bedok Nth Rd,BEDOK,EAST REGION,535.8,14;14e;46;222
84241,Blk 81,Bedok Nth Rd,BEDOK,EAST REGION,815.1,14;14A;14e;46;222;222A
84249,Blk 124,Bedok Nth Rd,BEDOK,EAST REGION,736.0,14;14e;46;222
84251,Blk 99,Bedok Nth Ave 4,BEDOK,EAST REGION,312.3,17;17A;18;18M
84259,Blk 88,Bedok Nth Ave 4,BEDOK,EAST REGION,325.4,17;18;18M
84261,St. Anthony's Cano Sch,Bedok Nth Ave 4,BEDOK,EAST REGION,171.9,17;17A;18;18M
84269,Blk 95,Bedok Nth Ave 4,BEDOK,EAST REGION,185.9,17;18;18M
84271,Aft Bedok Ind Pk E,Bedok Nth Ave 4,TAMPINES,EAST REGION,157.5,17;17A;18;18M
84279,Aft Bedok Nth St 5,Bedok Nth Ave 4,TAMPINES,EAST REGION,153.4,17;18;18M
84281,Blk 180,Bedok Nth Rd,BEDOK,EAST REGION,1030.5,14;14A;46;222;222A
84289,Opp Blk 180,Bedok Nth Rd,BEDOK,EAST REGION,1029.4,14;46;222
84299,Bedok Nth Depot,Bedok Nth Ave 4,TAMPINES,EAST REGION,368.7,48
84301,Blk 41,Bedok Nth Ave 1,BEDOK,EAST REGION,1627.9,17;17A;60;87;225G
84309,Blk 423,Bedok Nth Ave 1,BEDOK,EAST REGION,1587.4,17;60;60T;87;225W
84311,Blk 521,Bedok Nth Rd,BEDOK,EAST REGION,1349.0,17;17A;45
84319,Blk 428,Bedok Nth Rd,BEDOK,EAST REGION,1380.8,17;45
84321,Blk 516,Bedok Nth Rd,BEDOK,EAST REGION,1156.9,17;17A;45
84329,Blk 414,Bedok Nth Rd,BEDOK,EAST REGION,1187.0,17;45
84331,Opp Blk 416,Bedok Nth Ave 2,BEDOK,EAST REGION,1187.8,137;225G
84339,Blk 416,Bedok Nth Ave 2,BEDOK,EAST REGION,1212.0,137;137A;225W
84341,Opp Fengshan Pr Sch,Bedok Nth Rd,BEDOK,EAST REGION,943.1,17;17A;45
84349,Fengshan Pr Sch,Bedok Nth Rd,BEDOK,EAST REGION,930.5,17;45
84351,Bedok Ctrl PO,Bedok Nth St 1,BEDOK,EAST REGION,1104.8,14;69;137;137A;155;168;222;228
84359,Opp Bedok Ctrl PO,Bedok Nth St 1,BEDOK,EAST REGION,1085.2,14;14A;69;137;155;168;222;222A;228
84361,Blk 547,Bedok Nth Rd,BEDOK,EAST REGION,1657.7,45;60;60T;87;137
84369,Blk 45,Bedok Nth Rd,BEDOK,EAST REGION,1675.2,45;60;87;137;137A
84371,Blk 546,Bedok Nth Ave 1,BEDOK,EAST REGION,1437.8,137;225G
84379,Opp Blk 546,Bedok Nth Ave 1,BEDOK,EAST REGION,1431.4,137;137A;225W
84381,Blk 544,Bedok Nth St 3,BEDOK,EAST REGION,1574.0,225G
84391,Blk 534,Bedok Nth St 3,BEDOK,EAST REGION,1401.7,225G
84401,Opp Blk 550,Bedok Nth St 3,BEDOK,EAST REGION,1172.8,137;225G
84409,Blk 550,Bedok Nth St 3,BEDOK,EAST REGION,1215.6,137;137A;225W
84411,Blk 526,Bedok Nth St 3,BEDOK,EAST REGION,939.2,137;225G
84419,Blk 512,Bedok Nth St 3,BEDOK,EAST REGION,961.0,137;137A;225W
84421,Blk 510,Bedok Nth Ave 2,BEDOK,EAST REGION,977.7,137;225G
84429,Blk 515,Bedok Nth Ave 2,BEDOK,EAST REGION,999.3,137;137A
84431,Blk 3014,Bedok Nth Ave 4,TAMPINES,EAST REGION,165.0,17;48
84439,Opp Blk 3014,Bedok Nth Ave 4,TAMPINES,EAST REGION,142.1,17;48
84449,Blk 509,Bedok Nth St 3,BEDOK,EAST REGION,810.2,225W
84451,Bedok Nth Stn Exit A,Bedok Nth Rd,BEDOK,EAST REGION,776.3,23;60;87;137;137A;518
84459,Bet Blks 705/706,Bedok Nth Rd,BEDOK,EAST REGION,714.0,23;60;60T;87;137;518
84461,Opp Blk 701,Bedok Reservoir Rd,BEDOK,EAST REGION,608.5,5;21;59;65;228
84469,Blk 703,Bedok Reservoir Rd,BEDOK,EAST REGION,680.2,5;21;59;65;228
84471,Blk 745,Bedok Reservoir Rd,BEDOK,EAST REGION,874.0,5;21;59;65;228
84479,Blk 713,Bedok Reservoir Rd,BEDOK,EAST REGION,915.1,5;21;59;65;228
84481,Aft Bedok Ind Pk C,Bedok Reservoir Rd,BEDOK,EAST REGION,531.8,5;8;15;15A;21;58;58B;59;60;65;87;228
84489,Opp Bedok Ind Pk C,Bedok Reservoir Rd,BEDOK,EAST REGION,471.8,5;8;15;21;58;58A;59;60;60T;65;87;228
84491,Blk 629,Bedok Reservoir Rd,BEDOK,EAST REGION,872.2,8;21;60;65;228
84499,Blk 140,Bedok Reservoir Rd,BEDOK,EAST REGION,814.1,8;21;60;60T;65;228
84501,Christ Ch,Bedok Reservoir Rd,BEDOK,EAST REGION,1010.8,60;60A;60T;228
84511,Blk 608,Bedok Reservoir Rd,BEDOK,EAST REGION,957.5,60;60A;60T;228
84521,Blk 506,Bedok Nth Ave 3,BEDOK,EAST REGION,695.0,18;18M;28;46;67;69;168;228
84529,Blk 109,Bedok Nth Ave 3,BEDOK,EAST REGION,680.4,18;18M;28;46;67;69;168;228
84539,Bedok Nth Stn Exit B,Bedok Nth Rd,BEDOK,EAST REGION,857.2,23;60;60T;87;137;518
84541,Blk 42,Chai Chee St,BEDOK,EAST REGION,1751.5,26;229
84549,Opp Blk 42,Chai Chee St,BEDOK,EAST REGION,1790.0,26;229
84551,Blk 51,Chai Chee St,BEDOK,EAST REGION,1697.6,26
84559,Opp Blks 50/51,Chai Chee St,BEDOK,EAST REGION,1735.4,26;222;222B
84561,Blk 53,Chai Chee St,BEDOK,EAST REGION,1549.5,26
84569,Opp Blk 53,Chai Chee St,BEDOK,EAST REGION,1590.4,26;222;222B
84571,Opp Blk 55,Chai Chee Dr,BEDOK,EAST REGION,1434.4,26
84579,Aft Chai Chee St,Chai Chee Dr,BEDOK,EAST REGION,1520.3,26;222;222B
84581,Opp Bedok Sth NPC,Chai Chee Dr,BEDOK,EAST REGION,1540.8,26
84589,Bef New Upp Changi Rd,Chai Chee Dr,BEDOK,EAST REGION,1561.0,26;222;222B
84591,SBST Bedok Nth Depot,Bedok Nth Ave 4,TAMPINES,EAST REGION,330.2,17;17A;18;18M
84599,Opp SBST Bedok Nth Depot,Bedok Nth Ave 4,TAMPINES,EAST REGION,316.5,17;18;18M
84601,Opp Waterfront Key,Bedok Reservoir Rd,BEDOK,EAST REGION,452.1,5;21;59;65;228
84609,Waterfront Key,Bedok Reservoir Rd,BEDOK,EAST REGION,452.2,5;21;59;65;228
84611,Opp Waterfront Isle,Bedok Reservoir Rd,BEDOK,EAST REGION,617.4,5;21;59;65;228
84619,Waterfront Isle,Bedok Reservoir Rd,BEDOK,EAST REGION,676.6,5;21;59;65;228
84621,Opp Blk 716,Bedok Reservoir Rd,BEDOK,EAST REGION,931.0,5;21;59;65;228
84629,Blk 716,Bedok Reservoir Rd,BEDOK,EAST REGION,906.6,5;21;59;65;228
84631,Opp Waterfront Waves,Bedok Reservoir Rd,BEDOK,EAST REGION,531.8,5;21;59;65;228
84639,Aft Waterfront Waves,Bedok Reservoir Rd,BEDOK,EAST REGION,557.5,5;21;59;65;228
84641,Blk 24,Chai Chee Rd,BEDOK,EAST REGION,1920.8,222;222B;229
84649,Opp Blk 24,Chai Chee Rd,BEDOK,EAST REGION,1935.9,229
84651,Aft Heartbeat @ Bedok,Bedok Nth St 1,BEDOK,EAST REGION,1372.1,14;69;155;168;222;225G;228
84659,Bef Heartbeat @ Bedok,Bedok Nth St 1,BEDOK,EAST REGION,1364.0,14;14A;69;155;168;222;222A;225W;228
84661,Blk 168,Bedok Sth Ave 3,BEDOK,EAST REGION,1155.7,25;46;48;229
84669,Blk 73,Bedok Sth Ave 3,BEDOK,EAST REGION,1162.7,25;46;48
84671,Aft Blk 156,Bedok Sth Ave 3,BEDOK,EAST REGION,884.5,25;46;48;229
84679,Opp Blk 156,Bedok Sth Ave 3,BEDOK,EAST REGION,942.0,25;46;48
84681,Blk 164,Bedok Sth Rd,BEDOK,EAST REGION,1063.9,229
84691,Blk 171,Bedok Sth Rd,BEDOK,EAST REGION,1098.4,229
84701,Blk 151,Kaki Bt Ave 1,BEDOK,EAST REGION,608.1,5;15;15A;58;58B;59;87
84709,Opp Blk 150,Kaki Bt Ave 1,BEDOK,EAST REGION,597.2,5;15;58;58A;59;87
85019,Eastwood Ctr,Bedok Rd,BEDOK,EAST REGION,370.8,10;10e;14;14A;45
85021,Country Pk,Bedok Rd,BEDOK,EAST REGION,365.1,10;10e;14;45
85029,Aft Bedok Meth Ch,Bedok Rd,BEDOK,EAST REGION,331.5,10;10e;14;14A;45
85031,Excelsior Gdns,Bedok Rd,BEDOK,EAST REGION,271.8,10;10e;14;45
85039,Opp Excelsior Gdns,Bedok Rd,BEDOK,EAST REGION,270.8,10;10e;14;14A;45
85041,Man Fatt Lam Tp,Bedok Rd,BEDOK,EAST REGION,286.0,10;10e;14;45
85049,Opp Man Fatt Lam Tp,Bedok Rd,BEDOK,EAST REGION,262.5,10;10e;14;14A;45
85051,Aft Jln Chempaka Kuning,Bedok Rd,BEDOK,EAST REGION,312.6,2;9;9A;10;48
85059,Bef Jln Chempaka Kuning,Bedok Rd,BEDOK,EAST REGION,292.3,2;2B;9;10;48
85061,Opp Bedok Mkt Pl,Bedok Rd,BEDOK,EAST REGION,325.6,2;9;9A;10;48
85069,Bedok Mkt Pl,Bedok Rd,BEDOK,EAST REGION,305.4,2;2B;9;10;48
85071,Bef Changi Fire Stn,Upp Changi Rd,TAMPINES,EAST REGION,64.2,2;9;9A;10;48
85079,Flextronic,Upp Changi Rd,TAMPINES,EAST REGION,84.1,2;2B;9;10;48
85081,Bef Jln Pari Burong,Upp Changi Rd,BEDOK,EAST REGION,192.3,2;9;9A;10;48
85089,Aft Sungei Bedok,Upp Changi Rd,BEDOK,EAST REGION,75.9,2;2B;9;10;48
85091,Tanah Merah Stn Exit 2,New Upp Changi Rd,BEDOK,EAST REGION,663.4,2;9;9A;12;12e;14;14A;24;31;35;35M;38;45;47;48
85099,Tanah Merah Stn Exit 1,New Upp Changi Rd,BEDOK,EAST REGION,698.1,2;2B;9;12;12e;14;24;31;31A;35;35M;38;45;47;48
85101,Aft Bedok Rd,Upp Changi Rd East,BEDOK,EAST REGION,155.7,12;24;31;38;47
85109,Bef Bedok Rd,Upp Changi Rd East,BEDOK,EAST REGION,84.4,12;24;31;31A;38;47
90011,Bef Tg Rhu View,Tg Rhu Rd,KALLANG,CENTRAL REGION,242.4,11;158;158A
90019,Pk Shore Condo,Tg Rhu Rd,KALLANG,CENTRAL REGION,219.5,11;158;158A
90021,Pebble Bay,Tg Rhu Rd,KALLANG,CENTRAL REGION,216.8,11;158;158A
90029,Opp Pebble Bay,Tg Rhu Rd,KALLANG,CENTRAL REGION,214.5,11;158;158A
90031,Camelot By-The-Water,Tg Rhu Rd,KALLANG,CENTRAL REGION,125.2,11;158;158A
90039,Opp Camelot By-The-Water,Tg Rhu Rd,KALLANG,CENTRAL REGION,131.9,11;158;158A
90041,Tanjong Rhu Stn Exit 2,Tg Rhu Rd,KALLANG,CENTRAL REGION,200.6,11;158;158A
90049,Tanjong Rhu Stn Exit 1,Tg Rhu Rd,KALLANG,CENTRAL REGION,192.3,11;158;158A
90051,Opp S'pore Swim Club,Tg Rhu Rd,KALLANG,CENTRAL REGION,232.2,158;158A
90059,S'pore Swim Club,Tg Rhu Rd,KALLANG,CENTRAL REGION,223.4,158;158A
90061,Dunman High Sch,Tg Rhu Rd,KALLANG,CENTRAL REGION,271.7,158;158A
90069,Opp Dunman High Sch,Tg Rhu Rd,KALLANG,CENTRAL REGION,252.4,158;158A
90079,Opp Costa Rhu Condo,Rhu Cross,KALLANG,CENTRAL REGION,210.2,11;158;158A
91041,KiddiWinkie S/H @ Mountbatten,Mountbatten Rd,MARINE PARADE,CENTRAL REGION,110.9,12;14;196
91049,Bef Fort Rd,Mountbatten Rd,MARINE PARADE,CENTRAL REGION,103.2,12;14;14A;196;196A
91051,Opp Santa Fe Mansions,Mountbatten Rd,MARINE PARADE,CENTRAL REGION,442.1,12;14;196
91059,Aft Margate Rd,Mountbatten Rd,MARINE PARADE,CENTRAL REGION,313.3,12;14;14A;196;196A
91061,Bet Hse No. 767/767A,Mountbatten Rd,MARINE PARADE,CENTRAL REGION,712.1,12;14;196
91069,Bef Walton Rd,Mountbatten Rd,MARINE PARADE,CENTRAL REGION,737.1,12;14;14A;196;196A
91071,Bef Tg Katong Rd,Mountbatten Rd,MARINE PARADE,CENTRAL REGION,764.7,12;14;196
91079,Aft Tg Katong Rd,Mountbatten Rd,MARINE PARADE,CENTRAL REGION,755.8,12;14;14A;196;196A
91081,Aft Katong Pk Stn Exit 2,Fort Rd,KALLANG,CENTRAL REGION,8.4,30;30e;158;158A
91089,Opp Katong Pk Stn,Fort Rd,MARINE PARADE,CENTRAL REGION,14.7,30;30e;158;158A;401
91091,Bef Kg Kayu Rd,Mountbatten Rd,KALLANG,CENTRAL REGION,20.5,12;14;14A;30;30e;158;158A;196;196A
91099,Bef Wilkinson Rd,Mountbatten Rd,MARINE PARADE,CENTRAL REGION,19.0,12;14;30;30e;158;158A;196;401
91101,Tg Katong Flyover,East Coast Pk Svc Rd,MARINE PARADE,CENTRAL REGION,155.1,401
91111,CP B1,East Coast Pk Svc Rd,MARINE PARADE,CENTRAL REGION,219.6,401
92041,Marine Pde Stn Exit 2,Marine Parade Rd,MARINE PARADE,CENTRAL REGION,525.1,15;31;36;36B;43;43e;48;134;135;196;196e;197;853M;966;966A
92049,Marine Pde Stn/Parkway Pde,Marine Parade Rd,MARINE PARADE,CENTRAL REGION,530.5,15;31;36;36A;36B;43;43e;47;48;134;135;196;196A;196e;197;401;853M;966;966A
92051,Marine Pde Stn Exit 4,Marine Parade Rd,MARINE PARADE,CENTRAL REGION,254.0,15;16;16M;31;36;36B;43;43e;48;134;135;196;196e;197;853M;966
92059,Marine Pde Stn Exit 6,Marine Parade Rd,MARINE PARADE,CENTRAL REGION,268.5,15;16;16M;31;36;36A;36B;43;43e;47;48;134;135;196;196A;196e;197;401;853M;966;966A
92061,CHIJ Katong Convent (Pr),Marine Parade Rd,BEDOK,EAST REGION,11.7,13;15;16;16M;31;36;36B;43;47;48;55;134;135;196;196e;197;853M
92069,Tao Nan Sch,Marine Parade Rd,MARINE PARADE,CENTRAL REGION,18.0,15;16;16M;31;36;36A;36B;43;47;48;134;135;196;196A;196e;197;853M
92071,Marine Terr Stn Exit 4,Marine Parade Rd,BEDOK,EAST REGION,10.5,13;16;16M;31;36;36B;43;47;48;55;196;196e;197;853M
92079,Marine Terr Stn Exit 1,Marine Parade Rd,MARINE PARADE,CENTRAL REGION,13.0,31;36;36A;36B;43;47;48;55;134;150;197;853M
92081,St. Patrick's Sch,Marine Parade Rd,BEDOK,EAST REGION,18.7,13;16;16M;31;36;36B;43;47;48;55;196;196e;197;853M
92089,Marine Terr Stn/Katong Convent,Marine Parade Rd,MARINE PARADE,CENTRAL REGION,18.6,13;16;16M;31;36;36A;36B;43;47;48;55;196;196A;196e;197;853M
92091,Opp One Amber,Mountbatten Rd,MARINE PARADE,CENTRAL REGION,753.9,10;10e;12;14;14e;32;40
92099,One Amber,Mountbatten Rd,MARINE PARADE,CENTRAL REGION,732.2,10;10e;12;14;14A;14e;32;36;36A;36B;40;48;196;196A
92101,Katong Shop Ctr,Mountbatten Rd,MARINE PARADE,CENTRAL REGION,648.1,10;10e;12;14;14e;32;40;47
92109,Opp Katong Shop Ctr,Mountbatten Rd,MARINE PARADE,CENTRAL REGION,664.2,10;10e;12;14;14A;14e;32;40
92111,Opp Roxy Sq,East Coast Rd,MARINE PARADE,CENTRAL REGION,553.7,10;10e;12;14;14e;32;40;47
92119,Roxy Sq,East Coast Rd,MARINE PARADE,CENTRAL REGION,584.7,10;10e;12;14;14A;14e;32;40
92121,Opp The Holy Family Ch,East Coast Rd,MARINE PARADE,CENTRAL REGION,227.9,10;10e;12;14;14e;32;40;47
92129,The Holy Family Ch,East Coast Rd,MARINE PARADE,CENTRAL REGION,270.8,10;10e;12;14;14A;14e;32;40
92131,Caltex Stn,East Coast Rd,BEDOK,EAST REGION,259.7,10;10e;12;14;14e;32;40
92139,Opp Caltex Stn,East Coast Rd,BEDOK,EAST REGION,221.4,10;10e;12;14;14A;14e;32;40
92141,KiddiWinkie S/H @ East Coast,East Coast Rd,BEDOK,EAST REGION,301.5,10;10e;12;14;14e;32;40;135;155
92149,St. Patrick's Green,East Coast Rd,BEDOK,EAST REGION,287.6,10;10e;12;14;14A;14e;32;40;135;155
92151,Christ Meth Ch,East Coast Rd,BEDOK,EAST REGION,300.3,10;10e;12;14;14e;32;40;135;155
92159,St. Patrick's Sch,East Coast Rd,BEDOK,EAST REGION,281.5,10;10e;12;14;14A;14e;32;40;135;155
92161,Aft Katong PO,Tg Katong Rd,MARINE PARADE,CENTRAL REGION,638.3,10;31;32;40;43;43e;134;197;401;853M
92169,Bef Katong PO,Tg Katong Rd,MARINE PARADE,CENTRAL REGION,639.8,10;31;32;40;43;43e;134;197;853M
92171,Marshall Lane,Joo Chiat Rd,MARINE PARADE,CENTRAL REGION,204.0,16;16M
92179,Aft Duku Rd,Joo Chiat Rd,MARINE PARADE,CENTRAL REGION,263.7,16;16M
92181,i12 Katong,Joo Chiat Rd,MARINE PARADE,CENTRAL REGION,466.4,16;16M
92189,Opp i12 Katong,Joo Chiat Rd,MARINE PARADE,CENTRAL REGION,438.6,16;16M
92191,Opp CP C3,East Coast Pk Svc Rd,MARINE PARADE,CENTRAL REGION,202.0,401
92199,Raintree Cove,East Coast Pk Svc Rd,MARINE PARADE,CENTRAL REGION,138.9,401
92201,Aft Lor M Telok Kurau,Telok Kurau Rd,BEDOK,EAST REGION,379.1,15;150;155
92209,Aft Jln Baiduri,Telok Kurau Rd,BEDOK,EAST REGION,399.4,15;150;155
92211,CHIJ Katong Convent (Sec),Marine Terr,MARINE PARADE,CENTRAL REGION,140.6,13;16;16M;196;196A;196e
92219,Opp CHIJ Katong Convent,Marine Terr,MARINE PARADE,CENTRAL REGION,72.1,134;150
92221,Blk 19,Marine Terr,MARINE PARADE,CENTRAL REGION,194.5,13;16;16M;196;196A;196e
92229,Blk 53,Marine Terr,MARINE PARADE,CENTRAL REGION,225.3,134;150
92231,Blk 34,Marine Cres,MARINE PARADE,CENTRAL REGION,201.8,13;16;16M;196;196A;196e
92239,Blk 45,Marine Cres,MARINE PARADE,CENTRAL REGION,197.2,13;16;16M;134;150;196;196e
92241,Amber Gdns,Amber Rd,MARINE PARADE,CENTRAL REGION,595.7,31;36;36A;36B;43;43e;47;48;134;135;196;196A;196e;197;401;853M
92249,Opp Amber Gdns,Amber Rd,MARINE PARADE,CENTRAL REGION,577.7,31;36;36B;43;43e;48;134;135;196;196e;197;853M
92251,Opp Parkland Green,East Coast Pk Svc Rd,MARINE PARADE,CENTRAL REGION,234.2,401
92261,Opp P/G @ Big Splash,East Coast Pk Svc Rd,MARINE PARADE,CENTRAL REGION,214.8,401
92271,Opp D'Ecosia,Still Rd Sth,MARINE PARADE,CENTRAL REGION,14.9,13;55;966
92279,D'Ecosia,Still Rd Sth,BEDOK,EAST REGION,9.1,13;47;55;966;966A
92289,Marine Cove,East Coast Pk Svc Rd,MARINE PARADE,CENTRAL REGION,218.6,401
92301,Bef St. Patrick's Rd,Telok Kurau Rd,BEDOK,EAST REGION,188.2,15;135;150
92309,East Coast Apts,Telok Kurau Rd,BEDOK,EAST REGION,223.9,15;135;150
93011,Opp Neptune Ct,Marine Parade Rd,BEDOK,EAST REGION,368.4,13;16;16M;31;36;36B;43;47;48;55;196;196e;197;853M
93019,Neptune Ct,Marine Parade Rd,BEDOK,EAST REGION,312.3,13;16;16M;31;36;36A;36B;43;47;48;55;196;196A;196e;197;853M
93021,Opp Mandarin Gdns,Marine Parade Rd,BEDOK,EAST REGION,576.0,13;16;16M;31;36;36B;43;47;48;55;196;196e;197;853M
93029,Mandarin Gdns,Marine Parade Rd,BEDOK,EAST REGION,550.4,13;16;16M;31;36;36A;36B;43;47;48;55;196;196A;196e;197;853M
93031,Siglap Stn/Opp Victoria Sch,Marine Parade Rd,BEDOK,EAST REGION,566.5,31;43;47;48;55;155;196;196e;197;853M
93039,Siglap Stn/Laguna Park,Marine Parade Rd,BEDOK,EAST REGION,530.8,31;36;36A;36B;43;47;48;55;155;196;196A;196e;197;401;853M
93041,Hua Xin Ct,Marine Parade Rd,BEDOK,EAST REGION,622.3,31;43;47;48;55;155;196;196e;197;853M
93049,Lagoon View,Marine Parade Rd,BEDOK,EAST REGION,577.9,31;36;36A;36B;43;47;48;55;155;196;196A;196e;197;401;853M
93051,Aft Dunbar Wk,East Coast Rd,BEDOK,EAST REGION,357.3,10;10e;12;14;14e;32;40;135;155
93059,Aft Jln Buloh Perindu,East Coast Rd,BEDOK,EAST REGION,384.4,10;10e;12;14;14A;14e;32;40;135;155
93061,Bef Siglap Rd,East Coast Rd,BEDOK,EAST REGION,698.3,10;10e;12;14;14e;40;155
93069,Aft Siglap Rd,East Coast Rd,BEDOK,EAST REGION,657.9,10;10e;12;14;14A;14e;40;155
93071,Crescendo Bldg,Upp East Coast Rd,BEDOK,EAST REGION,998.9,10;10e;12;13;14;14e;16;16M
93079,Opp Springvale,East Coast Rd,BEDOK,EAST REGION,938.5,10;10e;12;13;14;14A;14e;16;16M
93081,Opp Chiang Ct,Upp East Coast Rd,BEDOK,EAST REGION,939.5,10;10e;12;13;14;14e;16;16M
93089,Opp Goodwill Ct,Upp East Coast Rd,BEDOK,EAST REGION,945.1,10;10e;12;13;14;14A;14e;16;16M
93091,Opp Siglap Sth CC,Upp East Coast Rd,BEDOK,EAST REGION,936.4,10;10e;12;13;14;14e;16;16M
93099,Siglap Sth CC,Upp East Coast Rd,BEDOK,EAST REGION,926.0,10;10e;12;13;14;14A;14e;16;16M
93101,Aft Coldstream Ave,Frankel Ave,BEDOK,EAST REGION,601.2,32;135
93109,Bef Frankel Pl,Frankel Ave,BEDOK,EAST REGION,622.1,32;135
93111,Bef Elite Pk Ave,Siglap Rd,BEDOK,EAST REGION,931.5,40;401
93119,Aft Elite Pk Ave,Siglap Rd,BEDOK,EAST REGION,926.0,40;401
93121,Opp Sekolah Indonesia,Siglap Rd,BEDOK,EAST REGION,810.1,13;16;16M;155;401
93129,Bef Sekolah Indonesia,Siglap Rd,BEDOK,EAST REGION,847.9,13;16;16M;155;401
93131,Opp Eastern Lagoon II,Bedok Sth Ave 1,BEDOK,EAST REGION,748.3,12e;31;43;47;48;55;155;196;196A;197;853M
93139,Eastern Lagoon II,Bedok Sth Ave 1,BEDOK,EAST REGION,760.9,12e;31;43;47;48;55;155;196;197;853M
93149,Seaside Residences,Siglap Link,BEDOK,EAST REGION,370.0,36;401
93151,Opp Cable Ski Pk,East Coast Pk Svc Rd,BEDOK,EAST REGION,260.3,401
93159,Cable Ski Pk,East Coast Pk Svc Rd,BEDOK,EAST REGION,258.6,401
93161,Bef CP E1,East Coast Pk Svc Rd,BEDOK,EAST REGION,278.2,401
93169,Bef CP D5,East Coast Pk Svc Rd,BEDOK,EAST REGION,248.3,401
93171,Opp CP D3,East Coast Pk Svc Rd,BEDOK,EAST REGION,197.2,401
93179,CP D3,East Coast Pk Svc Rd,BEDOK,EAST REGION,174.0,401
93181,Opp CP C4,East Coast Pk Svc Rd,MARINE PARADE,CENTRAL REGION,144.7,401
93189,Opp Victoria JC,East Coast Pk Svc Rd,BEDOK,EAST REGION,38.9,401
93199,Bef Seaside Residences,Siglap Rd,BEDOK,EAST REGION,478.8,36;36B;401
93201,Victoria Sch,Marine Parade Rd,BEDOK,EAST REGION,553.2,31;36;36A;36B;43;47;48;55;155;196;196A;196e;197;401;853M
94009,Upp East Coast Ter,Upp East Coast Rd,BEDOK,EAST REGION,754.4,13;25;43;45;46;55;137;853M
94011,Evergreen Gdn,Upp East Coast Rd,BEDOK,EAST REGION,894.3,10;10e;13;14;14e;43;48;55;137;853M
94019,Opp Evergreen Ave,Upp East Coast Rd,BEDOK,EAST REGION,857.6,10;10e;13;14;14A;14e;43;48;55;137;853M
94021,Bef Sennett Rd,Upp East Coast Rd,BEDOK,EAST REGION,770.5,10;10e;13;14;14e;43;48;55;137;853M
94029,Aft Sennett Rd,Upp East Coast Rd,BEDOK,EAST REGION,791.8,10;10e;13;14;14A;14e;43;48;55;137;853M
94031,Opp Bayshore Stn Exit 3,Upp East Coast Rd,BEDOK,EAST REGION,729.8,10;10e;13;14;14e;43;48;55;137;853M
94039,Bef Bayshore Stn Exit 3,Upp East Coast Rd,BEDOK,EAST REGION,715.5,10;10e;13;14;14A;14e;43;48;55;137;853M
94041,Aft Parbury Ave,Upp East Coast Rd,BEDOK,EAST REGION,754.9,10;10e;13;14;14e;43;48;55;137;853M
94049,Aft Bedok Sth Ave 3,Upp East Coast Rd,BEDOK,EAST REGION,737.6,10;10e;13;14;14A;14e;43;48;55;137;853M
94051,Opp Temasek Sec Sch,Upp East Coast Rd,BEDOK,EAST REGION,760.5,10;10e;13;14;25;43;46;55;137;229;853M
94059,Temasek Sec Sch,Upp East Coast Rd,BEDOK,EAST REGION,746.6,10;10e;13;14;14A;25;43;46;55;137;853M
94061,Kew Green Condo,Upp East Coast Rd,BEDOK,EAST REGION,804.6,10;10e;14
94069,Opp Kew Green Condo,Upp East Coast Rd,BEDOK,EAST REGION,786.6,10;10e;13;14;14A;25;43;46;55;137;853M
94071,Opp Bedok Camp 2,Upp East Coast Rd,BEDOK,EAST REGION,513.3,10;10e;14;45
94079,Bedok Camp 2,Upp East Coast Rd,BEDOK,EAST REGION,534.4,10;10e;14;14A;45
94089,Calvary Ably of God Ch,Upp East Coast Rd,BEDOK,EAST REGION,697.9,10;10e;13;14;14A;14e;43;48;55;137;853M
94099,Aft E.C. Sea Sports Club,ECP,BEDOK,EAST REGION,82.4,36;36A
95011,Aft Aircraft Flyover,Airport Blvd,CHANGI,EAST REGION,1099.6,24;27;34;34B;36;44;53;53A;110;858;858B
95019,Aft Changi Airport Ter 2,Airport Blvd,CHANGI,EAST REGION,1344.5,24;27;34;34B;36;36A;44;53;110;858;858B
95029,Changi Airport Ter 1,PTB1 Basement,CHANGI,EAST REGION,1602.0,24;27;34;34B;36;44;53;53A;110;858;858B
95039,AirFreight Ter Bldg,Airport Cargo Rd,CHANGI,EAST REGION,1236.9,9;19;89;89A;89e
95041,CIAS Cargo Ters,Airport Cargo Rd,CHANGI,EAST REGION,1108.6,9;19;89;89A;89e
95049,SATS Cargo Ter,Airport Cargo Rd,CHANGI,EAST REGION,1196.8,9;19;89;89e
95051,3rd Cargo Agents,Airport Cargo Rd,CHANGI,EAST REGION,938.7,9;9B;19;89;89A;89e
95061,Airline Hse,Airline Rd,CHANGI,EAST REGION,759.4,9;9B;19;89;89A;89e
95069,Opp Airline Hse,Airline Rd,CHANGI,EAST REGION,795.9,9;19;89;89e
95071,Changi Beach CP 4,Nicoll Dr,CHANGI,EAST REGION,125.7,9;9B;19;89;89A
95079,Opp Changi Beach CP 3,Nicoll Dr,CHANGI,EAST REGION,167.2,9;19;89
95081,Changi Beach CP 5,Nicoll Dr,CHANGI,EAST REGION,34.8,9;9B;19;89;89A
95089,Opp Changi Beach CP 5,Nicoll Dr,CHANGI,EAST REGION,111.2,9;19;89
95091,SAF Ferry Ter,Nicoll Dr,CHANGI,EAST REGION,52.2,9;9B;19;89;89A
95099,Opp SAF Ferry Ter,Nicoll Dr,CHANGI,EAST REGION,73.3,9;19;89;89e
95109,Changi Airport Ter 3,PTB3 Basement,CHANGI,EAST REGION,1547.6,24;27;34;34B;36;44;53;53A;110;858;858B
95129,Changi Airport Ter 2,PTB2 Basement,CHANGI,EAST REGION,1805.8,24;27;34;34B;36;36A;44;53;53A;110;858;858B
95131,Police Pass Off,Airline Rd,CHANGI,EAST REGION,119.5,9;9B;19;89;89A;89e
95139,Police Pass Off,Airline Rd,CHANGI,EAST REGION,178.0,9;19;89;89e
95141,Aft Cargo Bldg D,Airline Rd,CHANGI,EAST REGION,454.6,9;9B;19;89;89A;89e
95149,Bef Cargo Bldg D,Airline Rd,CHANGI,EAST REGION,532.8,9;19;89;89e
95151,Airport Police Stn,Airport Blvd,CHANGI,EAST REGION,609.6,24;27;34;34B;36;44;53;53A;110;858;858B
95159,Near SATS Flight Kitchen,Airport Blvd,CHANGI,EAST REGION,528.2,24;27;34;34B;44;53;110;858;858B
95161,Bef Changi Ferry Rd,Changi Coast Rd,CHANGI,EAST REGION,215.9,35
95169,Aft Changi Ferry Rd,Changi Coast Rd,CHANGI,EAST REGION,209.2,35
95171,Prologis,Alps Ave,CHANGI,EAST REGION,405.6,35
95179,DHL,Alps Ave,CHANGI,EAST REGION,280.9,35
95181,Menlo Worldwide,Alps Ave,CHANGI,EAST REGION,281.3,35
95189,Expeditors,Alps Ave,CHANGI,EAST REGION,270.8,35
95191,Opp DB Schenker,Alps Ave,CHANGI,EAST REGION,262.9,35
95209,Changi Airport Ter 4,T4 CRESCENT,CHANGI,EAST REGION,330.1,24;34;34B;36;36A;44;110
95901,Bef Simei Rd,Upp Changi Rd East,TAMPINES,EAST REGION,1144.1,2;12;24;38
95909,Aft Somapah Rd,Upp Changi Rd East,TAMPINES,EAST REGION,1122.4,2;2B;12;24;38
96011,Bef Simei Ave,Upp Changi Rd East,TAMPINES,EAST REGION,255.0,12;24;31;38
96019,Aft Simei Ave,Upp Changi Rd East,TAMPINES,EAST REGION,253.1,12;24;31;31A;38;47
96021,Opp Expo Halls 1/2/3,Upp Changi Rd East,TAMPINES,EAST REGION,676.1,12;24;38
96029,Expo Halls 1/2/3,Upp Changi Rd East,TAMPINES,EAST REGION,683.6,12;24;38
96031,Opp Expo Halls 4/5/6,Upp Changi Rd East,TAMPINES,EAST REGION,964.6,12;24;38
96039,Expo Halls 4/5/6,Upp Changi Rd East,TAMPINES,EAST REGION,952.1,12;24;38
96041,Upp Changi Stn/Opp SUTD,Upp Changi Rd East,TAMPINES,EAST REGION,865.6,2;5;5B;24
96049,Upp Changi Stn/SUTD,Upp Changi Rd East,TAMPINES,EAST REGION,886.7,2;2B;5;5A;24
96051,Opp Changi Ct,Upp Changi Rd East,TAMPINES,EAST REGION,677.6,2;5;5B;24
96059,Changi Ct,Upp Changi Rd East,TAMPINES,EAST REGION,663.9,2;2B;5;5A;24
96061,Opp Mera Terr P/G,Upp Changi Rd East,TAMPINES,EAST REGION,387.7,2;5;5B;24
96069,Mera Terr P/G,Upp Changi Rd East,TAMPINES,EAST REGION,392.5,2;2B;5;5A;24
96071,Opp ITE Coll East Tec Blk,Upp Changi Rd,TAMPINES,EAST REGION,470.6,2
96079,ITE Coll East Tec Blk,Upp Changi Rd,TAMPINES,EAST REGION,488.3,2;2B
96081,Grace Independent Ch,Upp Changi Rd,TAMPINES,EAST REGION,735.4,2
96089,Opp Grace Independent Ch,Upp Changi Rd,TAMPINES,EAST REGION,775.6,2;2B
96091,Aft Upp Changi Rd,Upp Changi Link,TAMPINES,EAST REGION,982.9,2
96099,Aft Upp Changi Rd East,Upp Changi Link,TAMPINES,EAST REGION,964.9,2;2B
96101,Blk 3012,Simei Ave,TAMPINES,EAST REGION,325.2,9;9A;10;17;31;118;118B
96109,Opp Blk 3012,Simei Ave,TAMPINES,EAST REGION,387.3,9;10;17;31;31A;118;118A
96111,Opp ITE Coll East Adm Blk,Simei Ave,TAMPINES,EAST REGION,363.8,31;118;118B
96119,ITE Coll East Adm Blk,Simei Ave,TAMPINES,EAST REGION,402.9,31;31A;118;118A
96121,Metta Welfare Assn,Simei Rd,TAMPINES,EAST REGION,882.2,9;9A;9B;12;12e;20;38
96129,Melville Pk,Simei Rd,TAMPINES,EAST REGION,852.0,9;12;12e;20;38
96131,Blk 130,Simei St 1,TAMPINES,EAST REGION,1174.0,20;38
96139,Blk 148,Simei St 1,TAMPINES,EAST REGION,1109.4,20;20A;38
96141,Blk 120/Opp Simei Stn,Simei St 1,TAMPINES,EAST REGION,1248.8,20;38
96149,Simei Stn/Blk 247,Simei St 1,TAMPINES,EAST REGION,1223.2,20;20A;38
96151,Blk 106,Simei St 1,TAMPINES,EAST REGION,924.2,20;38
96159,Blk 254,Simei St 1,TAMPINES,EAST REGION,899.8,20;20A;38
96161,Opp Simei Stn,Simei St 3,TAMPINES,EAST REGION,1004.5,5;5A;9;20;38
96169,Simei Stn,Simei St 3,TAMPINES,EAST REGION,1014.2,5;5B;9;9A;9B;20;20A;38
96171,Bet Blks 227/228,Simei St 4,TAMPINES,EAST REGION,1171.4,20;20A;38
96179,Modena Condo/Opp Blk 228,Simei St 4,TAMPINES,EAST REGION,1164.4,20;38
96181,Blk 151,Simei Rd,TAMPINES,EAST REGION,960.8,9;9A;9B;12;12e
96189,Blk 166,Simei Rd,TAMPINES,EAST REGION,955.9,9;12;12e
96191,Blk 224,Simei Rd,TAMPINES,EAST REGION,1123.8,5;5A;12;12e
96199,Opp Blk 224,Simei Rd,TAMPINES,EAST REGION,1093.8,5;5B;12;12e
96201,Simei Green Condo,Simei Rd,TAMPINES,EAST REGION,1100.9,5;5A;12;12e;20;38
96209,Opp Simei Green Condo,Simei Rd,TAMPINES,EAST REGION,1063.9,5;5B;12;12e;20;20A;38
96219,Tanah Merah Ferry Ter,Tanah Merah Ferry Rd,CHANGI,EAST REGION,180.9,35;35M
96221,Opp S'pore Expo,Xilin Ave,TAMPINES,EAST REGION,617.6,35;35M;47;118
96229,S'pore Expo,Xilin Ave,TAMPINES,EAST REGION,639.9,35;35M;47;118
96231,DB Schenker,Xilin Ave,TAMPINES,EAST REGION,770.6,35;35M
96239,CEVA Freight,Xilin Ave,TAMPINES,EAST REGION,850.1,35;35M
96241,Laguna Natl Country Club,Xilin Ave,TAMPINES,EAST REGION,1001.5,35;35M
96249,Builders Ctr,Xilin Ave,TAMPINES,EAST REGION,1019.7,35;35M
96251,Bef Changi General Hosp,Simei St 3,TAMPINES,EAST REGION,712.6,5;5A;9
96259,Aft Changi General Hosp,Simei St 3,TAMPINES,EAST REGION,724.1,5;5B;9;9A
96261,Blk 233,Simei St 3,TAMPINES,EAST REGION,1225.5,5;5A;9
96269,Blk 146,Simei St 3,TAMPINES,EAST REGION,1208.3,5;5B;9;9A;9B
96271,Opp Global Logistics Ctr,Xilin Ave,TAMPINES,EAST REGION,892.7,35;35M
96281,Opp Changi General Hosp,Simei Ave,TAMPINES,EAST REGION,571.9,5;10;17;31;118;118B
96289,Changi General Hosp,Simei Ave,TAMPINES,EAST REGION,609.9,5;10;17;31;31A;118;118A
96291,Blk 223,Simei St 4,TAMPINES,EAST REGION,1183.3,20;20A;38
96299,Opp Blk 222,Simei St 4,TAMPINES,EAST REGION,1194.1,20;38
96301,Expo Stn Exit B,Changi Sth Ave 1,TAMPINES,EAST REGION,1189.5,20;20A;118
96309,Expo Stn Exit E,Changi Sth Ave 1,TAMPINES,EAST REGION,1177.1,20;20A;118
96311,Bef Changi Sth St 2,Changi Sth Ave 1,TAMPINES,EAST REGION,995.7,47;118
96319,Yusen Logistics,Changi Sth Ave 1,TAMPINES,EAST REGION,1031.9,47;118
96321,DBS Asia Hub,Changi Sth Ave 2,TAMPINES,EAST REGION,1166.3,20;20A
96329,DHL,Changi Sth Ave 2,TAMPINES,EAST REGION,1191.7,20;20A
96331,Strides Premier,Changi Sth Ave 2,TAMPINES,EAST REGION,1119.3,20;20A
96341,Aft Sunny Metal & Engrg,Changi Sth Ave 2,TAMPINES,EAST REGION,827.7,20;20A
96351,Bef Changi Sth St 1,Changi Sth Ave 4,TAMPINES,EAST REGION,586.3,20;20A
96361,Aft Akzonobel,Changi Business Pk Ctrl 2,TAMPINES,EAST REGION,723.8,20;20A;47;118
96371,Standard Chartered Bank,Changi Business Pk Ctrl 2,TAMPINES,EAST REGION,905.4,20;20A
96381,Changi City Pt,Changi Sth Ave 2,TAMPINES,EAST REGION,1135.0,20;20A;47
96389,Opp Changi City Pt,Changi Sth Ave 2,TAMPINES,EAST REGION,1132.5,20;20A;47
96391,Aft Changi Biz Pk Cres,Changi Business Pk Vista,TAMPINES,EAST REGION,584.5,20;20A
96401,Honeywell Bldg,Changi Business Pk Ctrl 1,TAMPINES,EAST REGION,734.7,47;118
96411,Opp Eightrium,Changi Sth Ave 1,TAMPINES,EAST REGION,813.7,20
96419,Eightrium,Changi Sth Ave 1,TAMPINES,EAST REGION,803.5,20;20A
96421,Opp Changi Lodge 2,Tanah Merah Coast Rd,CHANGI,EAST REGION,167.4,35
96429,Changi Lodge 2,Tanah Merah Coast Rd,CHANGI,EAST REGION,126.1,35
96431,Opp Changi Naval Base,Tanah Merah Coast Rd,CHANGI,EAST REGION,56.4,35
96439,Changi Naval Base,Tanah Merah Coast Rd,CHANGI BAY,EAST REGION,4.2,35
96441,Opp SUTD,Somapah Rd,TAMPINES,EAST REGION,834.9,20
96449,SUTD,Somapah Rd,TAMPINES,EAST REGION,728.2,20;20A
96461,Bef Aviation Pk Rd,Tanah Merah Coast Rd,CHANGI,EAST REGION,15.5,35
96471,Bef Changi Coast Rd,Aviation Pk Rd,CHANGI,EAST REGION,87.3,35
96479,Aft Changi Coast Rd,Aviation Pk Rd,CHANGI,EAST REGION,91.1,35
97009,Changi Business Pk Ter,Changi Sth Ave 1,TAMPINES,EAST REGION,297.9,47;118
97011,The Japanese Sch,Upp Changi Rd Nth,PASIR RIS,EAST REGION,13.0,2;5;5B;37
97019,Opp Salvation Army,Upp Changi Rd Nth,CHANGI,EAST REGION,13.1,2;2B;5;5A;37
97031,Aft Jln Bena,Upp Changi Rd Nth,PASIR RIS,EAST REGION,14.7,2
97039,Bef Jln Bena,Upp Changi Rd Nth,CHANGI,EAST REGION,12.2,2;2B;4
97041,Ballota Pk Condo,Upp Changi Rd Nth,PASIR RIS,EAST REGION,11.9,2
97049,Changi Prison,Upp Changi Rd Nth,CHANGI,EAST REGION,17.2,2;2B;4
97051,Komo Shoppes,Upp Changi Rd Nth,PASIR RIS,EAST REGION,9.2,2;5
97059,Changi Women's Prison,Upp Changi Rd Nth,CHANGI,EAST REGION,13.4,2;2B;4;5
97061,Changi Baptist Ch,Upp Changi Rd Nth,PASIR RIS,EAST REGION,10.2,2;29
97069,Lloyd Leas Work Rel Camp,Upp Changi Rd Nth,CHANGI,EAST REGION,9.2,2;2B;29
97071,Aft St. John's Cres,Upp Changi Rd Nth,PASIR RIS,EAST REGION,1.8,2;29
97079,Opp St. John's Cres,Upp Changi Rd Nth,CHANGI,EAST REGION,17.0,2;2B;29
97081,Selarang Pk Drug Reh.,Loyang Way,PASIR RIS,EAST REGION,9.7,2;29
97089,Opp Selarang Pk Drug Reh.,Loyang Way,CHANGI,EAST REGION,12.5,2;2B;29
97091,Bef Selarang Way,Loyang Way,PASIR RIS,EAST REGION,10.9,2;29
97099,Aft Loyang Ave,Loyang Way,CHANGI,EAST REGION,11.1,2;2B;29
97101,Bef Jln Mariam,Old Tampines Rd,PASIR RIS,EAST REGION,461.8,29
97109,Aft Jln Mariam,Old Tampines Rd,PASIR RIS,EAST REGION,463.6,29
97111,Bef Toh Cl,Old Tampines Rd,PASIR RIS,EAST REGION,238.7,5;29
97119,Aft Toh Cl,Old Tampines Rd,PASIR RIS,EAST REGION,272.5,5;29
97121,Bef Old Tampines Rd,New Loyang Link,PASIR RIS,EAST REGION,501.1,5
97129,Bef Loyang Ave,New Loyang Link,PASIR RIS,EAST REGION,552.8,5
97141,Aft Upp Changi Rd Nth,Changi Nth St 1,CHANGI,EAST REGION,158.4,4;37
97149,Aft VICOM,Changi Nth St 1,CHANGI,EAST REGION,212.8,37
97151,Aft Changi Nth St 2,Changi Nth Cres,CHANGI,EAST REGION,154.0,37
97159,Bef VICOM,Changi Nth Cres,CHANGI,EAST REGION,259.6,37
97161,Edwards Lifesciences,Changi Nth Cres,CHANGI,EAST REGION,60.2,37
97169,Opp Edwards Lifesciences,Changi Nth Cres,CHANGI,EAST REGION,47.8,37
97171,Opp SATS Catering,Changi Nth Cres,CHANGI,EAST REGION,195.3,37
97179,SATS Catering,Changi Nth Cres,CHANGI,EAST REGION,160.6,37
97181,Seamap,Changi Nth Cres,CHANGI,EAST REGION,535.9,37
97189,SATS Maintenance Ctr 2,Changi Nth Cres,CHANGI,EAST REGION,404.0,37
97201,Opp Changi Chapel Museum,Upp Changi Rd Nth,PASIR RIS,EAST REGION,9.1,2;29
97209,Changi Chapel Museum,Upp Changi Rd Nth,CHANGI,EAST REGION,10.2,2;2B;29
97301,Aft Changi Nth St 1,Changi Nth Way,CHANGI,EAST REGION,302.4,4
97311,Zuellig Pharma,Changi Nth Way,CHANGI,EAST REGION,527.6,4
97321,Aft Compass Green,Tanah Merah Besar Rd,CHANGI,EAST REGION,242.3,4
97331,Bef Changi Prison Cplx,Changi Nth Way,CHANGI,EAST REGION,665.9,4
98011,Blk 149A,Loyang Ave,PASIR RIS,EAST REGION,288.3,3;3A;9;9A;9B;12;12e;17;19;21;39;53;59;81;518;661
98019,Opp Blk 149A,Loyang Ave,PASIR RIS,EAST REGION,333.6,3;9;12;12e;17;19;21;39;53;53A;59;81;518;518A;661
98021,Blk 275,Loyang Ave,PASIR RIS,EAST REGION,677.3,9;9B;19;59;359
98029,Opp Blk 275,Loyang Ave,PASIR RIS,EAST REGION,660.2,9;19;59
98041,Opp Loyang Valley,Loyang Ave,PASIR RIS,EAST REGION,759.9,6;9;9B;19;59;89;89A;109
98049,Loyang Valley,Loyang Ave,PASIR RIS,EAST REGION,727.4,6;9;19;59;89;109
98061,Opp Engine Test Facility,Loyang Ave,PASIR RIS,EAST REGION,10.2,2;9;9B;19;29;59;89;89A;89e;109
98069,Aft Engine Test Facility,Loyang Ave,CHANGI,EAST REGION,22.7,2;2B;9;19;29;59;89;89e;109
98071,Loyang Way 4/Soxal,Loyang Ave,CHANGI,EAST REGION,23.3,2;9;9B;19;29;59;89;89A;109
98079,Opp Loyang Way 4/Soxal,Loyang Ave,CHANGI,EAST REGION,5.6,2;2B;9;19;29;59;89;109
98081,Aft Jln Batalong,Old Tampines Rd,PASIR RIS,EAST REGION,416.7,29
98089,Bef Jln Batalong,Old Tampines Rd,PASIR RIS,EAST REGION,364.6,29
98091,Blk 156,Pasir Ris Dr 1,PASIR RIS,EAST REGION,457.9,3;3A;12;12e;17;21;39;53;81;518;661
98099,Blk 269A,Pasir Ris Dr 1,PASIR RIS,EAST REGION,489.0,3;12;12e;17;21;39;53;53A;81;359;518;518A;661
98101,Loyang Pt,Pasir Ris Dr 3,PASIR RIS,EAST REGION,846.6,5;6;89;109;359
98109,Opp Loyang Pt,Pasir Ris Dr 3,PASIR RIS,EAST REGION,874.9,5;6;89;89A;109
98111,Blk 256/Opp Loyang Pt,Pasir Ris Dr 2,PASIR RIS,EAST REGION,781.3,109
98119,Loyang Pt/Opp Blk 256,Pasir Ris Dr 2,PASIR RIS,EAST REGION,776.3,109;359
98121,Krislite Bldg,Loyang Way,PASIR RIS,EAST REGION,560.4,6;9;9B;19;59;89;89A;89e;109
98129,Opp Krislite Bldg,Loyang Way,PASIR RIS,EAST REGION,536.1,6;9;19;59;89;89e;109
98131,Bef Loyang Way 1,Loyang Way,PASIR RIS,EAST REGION,289.3,6;9;9B;19;59;89;89A;89e;109
98139,Aft Loyang Way 1,Loyang Way,PASIR RIS,EAST REGION,278.2,6;9;19;59;89;89e;109
98141,GE Aircraft Engines,Loyang Way,PASIR RIS,EAST REGION,211.3,6
98149,Wacker Chemicals,Loyang Way,PASIR RIS,EAST REGION,187.4,6
98151,Opp Loyang Way 4,Loyang Way,PASIR RIS,EAST REGION,203.8,6
98161,Composite Tech,Loyang Way,PASIR RIS,EAST REGION,204.5,6
98171,Opp SIA Supplies Ctr,Loyang Way,PASIR RIS,EAST REGION,205.4,6
98181,Opp Loyang Way 6,Loyang Way,PASIR RIS,EAST REGION,200.5,6
98199,Aft Loyang Way,Loyang Cres,PASIR RIS,EAST REGION,182.3,6
98209,Encompass Digital Media,Loyang Cres,PASIR RIS,EAST REGION,428.8,6
98219,Pratt & Whitney Canada,Loyang Cres,PASIR RIS,EAST REGION,429.6,6
98229,Honey Well,Loyang Cres,PASIR RIS,EAST REGION,319.4,6
98281,Estella Gdns,Flora Rd,PASIR RIS,EAST REGION,360.2,4;5;5B
98289,Opp Estella Gdns,Flora Rd,PASIR RIS,EAST REGION,411.4,4;5;5A
98291,Opp Palm Isles,Flora Dr,PASIR RIS,EAST REGION,249.3,5;5A
98299,Parc Olympia,Flora Dr,PASIR RIS,EAST REGION,252.9,5;5B
98301,Avila Gdns,Flora Rd,PASIR RIS,EAST REGION,300.0,4
98309,Carissa Pk,Flora Rd,PASIR RIS,EAST REGION,298.9,4
98311,Bef Mariam Wk,Mariam Way,PASIR RIS,EAST REGION,135.9,4;5;5B
98319,Aft Ballota Pk,Flora Rd,PASIR RIS,EAST REGION,156.1,4;5;5A
99009,Changi Village Ter,Changi Village Rd,CHANGI,EAST REGION,374.3,2;2B;29;59;109
99011,Bef Hendon Camp,Loyang Ave,CHANGI,EAST REGION,194.2,2;9;9B;19;29;59;89;89A;109
99019,Aft Hendon Camp,Loyang Ave,CHANGI,EAST REGION,249.3,2;2B;9;19;29;59;89;109
99021,Bef Cranwell Rd,Loyang Ave,CHANGI,EAST REGION,481.2,2;9;9B;19;29;59;89;89A;109
99029,Aft Cranwell Rd,Loyang Ave,CHANGI,EAST REGION,520.6,2;2B;9;19;29;59;89;109
99031,Opp Maranatha B-P Ch,Loyang Ave,CHANGI,EAST REGION,549.1,2;9;9B;19;59;89;89A;109
99039,St. George Chapel,Loyang Ave,CHANGI,EAST REGION,581.3,2;2B;9;19;59;89;109
99041,Aft Changi Golf Course,Loyang Ave,CHANGI,EAST REGION,612.7,2;9;9B;19;59;89;89A;109
99049,Changi Golf Course,Loyang Ave,CHANGI,EAST REGION,645.8,2;2B;9;19;59;89;109
99071,Aft Old Pier Rd,Cranwell Rd,CHANGI,EAST REGION,454.9,29
99079,Opp Old Pier Rd,Cranwell Rd,CHANGI,EAST REGION,529.6,29
99081,Aft Cranwell Rd,Netheravon Rd,CHANGI,EAST REGION,353.9,29
99089,Bef Cranwell Rd,Netheravon Rd,CHANGI,EAST REGION,383.0,29
99091,Bef Turnhouse Rd,Netheravon Rd,CHANGI,EAST REGION,182.5,29
99099,Aft Turnhouse Rd,Netheravon Rd,CHANGI,EAST REGION,199.3,29
99101,Govt Chalets,Netheravon Rd,CHANGI,EAST REGION,186.5,29
99109,Opp Govt Chalets,Netheravon Rd,CHANGI,EAST REGION,210.2,29
99111,Changi Golf Club,Netheravon Rd,CHANGI,EAST REGION,156.3,29
99119,Opp Changi Golf Club,Netheravon Rd,CHANGI,EAST REGION,180.6,29
99129,Village Hotel Changi,Changi Village Rd,CHANGI,EAST REGION,354.6,29
99131,Blk 4,Changi Village Rd,CHANGI,EAST REGION,464.1,2;2B;59;109
99139,Blk 5,Changi Village Rd,CHANGI,EAST REGION,545.5,2;59;109
99161,Aft Changi Beach CP 3,Nicoll Dr,CHANGI,EAST REGION,143.0,9;9B;19;89;89A
99171,Changi Beach CP 2,Nicoll Dr,CHANGI,EAST REGION,109.5,9;9B;19;89;89A
99181,Bef S'pore Aviation Ac,Telok Paku Rd,CHANGI,EAST REGION,544.4,9;9B;19;89;89A;89e
99189,S'pore Aviation Ac,Telok Paku Rd,CHANGI,EAST REGION,435.2,9;19;89;89e
